[0.105s] [34mcolcon[0m [1;30mDEBUG[0m [32mCommand line arguments: ['/home/radhae/ws_aic/src/aic/.pixi/envs/default/bin/colcon', 'build'][0m
[0.105s] [34mcolcon[0m [1;30mDEBUG[0m [32mParsed command line arguments: Namespace(log_base=None, log_level=None, verb_name='build', build_base='build', install_base='install', merge_install=False, symlink_install=False, test_result_base=None, continue_on_error=False, executor='parallel', parallel_workers=12, event_handlers=None, ignore_user_meta=False, metas=['./colcon.meta'], base_paths=['.'], packages_ignore=None, packages_ignore_regex=None, paths=None, packages_up_to=None, packages_up_to_regex=None, packages_above=None, packages_above_and_dependencies=None, packages_above_depth=None, packages_select_by_dep=None, packages_skip_by_dep=None, packages_skip_up_to=None, packages_select_build_failed=False, packages_skip_build_finished=False, packages_select_test_failures=False, packages_skip_test_passed=False, packages_select=None, packages_skip=None, packages_select_regex=None, packages_skip_regex=None, packages_start=None, packages_end=None, cmake_args=None, cmake_target=None, cmake_target_skip_unavailable=False, cmake_clean_cache=False, cmake_clean_first=False, cmake_force_configure=False, ament_cmake_args=None, catkin_cmake_args=None, catkin_skip_building_tests=False, verb_parser=<colcon_defaults.argument_parser.defaults.DefaultArgumentsDecorator object at 0x7cc0d673b050>, verb_extension=<colcon_core.verb.build.BuildVerb object at 0x7cc0d673aff0>, main=<bound method BuildVerb.main of <colcon_core.verb.build.BuildVerb object at 0x7cc0d673aff0>>)[0m
[0.134s] [34mcolcon.colcon_core.package_discovery[0m [1;30mLevel 1[0m discover_packages(colcon_meta) check parameters
[0.134s] [34mcolcon.colcon_core.package_discovery[0m [1;30mLevel 1[0m discover_packages(recursive) check parameters
[0.134s] [34mcolcon.colcon_core.package_discovery[0m [1;30mLevel 1[0m discover_packages(ignore) check parameters
[0.134s] [34mcolcon.colcon_core.package_discovery[0m [1;30mLevel 1[0m discover_packages(path) check parameters
[0.134s] [34mcolcon.colcon_core.package_discovery[0m [1;30mLevel 1[0m discover_packages(colcon_meta) discover
[0.134s] [34mcolcon.colcon_core.package_discovery[0m [1;30mLevel 1[0m discover_packages(recursive) discover
[0.134s] [34mcolcon.colcon_core.package_discovery[0m [1;30mINFO[0m Crawling recursively for packages in '/home/radhae/ws_aic'
[0.134s] [34mcolcon.colcon_core.package_identification[0m [1;30mLevel 1[0m _identify(.) by extensions ['ignore', 'ignore_ament_install']
[0.134s] [34mcolcon.colcon_core.package_identification[0m [1;30mLevel 1[0m _identify(.) by extension 'ignore'
[0.134s] [34mcolcon.colcon_core.package_identification[0m [1;30mLevel 1[0m _identify(.) by extension 'ignore_ament_install'
[0.135s] [34mcolcon.colcon_core.package_identification[0m [1;30mLevel 1[0m _identify(.) by extensions ['colcon_pkg']
[0.135s] [34mcolcon.colcon_core.package_identification[0m [1;30mLevel 1[0m _identify(.) by extension 'colcon_pkg'
[0.135s] [34mcolcon.colcon_core.package_identification[0m [1;30mLevel 1[0m _identify(.) by extensions ['colcon_meta']
[0.135s] [34mcolcon.colcon_core.package_identification[0m [1;30mLevel 1[0m _identify(.) by extension 'colcon_meta'
[0.135s] [34mcolcon.colcon_core.package_identification[0m [1;30mLevel 1[0m _identify(.) by extensions ['ros']
[0.135s] [34mcolcon.colcon_core.package_identification[0m [1;30mLevel 1[0m _identify(.) by extension 'ros'
[0.154s] [34mcolcon.colcon_core.package_identification[0m [1;30mLevel 1[0m _identify(.) by extensions ['cmake', 'python']
[0.154s] [34mcolcon.colcon_core.package_identification[0m [1;30mLevel 1[0m _identify(.) by extension 'cmake'
[0.154s] [34mcolcon.colcon_core.package_identification[0m [1;30mLevel 1[0m _identify(.) by extension 'python'
[0.154s] [34mcolcon.colcon_core.package_identification[0m [1;30mLevel 1[0m _identify(.) by extensions ['python_setup_py']
[0.154s] [34mcolcon.colcon_core.package_identification[0m [1;30mLevel 1[0m _identify(.) by extension 'python_setup_py'
[0.154s] [34mcolcon.colcon_core.package_identification[0m [1;30mLevel 1[0m _identify(build) by extensions ['ignore', 'ignore_ament_install']
[0.154s] [34mcolcon.colcon_core.package_identification[0m [1;30mLevel 1[0m _identify(build) by extension 'ignore'
[0.154s] [34mcolcon.colcon_core.package_identification[0m [1;30mLevel 1[0m _identify(build) ignored
[0.154s] [34mcolcon.colcon_core.package_identification[0m [1;30mLevel 1[0m _identify(install) by extensions ['ignore', 'ignore_ament_install']
[0.154s] [34mcolcon.colcon_core.package_identification[0m [1;30mLevel 1[0m _identify(install) by extension 'ignore'
[0.154s] [34mcolcon.colcon_core.package_identification[0m [1;30mLevel 1[0m _identify(install) ignored
[0.154s] [34mcolcon.colcon_core.package_identification[0m [1;30mLevel 1[0m _identify(log) by extensions ['ignore', 'ignore_ament_install']
[0.154s] [34mcolcon.colcon_core.package_identification[0m [1;30mLevel 1[0m _identify(log) by extension 'ignore'
[0.154s] [34mcolcon.colcon_core.package_identification[0m [1;30mLevel 1[0m _identify(log) ignored
[0.154s] [34mcolcon.colcon_core.package_identification[0m [1;30mLevel 1[0m _identify(src) by extensions ['ignore', 'ignore_ament_install']
[0.154s] [34mcolcon.colcon_core.package_identification[0m [1;30mLevel 1[0m _identify(src) by extension 'ignore'
[0.154s] [34mcolcon.colcon_core.package_identification[0m [1;30mLevel 1[0m _identify(src) by extension 'ignore_ament_install'
[0.154s] [34mcolcon.colcon_core.package_identification[0m [1;30mLevel 1[0m _identify(src) by extensions ['colcon_pkg']
[0.154s] [34mcolcon.colcon_core.package_identification[0m [1;30mLevel 1[0m _identify(src) by extension 'colcon_pkg'
[0.154s] [34mcolcon.colcon_core.package_identification[0m [1;30mLevel 1[0m _identify(src) by extensions ['colcon_meta']
[0.154s] [34mcolcon.colcon_core.package_identification[0m [1;30mLevel 1[0m _identify(src) by extension 'colcon_meta'
[0.154s] [34mcolcon.colcon_core.package_identification[0m [1;30mLevel 1[0m _identify(src) by extensions ['ros']
[0.154s] [34mcolcon.colcon_core.package_identification[0m [1;30mLevel 1[0m _identify(src) by extension 'ros'
[0.155s] [34mcolcon.colcon_core.package_identification[0m [1;30mLevel 1[0m _identify(src) by extensions ['cmake', 'python']
[0.155s] [34mcolcon.colcon_core.package_identification[0m [1;30mLevel 1[0m _identify(src) by extension 'cmake'
[0.155s] [34mcolcon.colcon_core.package_identification[0m [1;30mLevel 1[0m _identify(src) by extension 'python'
[0.155s] [34mcolcon.colcon_core.package_identification[0m [1;30mLevel 1[0m _identify(src) by extensions ['python_setup_py']
[0.155s] [34mcolcon.colcon_core.package_identification[0m [1;30mLevel 1[0m _identify(src) by extension 'python_setup_py'
[0.155s] [34mcolcon.colcon_core.package_identification[0m [1;30mLevel 1[0m _identify(src/aic) by extensions ['ignore', 'ignore_ament_install']
[0.155s] [34mcolcon.colcon_core.package_identification[0m [1;30mLevel 1[0m _identify(src/aic) by extension 'ignore'
[0.155s] [34mcolcon.colcon_core.package_identification[0m [1;30mLevel 1[0m _identify(src/aic) by extension 'ignore_ament_install'
[0.155s] [34mcolcon.colcon_core.package_identification[0m [1;30mLevel 1[0m _identify(src/aic) by extensions ['colcon_pkg']
[0.155s] [34mcolcon.colcon_core.package_identification[0m [1;30mLevel 1[0m _identify(src/aic) by extension 'colcon_pkg'
[0.155s] [34mcolcon.colcon_core.package_identification[0m [1;30mLevel 1[0m _identify(src/aic) by extensions ['colcon_meta']
[0.155s] [34mcolcon.colcon_core.package_identification[0m [1;30mLevel 1[0m _identify(src/aic) by extension 'colcon_meta'
[0.155s] [34mcolcon.colcon_core.package_identification[0m [1;30mLevel 1[0m _identify(src/aic) by extensions ['ros']
[0.155s] [34mcolcon.colcon_core.package_identification[0m [1;30mLevel 1[0m _identify(src/aic) by extension 'ros'
[0.155s] [34mcolcon.colcon_core.package_identification[0m [1;30mLevel 1[0m _identify(src/aic) by extensions ['cmake', 'python']
[0.155s] [34mcolcon.colcon_core.package_identification[0m [1;30mLevel 1[0m _identify(src/aic) by extension 'cmake'
[0.155s] [34mcolcon.colcon_core.package_identification[0m [1;30mLevel 1[0m _identify(src/aic) by extension 'python'
[0.155s] [34mcolcon.colcon_core.package_identification[0m [1;30mLevel 1[0m _identify(src/aic) by extensions ['python_setup_py']
[0.155s] [34mcolcon.colcon_core.package_identification[0m [1;30mLevel 1[0m _identify(src/aic) by extension 'python_setup_py'
[0.155s] [34mcolcon.colcon_core.package_identification[0m [1;30mLevel 1[0m _identify(src/aic/aic_adapter) by extensions ['ignore', 'ignore_ament_install']
[0.155s] [34mcolcon.colcon_core.package_identification[0m [1;30mLevel 1[0m _identify(src/aic/aic_adapter) by extension 'ignore'
[0.155s] [34mcolcon.colcon_core.package_identification[0m [1;30mLevel 1[0m _identify(src/aic/aic_adapter) by extension 'ignore_ament_install'
[0.155s] [34mcolcon.colcon_core.package_identification[0m [1;30mLevel 1[0m _identify(src/aic/aic_adapter) by extensions ['colcon_pkg']
[0.155s] [34mcolcon.colcon_core.package_identification[0m [1;30mLevel 1[0m _identify(src/aic/aic_adapter) by extension 'colcon_pkg'
[0.155s] [34mcolcon.colcon_core.package_identification[0m [1;30mLevel 1[0m _identify(src/aic/aic_adapter) by extensions ['colcon_meta']
[0.155s] [34mcolcon.colcon_core.package_identification[0m [1;30mLevel 1[0m _identify(src/aic/aic_adapter) by extension 'colcon_meta'
[0.155s] [34mcolcon.colcon_core.package_identification[0m [1;30mLevel 1[0m _identify(src/aic/aic_adapter) by extensions ['ros']
[0.155s] [34mcolcon.colcon_core.package_identification[0m [1;30mLevel 1[0m _identify(src/aic/aic_adapter) by extension 'ros'
[0.157s] [34mcolcon.colcon_core.package_identification[0m [1;30mDEBUG[0m [32mPackage 'src/aic/aic_adapter' with type 'ros.ament_cmake' and name 'aic_adapter'[0m
[0.157s] [34mcolcon.colcon_core.package_identification[0m [1;30mLevel 1[0m _identify(src/aic/aic_assets) by extensions ['ignore', 'ignore_ament_install']
[0.157s] [34mcolcon.colcon_core.package_identification[0m [1;30mLevel 1[0m _identify(src/aic/aic_assets) by extension 'ignore'
[0.157s] [34mcolcon.colcon_core.package_identification[0m [1;30mLevel 1[0m _identify(src/aic/aic_assets) by extension 'ignore_ament_install'
[0.157s] [34mcolcon.colcon_core.package_identification[0m [1;30mLevel 1[0m _identify(src/aic/aic_assets) by extensions ['colcon_pkg']
[0.157s] [34mcolcon.colcon_core.package_identification[0m [1;30mLevel 1[0m _identify(src/aic/aic_assets) by extension 'colcon_pkg'
[0.157s] [34mcolcon.colcon_core.package_identification[0m [1;30mLevel 1[0m _identify(src/aic/aic_assets) by extensions ['colcon_meta']
[0.157s] [34mcolcon.colcon_core.package_identification[0m [1;30mLevel 1[0m _identify(src/aic/aic_assets) by extension 'colcon_meta'
[0.157s] [34mcolcon.colcon_core.package_identification[0m [1;30mLevel 1[0m _identify(src/aic/aic_assets) by extensions ['ros']
[0.157s] [34mcolcon.colcon_core.package_identification[0m [1;30mLevel 1[0m _identify(src/aic/aic_assets) by extension 'ros'
[0.157s] [34mcolcon.colcon_core.package_identification[0m [1;30mDEBUG[0m [32mPackage 'src/aic/aic_assets' with type 'ros.ament_cmake' and name 'aic_assets'[0m
[0.157s] [34mcolcon.colcon_core.package_identification[0m [1;30mLevel 1[0m _identify(src/aic/aic_bringup) by extensions ['ignore', 'ignore_ament_install']
[0.157s] [34mcolcon.colcon_core.package_identification[0m [1;30mLevel 1[0m _identify(src/aic/aic_bringup) by extension 'ignore'
[0.157s] [34mcolcon.colcon_core.package_identification[0m [1;30mLevel 1[0m _identify(src/aic/aic_bringup) by extension 'ignore_ament_install'
[0.157s] [34mcolcon.colcon_core.package_identification[0m [1;30mLevel 1[0m _identify(src/aic/aic_bringup) by extensions ['colcon_pkg']
[0.157s] [34mcolcon.colcon_core.package_identification[0m [1;30mLevel 1[0m _identify(src/aic/aic_bringup) by extension 'colcon_pkg'
[0.157s] [34mcolcon.colcon_core.package_identification[0m [1;30mLevel 1[0m _identify(src/aic/aic_bringup) by extensions ['colcon_meta']
[0.157s] [34mcolcon.colcon_core.package_identification[0m [1;30mLevel 1[0m _identify(src/aic/aic_bringup) by extension 'colcon_meta'
[0.157s] [34mcolcon.colcon_core.package_identification[0m [1;30mLevel 1[0m _identify(src/aic/aic_bringup) by extensions ['ros']
[0.157s] [34mcolcon.colcon_core.package_identification[0m [1;30mLevel 1[0m _identify(src/aic/aic_bringup) by extension 'ros'
[0.158s] [34mcolcon.colcon_core.package_identification[0m [1;30mDEBUG[0m [32mPackage 'src/aic/aic_bringup' with type 'ros.ament_cmake' and name 'aic_bringup'[0m
[0.158s] [34mcolcon.colcon_core.package_identification[0m [1;30mLevel 1[0m _identify(src/aic/aic_controller) by extensions ['ignore', 'ignore_ament_install']
[0.158s] [34mcolcon.colcon_core.package_identification[0m [1;30mLevel 1[0m _identify(src/aic/aic_controller) by extension 'ignore'
[0.158s] [34mcolcon.colcon_core.package_identification[0m [1;30mLevel 1[0m _identify(src/aic/aic_controller) by extension 'ignore_ament_install'
[0.158s] [34mcolcon.colcon_core.package_identification[0m [1;30mLevel 1[0m _identify(src/aic/aic_controller) by extensions ['colcon_pkg']
[0.158s] [34mcolcon.colcon_core.package_identification[0m [1;30mLevel 1[0m _identify(src/aic/aic_controller) by extension 'colcon_pkg'
[0.158s] [34mcolcon.colcon_core.package_identification[0m [1;30mLevel 1[0m _identify(src/aic/aic_controller) by extensions ['colcon_meta']
[0.158s] [34mcolcon.colcon_core.package_identification[0m [1;30mLevel 1[0m _identify(src/aic/aic_controller) by extension 'colcon_meta'
[0.158s] [34mcolcon.colcon_core.package_identification[0m [1;30mLevel 1[0m _identify(src/aic/aic_controller) by extensions ['ros']
[0.158s] [34mcolcon.colcon_core.package_identification[0m [1;30mLevel 1[0m _identify(src/aic/aic_controller) by extension 'ros'
[0.159s] [34mcolcon.colcon_core.package_identification[0m [1;30mDEBUG[0m [32mPackage 'src/aic/aic_controller' with type 'ros.ament_cmake' and name 'aic_controller'[0m
[0.159s] [34mcolcon.colcon_core.package_identification[0m [1;30mLevel 1[0m _identify(src/aic/aic_description) by extensions ['ignore', 'ignore_ament_install']
[0.159s] [34mcolcon.colcon_core.package_identification[0m [1;30mLevel 1[0m _identify(src/aic/aic_description) by extension 'ignore'
[0.159s] [34mcolcon.colcon_core.package_identification[0m [1;30mLevel 1[0m _identify(src/aic/aic_description) by extension 'ignore_ament_install'
[0.159s] [34mcolcon.colcon_core.package_identification[0m [1;30mLevel 1[0m _identify(src/aic/aic_description) by extensions ['colcon_pkg']
[0.159s] [34mcolcon.colcon_core.package_identification[0m [1;30mLevel 1[0m _identify(src/aic/aic_description) by extension 'colcon_pkg'
[0.159s] [34mcolcon.colcon_core.package_identification[0m [1;30mLevel 1[0m _identify(src/aic/aic_description) by extensions ['colcon_meta']
[0.159s] [34mcolcon.colcon_core.package_identification[0m [1;30mLevel 1[0m _identify(src/aic/aic_description) by extension 'colcon_meta'
[0.159s] [34mcolcon.colcon_core.package_identification[0m [1;30mLevel 1[0m _identify(src/aic/aic_description) by extensions ['ros']
[0.159s] [34mcolcon.colcon_core.package_identification[0m [1;30mLevel 1[0m _identify(src/aic/aic_description) by extension 'ros'
[0.159s] [34mcolcon.colcon_core.package_identification[0m [1;30mDEBUG[0m [32mPackage 'src/aic/aic_description' with type 'ros.ament_cmake' and name 'aic_description'[0m
[0.159s] [34mcolcon.colcon_core.package_identification[0m [1;30mLevel 1[0m _identify(src/aic/aic_engine) by extensions ['ignore', 'ignore_ament_install']
[0.159s] [34mcolcon.colcon_core.package_identification[0m [1;30mLevel 1[0m _identify(src/aic/aic_engine) by extension 'ignore'
[0.159s] [34mcolcon.colcon_core.package_identification[0m [1;30mLevel 1[0m _identify(src/aic/aic_engine) by extension 'ignore_ament_install'
[0.159s] [34mcolcon.colcon_core.package_identification[0m [1;30mLevel 1[0m _identify(src/aic/aic_engine) by extensions ['colcon_pkg']
[0.160s] [34mcolcon.colcon_core.package_identification[0m [1;30mLevel 1[0m _identify(src/aic/aic_engine) by extension 'colcon_pkg'
[0.160s] [34mcolcon.colcon_core.package_identification[0m [1;30mLevel 1[0m _identify(src/aic/aic_engine) by extensions ['colcon_meta']
[0.160s] [34mcolcon.colcon_core.package_identification[0m [1;30mLevel 1[0m _identify(src/aic/aic_engine) by extension 'colcon_meta'
[0.160s] [34mcolcon.colcon_core.package_identification[0m [1;30mLevel 1[0m _identify(src/aic/aic_engine) by extensions ['ros']
[0.160s] [34mcolcon.colcon_core.package_identification[0m [1;30mLevel 1[0m _identify(src/aic/aic_engine) by extension 'ros'
[0.160s] [34mcolcon.colcon_core.package_identification[0m [1;30mDEBUG[0m [32mPackage 'src/aic/aic_engine' with type 'ros.ament_cmake' and name 'aic_engine'[0m
[0.161s] [34mcolcon.colcon_core.package_identification[0m [1;30mLevel 1[0m _identify(src/aic/aic_example_policies) by extensions ['ignore', 'ignore_ament_install']
[0.161s] [34mcolcon.colcon_core.package_identification[0m [1;30mLevel 1[0m _identify(src/aic/aic_example_policies) by extension 'ignore'
[0.161s] [34mcolcon.colcon_core.package_identification[0m [1;30mLevel 1[0m _identify(src/aic/aic_example_policies) by extension 'ignore_ament_install'
[0.161s] [34mcolcon.colcon_core.package_identification[0m [1;30mLevel 1[0m _identify(src/aic/aic_example_policies) by extensions ['colcon_pkg']
[0.161s] [34mcolcon.colcon_core.package_identification[0m [1;30mLevel 1[0m _identify(src/aic/aic_example_policies) by extension 'colcon_pkg'
[0.161s] [34mcolcon.colcon_core.package_identification[0m [1;30mLevel 1[0m _identify(src/aic/aic_example_policies) by extensions ['colcon_meta']
[0.161s] [34mcolcon.colcon_core.package_identification[0m [1;30mLevel 1[0m _identify(src/aic/aic_example_policies) by extension 'colcon_meta'
[0.161s] [34mcolcon.colcon_core.package_identification[0m [1;30mLevel 1[0m _identify(src/aic/aic_example_policies) by extensions ['ros']
[0.161s] [34mcolcon.colcon_core.package_identification[0m [1;30mLevel 1[0m _identify(src/aic/aic_example_policies) by extension 'ros'
[0.161s] [34mcolcon.colcon_core.package_identification[0m [1;30mDEBUG[0m [32mPackage 'src/aic/aic_example_policies' with type 'ros.ament_python' and name 'aic_example_policies'[0m
[0.161s] [34mcolcon.colcon_core.package_identification[0m [1;30mLevel 1[0m _identify(src/aic/aic_gazebo) by extensions ['ignore', 'ignore_ament_install']
[0.161s] [34mcolcon.colcon_core.package_identification[0m [1;30mLevel 1[0m _identify(src/aic/aic_gazebo) by extension 'ignore'
[0.161s] [34mcolcon.colcon_core.package_identification[0m [1;30mLevel 1[0m _identify(src/aic/aic_gazebo) by extension 'ignore_ament_install'
[0.161s] [34mcolcon.colcon_core.package_identification[0m [1;30mLevel 1[0m _identify(src/aic/aic_gazebo) by extensions ['colcon_pkg']
[0.161s] [34mcolcon.colcon_core.package_identification[0m [1;30mLevel 1[0m _identify(src/aic/aic_gazebo) by extension 'colcon_pkg'
[0.162s] [34mcolcon.colcon_core.package_identification[0m [1;30mLevel 1[0m _identify(src/aic/aic_gazebo) by extensions ['colcon_meta']
[0.162s] [34mcolcon.colcon_core.package_identification[0m [1;30mLevel 1[0m _identify(src/aic/aic_gazebo) by extension 'colcon_meta'
[0.162s] [34mcolcon.colcon_core.package_identification[0m [1;30mLevel 1[0m _identify(src/aic/aic_gazebo) by extensions ['ros']
[0.162s] [34mcolcon.colcon_core.package_identification[0m [1;30mLevel 1[0m _identify(src/aic/aic_gazebo) by extension 'ros'
[0.162s] [34mcolcon.colcon_core.package_identification[0m [1;30mDEBUG[0m [32mPackage 'src/aic/aic_gazebo' with type 'ros.ament_cmake' and name 'aic_gazebo'[0m
[0.162s] [34mcolcon.colcon_core.package_identification[0m [1;30mLevel 1[0m _identify(src/aic/aic_interfaces) by extensions ['ignore', 'ignore_ament_install']
[0.162s] [34mcolcon.colcon_core.package_identification[0m [1;30mLevel 1[0m _identify(src/aic/aic_interfaces) by extension 'ignore'
[0.162s] [34mcolcon.colcon_core.package_identification[0m [1;30mLevel 1[0m _identify(src/aic/aic_interfaces) by extension 'ignore_ament_install'
[0.162s] [34mcolcon.colcon_core.package_identification[0m [1;30mLevel 1[0m _identify(src/aic/aic_interfaces) by extensions ['colcon_pkg']
[0.162s] [34mcolcon.colcon_core.package_identification[0m [1;30mLevel 1[0m _identify(src/aic/aic_interfaces) by extension 'colcon_pkg'
[0.162s] [34mcolcon.colcon_core.package_identification[0m [1;30mLevel 1[0m _identify(src/aic/aic_interfaces) by extensions ['colcon_meta']
[0.162s] [34mcolcon.colcon_core.package_identification[0m [1;30mLevel 1[0m _identify(src/aic/aic_interfaces) by extension 'colcon_meta'
[0.162s] [34mcolcon.colcon_core.package_identification[0m [1;30mLevel 1[0m _identify(src/aic/aic_interfaces) by extensions ['ros']
[0.162s] [34mcolcon.colcon_core.package_identification[0m [1;30mLevel 1[0m _identify(src/aic/aic_interfaces) by extension 'ros'
[0.162s] [34mcolcon.colcon_core.package_identification[0m [1;30mLevel 1[0m _identify(src/aic/aic_interfaces) by extensions ['cmake', 'python']
[0.162s] [34mcolcon.colcon_core.package_identification[0m [1;30mLevel 1[0m _identify(src/aic/aic_interfaces) by extension 'cmake'
[0.162s] [34mcolcon.colcon_core.package_identification[0m [1;30mLevel 1[0m _identify(src/aic/aic_interfaces) by extension 'python'
[0.162s] [34mcolcon.colcon_core.package_identification[0m [1;30mLevel 1[0m _identify(src/aic/aic_interfaces) by extensions ['python_setup_py']
[0.162s] [34mcolcon.colcon_core.package_identification[0m [1;30mLevel 1[0m _identify(src/aic/aic_interfaces) by extension 'python_setup_py'
[0.162s] [34mcolcon.colcon_core.package_identification[0m [1;30mLevel 1[0m _identify(src/aic/aic_interfaces/aic_control_interfaces) by extensions ['ignore', 'ignore_ament_install']
[0.162s] [34mcolcon.colcon_core.package_identification[0m [1;30mLevel 1[0m _identify(src/aic/aic_interfaces/aic_control_interfaces) by extension 'ignore'
[0.162s] [34mcolcon.colcon_core.package_identification[0m [1;30mLevel 1[0m _identify(src/aic/aic_interfaces/aic_control_interfaces) by extension 'ignore_ament_install'
[0.162s] [34mcolcon.colcon_core.package_identification[0m [1;30mLevel 1[0m _identify(src/aic/aic_interfaces/aic_control_interfaces) by extensions ['colcon_pkg']
[0.162s] [34mcolcon.colcon_core.package_identification[0m [1;30mLevel 1[0m _identify(src/aic/aic_interfaces/aic_control_interfaces) by extension 'colcon_pkg'
[0.162s] [34mcolcon.colcon_core.package_identification[0m [1;30mLevel 1[0m _identify(src/aic/aic_interfaces/aic_control_interfaces) by extensions ['colcon_meta']
[0.162s] [34mcolcon.colcon_core.package_identification[0m [1;30mLevel 1[0m _identify(src/aic/aic_interfaces/aic_control_interfaces) by extension 'colcon_meta'
[0.162s] [34mcolcon.colcon_core.package_identification[0m [1;30mLevel 1[0m _identify(src/aic/aic_interfaces/aic_control_interfaces) by extensions ['ros']
[0.162s] [34mcolcon.colcon_core.package_identification[0m [1;30mLevel 1[0m _identify(src/aic/aic_interfaces/aic_control_interfaces) by extension 'ros'
[0.163s] [34mcolcon.colcon_core.package_identification[0m [1;30mDEBUG[0m [32mPackage 'src/aic/aic_interfaces/aic_control_interfaces' with type 'ros.ament_cmake' and name 'aic_control_interfaces'[0m
[0.163s] [34mcolcon.colcon_core.package_identification[0m [1;30mLevel 1[0m _identify(src/aic/aic_interfaces/aic_engine_interfaces) by extensions ['ignore', 'ignore_ament_install']
[0.163s] [34mcolcon.colcon_core.package_identification[0m [1;30mLevel 1[0m _identify(src/aic/aic_interfaces/aic_engine_interfaces) by extension 'ignore'
[0.163s] [34mcolcon.colcon_core.package_identification[0m [1;30mLevel 1[0m _identify(src/aic/aic_interfaces/aic_engine_interfaces) by extension 'ignore_ament_install'
[0.163s] [34mcolcon.colcon_core.package_identification[0m [1;30mLevel 1[0m _identify(src/aic/aic_interfaces/aic_engine_interfaces) by extensions ['colcon_pkg']
[0.163s] [34mcolcon.colcon_core.package_identification[0m [1;30mLevel 1[0m _identify(src/aic/aic_interfaces/aic_engine_interfaces) by extension 'colcon_pkg'
[0.163s] [34mcolcon.colcon_core.package_identification[0m [1;30mLevel 1[0m _identify(src/aic/aic_interfaces/aic_engine_interfaces) by extensions ['colcon_meta']
[0.163s] [34mcolcon.colcon_core.package_identification[0m [1;30mLevel 1[0m _identify(src/aic/aic_interfaces/aic_engine_interfaces) by extension 'colcon_meta'
[0.163s] [34mcolcon.colcon_core.package_identification[0m [1;30mLevel 1[0m _identify(src/aic/aic_interfaces/aic_engine_interfaces) by extensions ['ros']
[0.163s] [34mcolcon.colcon_core.package_identification[0m [1;30mLevel 1[0m _identify(src/aic/aic_interfaces/aic_engine_interfaces) by extension 'ros'
[0.163s] [34mcolcon.colcon_core.package_identification[0m [1;30mDEBUG[0m [32mPackage 'src/aic/aic_interfaces/aic_engine_interfaces' with type 'ros.ament_cmake' and name 'aic_engine_interfaces'[0m
[0.164s] [34mcolcon.colcon_core.package_identification[0m [1;30mLevel 1[0m _identify(src/aic/aic_interfaces/aic_model_interfaces) by extensions ['ignore', 'ignore_ament_install']
[0.164s] [34mcolcon.colcon_core.package_identification[0m [1;30mLevel 1[0m _identify(src/aic/aic_interfaces/aic_model_interfaces) by extension 'ignore'
[0.164s] [34mcolcon.colcon_core.package_identification[0m [1;30mLevel 1[0m _identify(src/aic/aic_interfaces/aic_model_interfaces) by extension 'ignore_ament_install'
[0.164s] [34mcolcon.colcon_core.package_identification[0m [1;30mLevel 1[0m _identify(src/aic/aic_interfaces/aic_model_interfaces) by extensions ['colcon_pkg']
[0.164s] [34mcolcon.colcon_core.package_identification[0m [1;30mLevel 1[0m _identify(src/aic/aic_interfaces/aic_model_interfaces) by extension 'colcon_pkg'
[0.164s] [34mcolcon.colcon_core.package_identification[0m [1;30mLevel 1[0m _identify(src/aic/aic_interfaces/aic_model_interfaces) by extensions ['colcon_meta']
[0.164s] [34mcolcon.colcon_core.package_identification[0m [1;30mLevel 1[0m _identify(src/aic/aic_interfaces/aic_model_interfaces) by extension 'colcon_meta'
[0.164s] [34mcolcon.colcon_core.package_identification[0m [1;30mLevel 1[0m _identify(src/aic/aic_interfaces/aic_model_interfaces) by extensions ['ros']
[0.164s] [34mcolcon.colcon_core.package_identification[0m [1;30mLevel 1[0m _identify(src/aic/aic_interfaces/aic_model_interfaces) by extension 'ros'
[0.164s] [34mcolcon.colcon_core.package_identification[0m [1;30mDEBUG[0m [32mPackage 'src/aic/aic_interfaces/aic_model_interfaces' with type 'ros.ament_cmake' and name 'aic_model_interfaces'[0m
[0.165s] [34mcolcon.colcon_core.package_identification[0m [1;30mLevel 1[0m _identify(src/aic/aic_interfaces/aic_task_interfaces) by extensions ['ignore', 'ignore_ament_install']
[0.165s] [34mcolcon.colcon_core.package_identification[0m [1;30mLevel 1[0m _identify(src/aic/aic_interfaces/aic_task_interfaces) by extension 'ignore'
[0.165s] [34mcolcon.colcon_core.package_identification[0m [1;30mLevel 1[0m _identify(src/aic/aic_interfaces/aic_task_interfaces) by extension 'ignore_ament_install'
[0.165s] [34mcolcon.colcon_core.package_identification[0m [1;30mLevel 1[0m _identify(src/aic/aic_interfaces/aic_task_interfaces) by extensions ['colcon_pkg']
[0.165s] [34mcolcon.colcon_core.package_identification[0m [1;30mLevel 1[0m _identify(src/aic/aic_interfaces/aic_task_interfaces) by extension 'colcon_pkg'
[0.165s] [34mcolcon.colcon_core.package_identification[0m [1;30mLevel 1[0m _identify(src/aic/aic_interfaces/aic_task_interfaces) by extensions ['colcon_meta']
[0.165s] [34mcolcon.colcon_core.package_identification[0m [1;30mLevel 1[0m _identify(src/aic/aic_interfaces/aic_task_interfaces) by extension 'colcon_meta'
[0.165s] [34mcolcon.colcon_core.package_identification[0m [1;30mLevel 1[0m _identify(src/aic/aic_interfaces/aic_task_interfaces) by extensions ['ros']
[0.165s] [34mcolcon.colcon_core.package_identification[0m [1;30mLevel 1[0m _identify(src/aic/aic_interfaces/aic_task_interfaces) by extension 'ros'
[0.165s] [34mcolcon.colcon_core.package_identification[0m [1;30mDEBUG[0m [32mPackage 'src/aic/aic_interfaces/aic_task_interfaces' with type 'ros.ament_cmake' and name 'aic_task_interfaces'[0m
[0.165s] [34mcolcon.colcon_core.package_identification[0m [1;30mLevel 1[0m _identify(src/aic/aic_model) by extensions ['ignore', 'ignore_ament_install']
[0.165s] [34mcolcon.colcon_core.package_identification[0m [1;30mLevel 1[0m _identify(src/aic/aic_model) by extension 'ignore'
[0.165s] [34mcolcon.colcon_core.package_identification[0m [1;30mLevel 1[0m _identify(src/aic/aic_model) by extension 'ignore_ament_install'
[0.165s] [34mcolcon.colcon_core.package_identification[0m [1;30mLevel 1[0m _identify(src/aic/aic_model) by extensions ['colcon_pkg']
[0.165s] [34mcolcon.colcon_core.package_identification[0m [1;30mLevel 1[0m _identify(src/aic/aic_model) by extension 'colcon_pkg'
[0.165s] [34mcolcon.colcon_core.package_identification[0m [1;30mLevel 1[0m _identify(src/aic/aic_model) by extensions ['colcon_meta']
[0.165s] [34mcolcon.colcon_core.package_identification[0m [1;30mLevel 1[0m _identify(src/aic/aic_model) by extension 'colcon_meta'
[0.165s] [34mcolcon.colcon_core.package_identification[0m [1;30mLevel 1[0m _identify(src/aic/aic_model) by extensions ['ros']
[0.165s] [34mcolcon.colcon_core.package_identification[0m [1;30mLevel 1[0m _identify(src/aic/aic_model) by extension 'ros'
[0.166s] [34mcolcon.colcon_core.package_identification[0m [1;30mDEBUG[0m [32mPackage 'src/aic/aic_model' with type 'ros.ament_python' and name 'aic_model'[0m
[0.166s] [34mcolcon.colcon_core.package_identification[0m [1;30mLevel 1[0m _identify(src/aic/aic_scoring) by extensions ['ignore', 'ignore_ament_install']
[0.166s] [34mcolcon.colcon_core.package_identification[0m [1;30mLevel 1[0m _identify(src/aic/aic_scoring) by extension 'ignore'
[0.166s] [34mcolcon.colcon_core.package_identification[0m [1;30mLevel 1[0m _identify(src/aic/aic_scoring) by extension 'ignore_ament_install'
[0.166s] [34mcolcon.colcon_core.package_identification[0m [1;30mLevel 1[0m _identify(src/aic/aic_scoring) by extensions ['colcon_pkg']
[0.166s] [34mcolcon.colcon_core.package_identification[0m [1;30mLevel 1[0m _identify(src/aic/aic_scoring) by extension 'colcon_pkg'
[0.166s] [34mcolcon.colcon_core.package_identification[0m [1;30mLevel 1[0m _identify(src/aic/aic_scoring) by extensions ['colcon_meta']
[0.166s] [34mcolcon.colcon_core.package_identification[0m [1;30mLevel 1[0m _identify(src/aic/aic_scoring) by extension 'colcon_meta'
[0.166s] [34mcolcon.colcon_core.package_identification[0m [1;30mLevel 1[0m _identify(src/aic/aic_scoring) by extensions ['ros']
[0.166s] [34mcolcon.colcon_core.package_identification[0m [1;30mLevel 1[0m _identify(src/aic/aic_scoring) by extension 'ros'
[0.166s] [34mcolcon.colcon_core.package_identification[0m [1;30mDEBUG[0m [32mPackage 'src/aic/aic_scoring' with type 'ros.ament_cmake' and name 'aic_scoring'[0m
[0.166s] [34mcolcon.colcon_core.package_identification[0m [1;30mLevel 1[0m _identify(src/aic/aic_utils) by extensions ['ignore', 'ignore_ament_install']
[0.166s] [34mcolcon.colcon_core.package_identification[0m [1;30mLevel 1[0m _identify(src/aic/aic_utils) by extension 'ignore'
[0.166s] [34mcolcon.colcon_core.package_identification[0m [1;30mLevel 1[0m _identify(src/aic/aic_utils) by extension 'ignore_ament_install'
[0.167s] [34mcolcon.colcon_core.package_identification[0m [1;30mLevel 1[0m _identify(src/aic/aic_utils) by extensions ['colcon_pkg']
[0.167s] [34mcolcon.colcon_core.package_identification[0m [1;30mLevel 1[0m _identify(src/aic/aic_utils) by extension 'colcon_pkg'
[0.167s] [34mcolcon.colcon_core.package_identification[0m [1;30mLevel 1[0m _identify(src/aic/aic_utils) by extensions ['colcon_meta']
[0.167s] [34mcolcon.colcon_core.package_identification[0m [1;30mLevel 1[0m _identify(src/aic/aic_utils) by extension 'colcon_meta'
[0.167s] [34mcolcon.colcon_core.package_identification[0m [1;30mLevel 1[0m _identify(src/aic/aic_utils) by extensions ['ros']
[0.167s] [34mcolcon.colcon_core.package_identification[0m [1;30mLevel 1[0m _identify(src/aic/aic_utils) by extension 'ros'
[0.167s] [34mcolcon.colcon_core.package_identification[0m [1;30mLevel 1[0m _identify(src/aic/aic_utils) by extensions ['cmake', 'python']
[0.167s] [34mcolcon.colcon_core.package_identification[0m [1;30mLevel 1[0m _identify(src/aic/aic_utils) by extension 'cmake'
[0.167s] [34mcolcon.colcon_core.package_identification[0m [1;30mLevel 1[0m _identify(src/aic/aic_utils) by extension 'python'
[0.167s] [34mcolcon.colcon_core.package_identification[0m [1;30mLevel 1[0m _identify(src/aic/aic_utils) by extensions ['python_setup_py']
[0.167s] [34mcolcon.colcon_core.package_identification[0m [1;30mLevel 1[0m _identify(src/aic/aic_utils) by extension 'python_setup_py'
[0.167s] [34mcolcon.colcon_core.package_identification[0m [1;30mLevel 1[0m _identify(src/aic/aic_utils/aic_isaac) by extensions ['ignore', 'ignore_ament_install']
[0.167s] [34mcolcon.colcon_core.package_identification[0m [1;30mLevel 1[0m _identify(src/aic/aic_utils/aic_isaac) by extension 'ignore'
[0.167s] [34mcolcon.colcon_core.package_identification[0m [1;30mLevel 1[0m _identify(src/aic/aic_utils/aic_isaac) by extension 'ignore_ament_install'
[0.167s] [34mcolcon.colcon_core.package_identification[0m [1;30mLevel 1[0m _identify(src/aic/aic_utils/aic_isaac) by extensions ['colcon_pkg']
[0.167s] [34mcolcon.colcon_core.package_identification[0m [1;30mLevel 1[0m _identify(src/aic/aic_utils/aic_isaac) by extension 'colcon_pkg'
[0.167s] [34mcolcon.colcon_core.package_identification[0m [1;30mLevel 1[0m _identify(src/aic/aic_utils/aic_isaac) by extensions ['colcon_meta']
[0.167s] [34mcolcon.colcon_core.package_identification[0m [1;30mLevel 1[0m _identify(src/aic/aic_utils/aic_isaac) by extension 'colcon_meta'
[0.167s] [34mcolcon.colcon_core.package_identification[0m [1;30mLevel 1[0m _identify(src/aic/aic_utils/aic_isaac) by extensions ['ros']
[0.167s] [34mcolcon.colcon_core.package_identification[0m [1;30mLevel 1[0m _identify(src/aic/aic_utils/aic_isaac) by extension 'ros'
[0.167s] [34mcolcon.colcon_core.package_identification[0m [1;30mLevel 1[0m _identify(src/aic/aic_utils/aic_isaac) by extensions ['cmake', 'python']
[0.167s] [34mcolcon.colcon_core.package_identification[0m [1;30mLevel 1[0m _identify(src/aic/aic_utils/aic_isaac) by extension 'cmake'
[0.167s] [34mcolcon.colcon_core.package_identification[0m [1;30mLevel 1[0m _identify(src/aic/aic_utils/aic_isaac) by extension 'python'
[0.167s] [34mcolcon.colcon_core.package_identification[0m [1;30mLevel 1[0m _identify(src/aic/aic_utils/aic_isaac) by extensions ['python_setup_py']
[0.167s] [34mcolcon.colcon_core.package_identification[0m [1;30mLevel 1[0m _identify(src/aic/aic_utils/aic_isaac) by extension 'python_setup_py'
[0.167s] [34mcolcon.colcon_core.package_identification[0m [1;30mLevel 1[0m _identify(src/aic/aic_utils/aic_isaac/aic_isaaclab) by extensions ['ignore', 'ignore_ament_install']
[0.167s] [34mcolcon.colcon_core.package_identification[0m [1;30mLevel 1[0m _identify(src/aic/aic_utils/aic_isaac/aic_isaaclab) by extension 'ignore'
[0.167s] [34mcolcon.colcon_core.package_identification[0m [1;30mLevel 1[0m _identify(src/aic/aic_utils/aic_isaac/aic_isaaclab) by extension 'ignore_ament_install'
[0.167s] [34mcolcon.colcon_core.package_identification[0m [1;30mLevel 1[0m _identify(src/aic/aic_utils/aic_isaac/aic_isaaclab) by extensions ['colcon_pkg']
[0.167s] [34mcolcon.colcon_core.package_identification[0m [1;30mLevel 1[0m _identify(src/aic/aic_utils/aic_isaac/aic_isaaclab) by extension 'colcon_pkg'
[0.167s] [34mcolcon.colcon_core.package_identification[0m [1;30mLevel 1[0m _identify(src/aic/aic_utils/aic_isaac/aic_isaaclab) by extensions ['colcon_meta']
[0.167s] [34mcolcon.colcon_core.package_identification[0m [1;30mLevel 1[0m _identify(src/aic/aic_utils/aic_isaac/aic_isaaclab) by extension 'colcon_meta'
[0.167s] [34mcolcon.colcon_core.package_identification[0m [1;30mLevel 1[0m _identify(src/aic/aic_utils/aic_isaac/aic_isaaclab) by extensions ['ros']
[0.167s] [34mcolcon.colcon_core.package_identification[0m [1;30mLevel 1[0m _identify(src/aic/aic_utils/aic_isaac/aic_isaaclab) by extension 'ros'
[0.167s] [34mcolcon.colcon_core.package_identification[0m [1;30mLevel 1[0m _identify(src/aic/aic_utils/aic_isaac/aic_isaaclab) by extensions ['cmake', 'python']
[0.167s] [34mcolcon.colcon_core.package_identification[0m [1;30mLevel 1[0m _identify(src/aic/aic_utils/aic_isaac/aic_isaaclab) by extension 'cmake'
[0.167s] [34mcolcon.colcon_core.package_identification[0m [1;30mLevel 1[0m _identify(src/aic/aic_utils/aic_isaac/aic_isaaclab) by extension 'python'
[0.167s] [34mcolcon.colcon_core.package_identification[0m [1;30mLevel 1[0m _identify(src/aic/aic_utils/aic_isaac/aic_isaaclab) by extensions ['python_setup_py']
[0.167s] [34mcolcon.colcon_core.package_identification[0m [1;30mLevel 1[0m _identify(src/aic/aic_utils/aic_isaac/aic_isaaclab) by extension 'python_setup_py'
[0.167s] [34mcolcon.colcon_core.package_identification[0m [1;30mLevel 1[0m _identify(src/aic/aic_utils/aic_isaac/aic_isaaclab/scripts) by extensions ['ignore', 'ignore_ament_install']
[0.167s] [34mcolcon.colcon_core.package_identification[0m [1;30mLevel 1[0m _identify(src/aic/aic_utils/aic_isaac/aic_isaaclab/scripts) by extension 'ignore'
[0.167s] [34mcolcon.colcon_core.package_identification[0m [1;30mLevel 1[0m _identify(src/aic/aic_utils/aic_isaac/aic_isaaclab/scripts) by extension 'ignore_ament_install'
[0.167s] [34mcolcon.colcon_core.package_identification[0m [1;30mLevel 1[0m _identify(src/aic/aic_utils/aic_isaac/aic_isaaclab/scripts) by extensions ['colcon_pkg']
[0.167s] [34mcolcon.colcon_core.package_identification[0m [1;30mLevel 1[0m _identify(src/aic/aic_utils/aic_isaac/aic_isaaclab/scripts) by extension 'colcon_pkg'
[0.167s] [34mcolcon.colcon_core.package_identification[0m [1;30mLevel 1[0m _identify(src/aic/aic_utils/aic_isaac/aic_isaaclab/scripts) by extensions ['colcon_meta']
[0.167s] [34mcolcon.colcon_core.package_identification[0m [1;30mLevel 1[0m _identify(src/aic/aic_utils/aic_isaac/aic_isaaclab/scripts) by extension 'colcon_meta'
[0.167s] [34mcolcon.colcon_core.package_identification[0m [1;30mLevel 1[0m _identify(src/aic/aic_utils/aic_isaac/aic_isaaclab/scripts) by extensions ['ros']
[0.167s] [34mcolcon.colcon_core.package_identification[0m [1;30mLevel 1[0m _identify(src/aic/aic_utils/aic_isaac/aic_isaaclab/scripts) by extension 'ros'
[0.168s] [34mcolcon.colcon_core.package_identification[0m [1;30mLevel 1[0m _identify(src/aic/aic_utils/aic_isaac/aic_isaaclab/scripts) by extensions ['cmake', 'python']
[0.168s] [34mcolcon.colcon_core.package_identification[0m [1;30mLevel 1[0m _identify(src/aic/aic_utils/aic_isaac/aic_isaaclab/scripts) by extension 'cmake'
[0.168s] [34mcolcon.colcon_core.package_identification[0m [1;30mLevel 1[0m _identify(src/aic/aic_utils/aic_isaac/aic_isaaclab/scripts) by extension 'python'
[0.168s] [34mcolcon.colcon_core.package_identification[0m [1;30mLevel 1[0m _identify(src/aic/aic_utils/aic_isaac/aic_isaaclab/scripts) by extensions ['python_setup_py']
[0.168s] [34mcolcon.colcon_core.package_identification[0m [1;30mLevel 1[0m _identify(src/aic/aic_utils/aic_isaac/aic_isaaclab/scripts) by extension 'python_setup_py'
[0.168s] [34mcolcon.colcon_core.package_identification[0m [1;30mLevel 1[0m _identify(src/aic/aic_utils/aic_isaac/aic_isaaclab/scripts/rsl_rl) by extensions ['ignore', 'ignore_ament_install']
[0.168s] [34mcolcon.colcon_core.package_identification[0m [1;30mLevel 1[0m _identify(src/aic/aic_utils/aic_isaac/aic_isaaclab/scripts/rsl_rl) by extension 'ignore'
[0.168s] [34mcolcon.colcon_core.package_identification[0m [1;30mLevel 1[0m _identify(src/aic/aic_utils/aic_isaac/aic_isaaclab/scripts/rsl_rl) by extension 'ignore_ament_install'
[0.168s] [34mcolcon.colcon_core.package_identification[0m [1;30mLevel 1[0m _identify(src/aic/aic_utils/aic_isaac/aic_isaaclab/scripts/rsl_rl) by extensions ['colcon_pkg']
[0.168s] [34mcolcon.colcon_core.package_identification[0m [1;30mLevel 1[0m _identify(src/aic/aic_utils/aic_isaac/aic_isaaclab/scripts/rsl_rl) by extension 'colcon_pkg'
[0.168s] [34mcolcon.colcon_core.package_identification[0m [1;30mLevel 1[0m _identify(src/aic/aic_utils/aic_isaac/aic_isaaclab/scripts/rsl_rl) by extensions ['colcon_meta']
[0.168s] [34mcolcon.colcon_core.package_identification[0m [1;30mLevel 1[0m _identify(src/aic/aic_utils/aic_isaac/aic_isaaclab/scripts/rsl_rl) by extension 'colcon_meta'
[0.168s] [34mcolcon.colcon_core.package_identification[0m [1;30mLevel 1[0m _identify(src/aic/aic_utils/aic_isaac/aic_isaaclab/scripts/rsl_rl) by extensions ['ros']
[0.168s] [34mcolcon.colcon_core.package_identification[0m [1;30mLevel 1[0m _identify(src/aic/aic_utils/aic_isaac/aic_isaaclab/scripts/rsl_rl) by extension 'ros'
[0.168s] [34mcolcon.colcon_core.package_identification[0m [1;30mLevel 1[0m _identify(src/aic/aic_utils/aic_isaac/aic_isaaclab/scripts/rsl_rl) by extensions ['cmake', 'python']
[0.168s] [34mcolcon.colcon_core.package_identification[0m [1;30mLevel 1[0m _identify(src/aic/aic_utils/aic_isaac/aic_isaaclab/scripts/rsl_rl) by extension 'cmake'
[0.168s] [34mcolcon.colcon_core.package_identification[0m [1;30mLevel 1[0m _identify(src/aic/aic_utils/aic_isaac/aic_isaaclab/scripts/rsl_rl) by extension 'python'
[0.168s] [34mcolcon.colcon_core.package_identification[0m [1;30mLevel 1[0m _identify(src/aic/aic_utils/aic_isaac/aic_isaaclab/scripts/rsl_rl) by extensions ['python_setup_py']
[0.168s] [34mcolcon.colcon_core.package_identification[0m [1;30mLevel 1[0m _identify(src/aic/aic_utils/aic_isaac/aic_isaaclab/scripts/rsl_rl) by extension 'python_setup_py'
[0.168s] [34mcolcon.colcon_core.package_identification[0m [1;30mLevel 1[0m _identify(src/aic/aic_utils/aic_isaac/aic_isaaclab/source) by extensions ['ignore', 'ignore_ament_install']
[0.168s] [34mcolcon.colcon_core.package_identification[0m [1;30mLevel 1[0m _identify(src/aic/aic_utils/aic_isaac/aic_isaaclab/source) by extension 'ignore'
[0.168s] [34mcolcon.colcon_core.package_identification[0m [1;30mLevel 1[0m _identify(src/aic/aic_utils/aic_isaac/aic_isaaclab/source) by extension 'ignore_ament_install'
[0.168s] [34mcolcon.colcon_core.package_identification[0m [1;30mLevel 1[0m _identify(src/aic/aic_utils/aic_isaac/aic_isaaclab/source) by extensions ['colcon_pkg']
[0.168s] [34mcolcon.colcon_core.package_identification[0m [1;30mLevel 1[0m _identify(src/aic/aic_utils/aic_isaac/aic_isaaclab/source) by extension 'colcon_pkg'
[0.168s] [34mcolcon.colcon_core.package_identification[0m [1;30mLevel 1[0m _identify(src/aic/aic_utils/aic_isaac/aic_isaaclab/source) by extensions ['colcon_meta']
[0.168s] [34mcolcon.colcon_core.package_identification[0m [1;30mLevel 1[0m _identify(src/aic/aic_utils/aic_isaac/aic_isaaclab/source) by extension 'colcon_meta'
[0.168s] [34mcolcon.colcon_core.package_identification[0m [1;30mLevel 1[0m _identify(src/aic/aic_utils/aic_isaac/aic_isaaclab/source) by extensions ['ros']
[0.168s] [34mcolcon.colcon_core.package_identification[0m [1;30mLevel 1[0m _identify(src/aic/aic_utils/aic_isaac/aic_isaaclab/source) by extension 'ros'
[0.168s] [34mcolcon.colcon_core.package_identification[0m [1;30mLevel 1[0m _identify(src/aic/aic_utils/aic_isaac/aic_isaaclab/source) by extensions ['cmake', 'python']
[0.168s] [34mcolcon.colcon_core.package_identification[0m [1;30mLevel 1[0m _identify(src/aic/aic_utils/aic_isaac/aic_isaaclab/source) by extension 'cmake'
[0.168s] [34mcolcon.colcon_core.package_identification[0m [1;30mLevel 1[0m _identify(src/aic/aic_utils/aic_isaac/aic_isaaclab/source) by extension 'python'
[0.168s] [34mcolcon.colcon_core.package_identification[0m [1;30mLevel 1[0m _identify(src/aic/aic_utils/aic_isaac/aic_isaaclab/source) by extensions ['python_setup_py']
[0.168s] [34mcolcon.colcon_core.package_identification[0m [1;30mLevel 1[0m _identify(src/aic/aic_utils/aic_isaac/aic_isaaclab/source) by extension 'python_setup_py'
[0.168s] [34mcolcon.colcon_core.package_identification[0m [1;30mLevel 1[0m _identify(src/aic/aic_utils/aic_isaac/aic_isaaclab/source/aic_task) by extensions ['ignore', 'ignore_ament_install']
[0.168s] [34mcolcon.colcon_core.package_identification[0m [1;30mLevel 1[0m _identify(src/aic/aic_utils/aic_isaac/aic_isaaclab/source/aic_task) by extension 'ignore'
[0.168s] [34mcolcon.colcon_core.package_identification[0m [1;30mLevel 1[0m _identify(src/aic/aic_utils/aic_isaac/aic_isaaclab/source/aic_task) by extension 'ignore_ament_install'
[0.168s] [34mcolcon.colcon_core.package_identification[0m [1;30mLevel 1[0m _identify(src/aic/aic_utils/aic_isaac/aic_isaaclab/source/aic_task) by extensions ['colcon_pkg']
[0.168s] [34mcolcon.colcon_core.package_identification[0m [1;30mLevel 1[0m _identify(src/aic/aic_utils/aic_isaac/aic_isaaclab/source/aic_task) by extension 'colcon_pkg'
[0.168s] [34mcolcon.colcon_core.package_identification[0m [1;30mLevel 1[0m _identify(src/aic/aic_utils/aic_isaac/aic_isaaclab/source/aic_task) by extensions ['colcon_meta']
[0.168s] [34mcolcon.colcon_core.package_identification[0m [1;30mLevel 1[0m _identify(src/aic/aic_utils/aic_isaac/aic_isaaclab/source/aic_task) by extension 'colcon_meta'
[0.168s] [34mcolcon.colcon_core.package_identification[0m [1;30mLevel 1[0m _identify(src/aic/aic_utils/aic_isaac/aic_isaaclab/source/aic_task) by extensions ['ros']
[0.168s] [34mcolcon.colcon_core.package_identification[0m [1;30mLevel 1[0m _identify(src/aic/aic_utils/aic_isaac/aic_isaaclab/source/aic_task) by extension 'ros'
[0.168s] [34mcolcon.colcon_core.package_identification[0m [1;30mLevel 1[0m _identify(src/aic/aic_utils/aic_isaac/aic_isaaclab/source/aic_task) by extensions ['cmake', 'python']
[0.168s] [34mcolcon.colcon_core.package_identification[0m [1;30mLevel 1[0m _identify(src/aic/aic_utils/aic_isaac/aic_isaaclab/source/aic_task) by extension 'cmake'
[0.168s] [34mcolcon.colcon_core.package_identification[0m [1;30mLevel 1[0m _identify(src/aic/aic_utils/aic_isaac/aic_isaaclab/source/aic_task) by extension 'python'
[0.168s] [34mcolcon.colcon_core.package_identification[0m [1;30mLevel 1[0m _identify(src/aic/aic_utils/aic_isaac/aic_isaaclab/source/aic_task) by extensions ['python_setup_py']
[0.168s] [34mcolcon.colcon_core.package_identification[0m [1;30mLevel 1[0m _identify(src/aic/aic_utils/aic_isaac/aic_isaaclab/source/aic_task) by extension 'python_setup_py'
[0.336s] [34mcolcon.colcon_core.package_identification[0m [1;30mDEBUG[0m [32mPackage 'src/aic/aic_utils/aic_isaac/aic_isaaclab/source/aic_task' with type 'python' and name 'aic_task'[0m
[0.336s] [34mcolcon.colcon_core.package_identification[0m [1;30mLevel 1[0m _identify(src/aic/aic_utils/aic_mujoco) by extensions ['ignore', 'ignore_ament_install']
[0.336s] [34mcolcon.colcon_core.package_identification[0m [1;30mLevel 1[0m _identify(src/aic/aic_utils/aic_mujoco) by extension 'ignore'
[0.336s] [34mcolcon.colcon_core.package_identification[0m [1;30mLevel 1[0m _identify(src/aic/aic_utils/aic_mujoco) by extension 'ignore_ament_install'
[0.336s] [34mcolcon.colcon_core.package_identification[0m [1;30mLevel 1[0m _identify(src/aic/aic_utils/aic_mujoco) by extensions ['colcon_pkg']
[0.336s] [34mcolcon.colcon_core.package_identification[0m [1;30mLevel 1[0m _identify(src/aic/aic_utils/aic_mujoco) by extension 'colcon_pkg'
[0.336s] [34mcolcon.colcon_core.package_identification[0m [1;30mLevel 1[0m _identify(src/aic/aic_utils/aic_mujoco) by extensions ['colcon_meta']
[0.336s] [34mcolcon.colcon_core.package_identification[0m [1;30mLevel 1[0m _identify(src/aic/aic_utils/aic_mujoco) by extension 'colcon_meta'
[0.336s] [34mcolcon.colcon_core.package_identification[0m [1;30mLevel 1[0m _identify(src/aic/aic_utils/aic_mujoco) by extensions ['ros']
[0.336s] [34mcolcon.colcon_core.package_identification[0m [1;30mLevel 1[0m _identify(src/aic/aic_utils/aic_mujoco) by extension 'ros'
[0.337s] [34mcolcon.colcon_core.package_identification[0m [1;30mDEBUG[0m [32mPackage 'src/aic/aic_utils/aic_mujoco' with type 'ros.ament_cmake' and name 'aic_mujoco'[0m
[0.337s] [34mcolcon.colcon_core.package_identification[0m [1;30mLevel 1[0m _identify(src/aic/aic_utils/aic_teleoperation) by extensions ['ignore', 'ignore_ament_install']
[0.337s] [34mcolcon.colcon_core.package_identification[0m [1;30mLevel 1[0m _identify(src/aic/aic_utils/aic_teleoperation) by extension 'ignore'
[0.337s] [34mcolcon.colcon_core.package_identification[0m [1;30mLevel 1[0m _identify(src/aic/aic_utils/aic_teleoperation) by extension 'ignore_ament_install'
[0.337s] [34mcolcon.colcon_core.package_identification[0m [1;30mLevel 1[0m _identify(src/aic/aic_utils/aic_teleoperation) by extensions ['colcon_pkg']
[0.337s] [34mcolcon.colcon_core.package_identification[0m [1;30mLevel 1[0m _identify(src/aic/aic_utils/aic_teleoperation) by extension 'colcon_pkg'
[0.337s] [34mcolcon.colcon_core.package_identification[0m [1;30mLevel 1[0m _identify(src/aic/aic_utils/aic_teleoperation) by extensions ['colcon_meta']
[0.337s] [34mcolcon.colcon_core.package_identification[0m [1;30mLevel 1[0m _identify(src/aic/aic_utils/aic_teleoperation) by extension 'colcon_meta'
[0.337s] [34mcolcon.colcon_core.package_identification[0m [1;30mLevel 1[0m _identify(src/aic/aic_utils/aic_teleoperation) by extensions ['ros']
[0.337s] [34mcolcon.colcon_core.package_identification[0m [1;30mLevel 1[0m _identify(src/aic/aic_utils/aic_teleoperation) by extension 'ros'
[0.337s] [34mcolcon.colcon_core.package_identification[0m [1;30mDEBUG[0m [32mPackage 'src/aic/aic_utils/aic_teleoperation' with type 'ros.ament_python' and name 'aic_teleoperation'[0m
[0.337s] [34mcolcon.colcon_core.package_identification[0m [1;30mLevel 1[0m _identify(src/aic/aic_utils/aic_training_interfaces) by extensions ['ignore', 'ignore_ament_install']
[0.337s] [34mcolcon.colcon_core.package_identification[0m [1;30mLevel 1[0m _identify(src/aic/aic_utils/aic_training_interfaces) by extension 'ignore'
[0.337s] [34mcolcon.colcon_core.package_identification[0m [1;30mLevel 1[0m _identify(src/aic/aic_utils/aic_training_interfaces) by extension 'ignore_ament_install'
[0.337s] [34mcolcon.colcon_core.package_identification[0m [1;30mLevel 1[0m _identify(src/aic/aic_utils/aic_training_interfaces) by extensions ['colcon_pkg']
[0.337s] [34mcolcon.colcon_core.package_identification[0m [1;30mLevel 1[0m _identify(src/aic/aic_utils/aic_training_interfaces) by extension 'colcon_pkg'
[0.337s] [34mcolcon.colcon_core.package_identification[0m [1;30mLevel 1[0m _identify(src/aic/aic_utils/aic_training_interfaces) by extensions ['colcon_meta']
[0.337s] [34mcolcon.colcon_core.package_identification[0m [1;30mLevel 1[0m _identify(src/aic/aic_utils/aic_training_interfaces) by extension 'colcon_meta'
[0.337s] [34mcolcon.colcon_core.package_identification[0m [1;30mLevel 1[0m _identify(src/aic/aic_utils/aic_training_interfaces) by extensions ['ros']
[0.337s] [34mcolcon.colcon_core.package_identification[0m [1;30mLevel 1[0m _identify(src/aic/aic_utils/aic_training_interfaces) by extension 'ros'
[0.338s] [34mcolcon.colcon_core.package_identification[0m [1;30mDEBUG[0m [32mPackage 'src/aic/aic_utils/aic_training_interfaces' with type 'ros.ament_cmake' and name 'aic_training_interfaces'[0m
[0.338s] [34mcolcon.colcon_core.package_identification[0m [1;30mLevel 1[0m _identify(src/aic/aic_utils/aic_training_utils) by extensions ['ignore', 'ignore_ament_install']
[0.338s] [34mcolcon.colcon_core.package_identification[0m [1;30mLevel 1[0m _identify(src/aic/aic_utils/aic_training_utils) by extension 'ignore'
[0.338s] [34mcolcon.colcon_core.package_identification[0m [1;30mLevel 1[0m _identify(src/aic/aic_utils/aic_training_utils) by extension 'ignore_ament_install'
[0.338s] [34mcolcon.colcon_core.package_identification[0m [1;30mLevel 1[0m _identify(src/aic/aic_utils/aic_training_utils) by extensions ['colcon_pkg']
[0.338s] [34mcolcon.colcon_core.package_identification[0m [1;30mLevel 1[0m _identify(src/aic/aic_utils/aic_training_utils) by extension 'colcon_pkg'
[0.338s] [34mcolcon.colcon_core.package_identification[0m [1;30mLevel 1[0m _identify(src/aic/aic_utils/aic_training_utils) by extensions ['colcon_meta']
[0.338s] [34mcolcon.colcon_core.package_identification[0m [1;30mLevel 1[0m _identify(src/aic/aic_utils/aic_training_utils) by extension 'colcon_meta'
[0.338s] [34mcolcon.colcon_core.package_identification[0m [1;30mLevel 1[0m _identify(src/aic/aic_utils/aic_training_utils) by extensions ['ros']
[0.338s] [34mcolcon.colcon_core.package_identification[0m [1;30mLevel 1[0m _identify(src/aic/aic_utils/aic_training_utils) by extension 'ros'
[0.338s] [34mcolcon.colcon_core.package_identification[0m [1;30mDEBUG[0m [32mPackage 'src/aic/aic_utils/aic_training_utils' with type 'ros.ament_cmake' and name 'aic_training_utils'[0m
[0.338s] [34mcolcon.colcon_core.package_identification[0m [1;30mLevel 1[0m _identify(src/aic/aic_utils/lerobot_robot_aic) by extensions ['ignore', 'ignore_ament_install']
[0.338s] [34mcolcon.colcon_core.package_identification[0m [1;30mLevel 1[0m _identify(src/aic/aic_utils/lerobot_robot_aic) by extension 'ignore'
[0.338s] [34mcolcon.colcon_core.package_identification[0m [1;30mLevel 1[0m _identify(src/aic/aic_utils/lerobot_robot_aic) by extension 'ignore_ament_install'
[0.338s] [34mcolcon.colcon_core.package_identification[0m [1;30mLevel 1[0m _identify(src/aic/aic_utils/lerobot_robot_aic) by extensions ['colcon_pkg']
[0.338s] [34mcolcon.colcon_core.package_identification[0m [1;30mLevel 1[0m _identify(src/aic/aic_utils/lerobot_robot_aic) by extension 'colcon_pkg'
[0.338s] [34mcolcon.colcon_core.package_identification[0m [1;30mLevel 1[0m _identify(src/aic/aic_utils/lerobot_robot_aic) by extensions ['colcon_meta']
[0.338s] [34mcolcon.colcon_core.package_identification[0m [1;30mLevel 1[0m _identify(src/aic/aic_utils/lerobot_robot_aic) by extension 'colcon_meta'
[0.338s] [34mcolcon.colcon_core.package_identification[0m [1;30mLevel 1[0m _identify(src/aic/aic_utils/lerobot_robot_aic) by extensions ['ros']
[0.338s] [34mcolcon.colcon_core.package_identification[0m [1;30mLevel 1[0m _identify(src/aic/aic_utils/lerobot_robot_aic) by extension 'ros'
[0.338s] [34mcolcon.colcon_core.package_identification[0m [1;30mDEBUG[0m [32mPackage 'src/aic/aic_utils/lerobot_robot_aic' with type 'ros.ament_python' and name 'lerobot_robot_aic'[0m
[0.339s] [34mcolcon.colcon_core.package_identification[0m [1;30mLevel 1[0m _identify(src/aic/build) by extensions ['ignore', 'ignore_ament_install']
[0.339s] [34mcolcon.colcon_core.package_identification[0m [1;30mLevel 1[0m _identify(src/aic/build) by extension 'ignore'
[0.339s] [34mcolcon.colcon_core.package_identification[0m [1;30mLevel 1[0m _identify(src/aic/build) ignored
[0.339s] [34mcolcon.colcon_core.package_identification[0m [1;30mLevel 1[0m _identify(src/aic/docker) by extensions ['ignore', 'ignore_ament_install']
[0.339s] [34mcolcon.colcon_core.package_identification[0m [1;30mLevel 1[0m _identify(src/aic/docker) by extension 'ignore'
[0.339s] [34mcolcon.colcon_core.package_identification[0m [1;30mLevel 1[0m _identify(src/aic/docker) by extension 'ignore_ament_install'
[0.339s] [34mcolcon.colcon_core.package_identification[0m [1;30mLevel 1[0m _identify(src/aic/docker) by extensions ['colcon_pkg']
[0.339s] [34mcolcon.colcon_core.package_identification[0m [1;30mLevel 1[0m _identify(src/aic/docker) by extension 'colcon_pkg'
[0.339s] [34mcolcon.colcon_core.package_identification[0m [1;30mLevel 1[0m _identify(src/aic/docker) by extensions ['colcon_meta']
[0.339s] [34mcolcon.colcon_core.package_identification[0m [1;30mLevel 1[0m _identify(src/aic/docker) by extension 'colcon_meta'
[0.339s] [34mcolcon.colcon_core.package_identification[0m [1;30mLevel 1[0m _identify(src/aic/docker) by extensions ['ros']
[0.339s] [34mcolcon.colcon_core.package_identification[0m [1;30mLevel 1[0m _identify(src/aic/docker) by extension 'ros'
[0.339s] [34mcolcon.colcon_core.package_identification[0m [1;30mLevel 1[0m _identify(src/aic/docker) by extensions ['cmake', 'python']
[0.339s] [34mcolcon.colcon_core.package_identification[0m [1;30mLevel 1[0m _identify(src/aic/docker) by extension 'cmake'
[0.339s] [34mcolcon.colcon_core.package_identification[0m [1;30mLevel 1[0m _identify(src/aic/docker) by extension 'python'
[0.339s] [34mcolcon.colcon_core.package_identification[0m [1;30mLevel 1[0m _identify(src/aic/docker) by extensions ['python_setup_py']
[0.339s] [34mcolcon.colcon_core.package_identification[0m [1;30mLevel 1[0m _identify(src/aic/docker) by extension 'python_setup_py'
[0.339s] [34mcolcon.colcon_core.package_identification[0m [1;30mLevel 1[0m _identify(src/aic/docker/aic_eval) by extensions ['ignore', 'ignore_ament_install']
[0.339s] [34mcolcon.colcon_core.package_identification[0m [1;30mLevel 1[0m _identify(src/aic/docker/aic_eval) by extension 'ignore'
[0.339s] [34mcolcon.colcon_core.package_identification[0m [1;30mLevel 1[0m _identify(src/aic/docker/aic_eval) by extension 'ignore_ament_install'
[0.339s] [34mcolcon.colcon_core.package_identification[0m [1;30mLevel 1[0m _identify(src/aic/docker/aic_eval) by extensions ['colcon_pkg']
[0.339s] [34mcolcon.colcon_core.package_identification[0m [1;30mLevel 1[0m _identify(src/aic/docker/aic_eval) by extension 'colcon_pkg'
[0.339s] [34mcolcon.colcon_core.package_identification[0m [1;30mLevel 1[0m _identify(src/aic/docker/aic_eval) by extensions ['colcon_meta']
[0.339s] [34mcolcon.colcon_core.package_identification[0m [1;30mLevel 1[0m _identify(src/aic/docker/aic_eval) by extension 'colcon_meta'
[0.339s] [34mcolcon.colcon_core.package_identification[0m [1;30mLevel 1[0m _identify(src/aic/docker/aic_eval) by extensions ['ros']
[0.339s] [34mcolcon.colcon_core.package_identification[0m [1;30mLevel 1[0m _identify(src/aic/docker/aic_eval) by extension 'ros'
[0.339s] [34mcolcon.colcon_core.package_identification[0m [1;30mLevel 1[0m _identify(src/aic/docker/aic_eval) by extensions ['cmake', 'python']
[0.339s] [34mcolcon.colcon_core.package_identification[0m [1;30mLevel 1[0m _identify(src/aic/docker/aic_eval) by extension 'cmake'
[0.339s] [34mcolcon.colcon_core.package_identification[0m [1;30mLevel 1[0m _identify(src/aic/docker/aic_eval) by extension 'python'
[0.339s] [34mcolcon.colcon_core.package_identification[0m [1;30mLevel 1[0m _identify(src/aic/docker/aic_eval) by extensions ['python_setup_py']
[0.339s] [34mcolcon.colcon_core.package_identification[0m [1;30mLevel 1[0m _identify(src/aic/docker/aic_eval) by extension 'python_setup_py'
[0.339s] [34mcolcon.colcon_core.package_identification[0m [1;30mLevel 1[0m _identify(src/aic/docker/aic_model) by extensions ['ignore', 'ignore_ament_install']
[0.339s] [34mcolcon.colcon_core.package_identification[0m [1;30mLevel 1[0m _identify(src/aic/docker/aic_model) by extension 'ignore'
[0.339s] [34mcolcon.colcon_core.package_identification[0m [1;30mLevel 1[0m _identify(src/aic/docker/aic_model) by extension 'ignore_ament_install'
[0.339s] [34mcolcon.colcon_core.package_identification[0m [1;30mLevel 1[0m _identify(src/aic/docker/aic_model) by extensions ['colcon_pkg']
[0.339s] [34mcolcon.colcon_core.package_identification[0m [1;30mLevel 1[0m _identify(src/aic/docker/aic_model) by extension 'colcon_pkg'
[0.339s] [34mcolcon.colcon_core.package_identification[0m [1;30mLevel 1[0m _identify(src/aic/docker/aic_model) by extensions ['colcon_meta']
[0.339s] [34mcolcon.colcon_core.package_identification[0m [1;30mLevel 1[0m _identify(src/aic/docker/aic_model) by extension 'colcon_meta'
[0.339s] [34mcolcon.colcon_core.package_identification[0m [1;30mLevel 1[0m _identify(src/aic/docker/aic_model) by extensions ['ros']
[0.339s] [34mcolcon.colcon_core.package_identification[0m [1;30mLevel 1[0m _identify(src/aic/docker/aic_model) by extension 'ros'
[0.339s] [34mcolcon.colcon_core.package_identification[0m [1;30mLevel 1[0m _identify(src/aic/docker/aic_model) by extensions ['cmake', 'python']
[0.339s] [34mcolcon.colcon_core.package_identification[0m [1;30mLevel 1[0m _identify(src/aic/docker/aic_model) by extension 'cmake'
[0.339s] [34mcolcon.colcon_core.package_identification[0m [1;30mLevel 1[0m _identify(src/aic/docker/aic_model) by extension 'python'
[0.339s] [34mcolcon.colcon_core.package_identification[0m [1;30mLevel 1[0m _identify(src/aic/docker/aic_model) by extensions ['python_setup_py']
[0.339s] [34mcolcon.colcon_core.package_identification[0m [1;30mLevel 1[0m _identify(src/aic/docker/aic_model) by extension 'python_setup_py'
[0.339s] [34mcolcon.colcon_core.package_identification[0m [1;30mLevel 1[0m _identify(src/aic/docker/rmw_zenohd) by extensions ['ignore', 'ignore_ament_install']
[0.339s] [34mcolcon.colcon_core.package_identification[0m [1;30mLevel 1[0m _identify(src/aic/docker/rmw_zenohd) by extension 'ignore'
[0.340s] [34mcolcon.colcon_core.package_identification[0m [1;30mLevel 1[0m _identify(src/aic/docker/rmw_zenohd) by extension 'ignore_ament_install'
[0.340s] [34mcolcon.colcon_core.package_identification[0m [1;30mLevel 1[0m _identify(src/aic/docker/rmw_zenohd) by extensions ['colcon_pkg']
[0.340s] [34mcolcon.colcon_core.package_identification[0m [1;30mLevel 1[0m _identify(src/aic/docker/rmw_zenohd) by extension 'colcon_pkg'
[0.340s] [34mcolcon.colcon_core.package_identification[0m [1;30mLevel 1[0m _identify(src/aic/docker/rmw_zenohd) by extensions ['colcon_meta']
[0.340s] [34mcolcon.colcon_core.package_identification[0m [1;30mLevel 1[0m _identify(src/aic/docker/rmw_zenohd) by extension 'colcon_meta'
[0.340s] [34mcolcon.colcon_core.package_identification[0m [1;30mLevel 1[0m _identify(src/aic/docker/rmw_zenohd) by extensions ['ros']
[0.340s] [34mcolcon.colcon_core.package_identification[0m [1;30mLevel 1[0m _identify(src/aic/docker/rmw_zenohd) by extension 'ros'
[0.340s] [34mcolcon.colcon_core.package_identification[0m [1;30mLevel 1[0m _identify(src/aic/docker/rmw_zenohd) by extensions ['cmake', 'python']
[0.340s] [34mcolcon.colcon_core.package_identification[0m [1;30mLevel 1[0m _identify(src/aic/docker/rmw_zenohd) by extension 'cmake'
[0.340s] [34mcolcon.colcon_core.package_identification[0m [1;30mLevel 1[0m _identify(src/aic/docker/rmw_zenohd) by extension 'python'
[0.340s] [34mcolcon.colcon_core.package_identification[0m [1;30mLevel 1[0m _identify(src/aic/docker/rmw_zenohd) by extensions ['python_setup_py']
[0.340s] [34mcolcon.colcon_core.package_identification[0m [1;30mLevel 1[0m _identify(src/aic/docker/rmw_zenohd) by extension 'python_setup_py'
[0.340s] [34mcolcon.colcon_core.package_identification[0m [1;30mLevel 1[0m _identify(src/aic/docs) by extensions ['ignore', 'ignore_ament_install']
[0.340s] [34mcolcon.colcon_core.package_identification[0m [1;30mLevel 1[0m _identify(src/aic/docs) by extension 'ignore'
[0.340s] [34mcolcon.colcon_core.package_identification[0m [1;30mLevel 1[0m _identify(src/aic/docs) by extension 'ignore_ament_install'
[0.340s] [34mcolcon.colcon_core.package_identification[0m [1;30mLevel 1[0m _identify(src/aic/docs) by extensions ['colcon_pkg']
[0.340s] [34mcolcon.colcon_core.package_identification[0m [1;30mLevel 1[0m _identify(src/aic/docs) by extension 'colcon_pkg'
[0.340s] [34mcolcon.colcon_core.package_identification[0m [1;30mLevel 1[0m _identify(src/aic/docs) by extensions ['colcon_meta']
[0.340s] [34mcolcon.colcon_core.package_identification[0m [1;30mLevel 1[0m _identify(src/aic/docs) by extension 'colcon_meta'
[0.340s] [34mcolcon.colcon_core.package_identification[0m [1;30mLevel 1[0m _identify(src/aic/docs) by extensions ['ros']
[0.340s] [34mcolcon.colcon_core.package_identification[0m [1;30mLevel 1[0m _identify(src/aic/docs) by extension 'ros'
[0.340s] [34mcolcon.colcon_core.package_identification[0m [1;30mLevel 1[0m _identify(src/aic/docs) by extensions ['cmake', 'python']
[0.340s] [34mcolcon.colcon_core.package_identification[0m [1;30mLevel 1[0m _identify(src/aic/docs) by extension 'cmake'
[0.340s] [34mcolcon.colcon_core.package_identification[0m [1;30mLevel 1[0m _identify(src/aic/docs) by extension 'python'
[0.340s] [34mcolcon.colcon_core.package_identification[0m [1;30mLevel 1[0m _identify(src/aic/docs) by extensions ['python_setup_py']
[0.340s] [34mcolcon.colcon_core.package_identification[0m [1;30mLevel 1[0m _identify(src/aic/docs) by extension 'python_setup_py'
[0.340s] [34mcolcon.colcon_core.package_identification[0m [1;30mLevel 1[0m _identify(src/aic/install) by extensions ['ignore', 'ignore_ament_install']
[0.340s] [34mcolcon.colcon_core.package_identification[0m [1;30mLevel 1[0m _identify(src/aic/install) by extension 'ignore'
[0.340s] [34mcolcon.colcon_core.package_identification[0m [1;30mLevel 1[0m _identify(src/aic/install) ignored
[0.340s] [34mcolcon.colcon_core.package_identification[0m [1;30mLevel 1[0m _identify(src/aic/log) by extensions ['ignore', 'ignore_ament_install']
[0.340s] [34mcolcon.colcon_core.package_identification[0m [1;30mLevel 1[0m _identify(src/aic/log) by extension 'ignore'
[0.340s] [34mcolcon.colcon_core.package_identification[0m [1;30mLevel 1[0m _identify(src/aic/log) ignored
[0.340s] [34mcolcon.colcon_core.package_identification[0m [1;30mLevel 1[0m _identify(src/aic/outputs) by extensions ['ignore', 'ignore_ament_install']
[0.340s] [34mcolcon.colcon_core.package_identification[0m [1;30mLevel 1[0m _identify(src/aic/outputs) by extension 'ignore'
[0.340s] [34mcolcon.colcon_core.package_identification[0m [1;30mLevel 1[0m _identify(src/aic/outputs) by extension 'ignore_ament_install'
[0.340s] [34mcolcon.colcon_core.package_identification[0m [1;30mLevel 1[0m _identify(src/aic/outputs) by extensions ['colcon_pkg']
[0.340s] [34mcolcon.colcon_core.package_identification[0m [1;30mLevel 1[0m _identify(src/aic/outputs) by extension 'colcon_pkg'
[0.340s] [34mcolcon.colcon_core.package_identification[0m [1;30mLevel 1[0m _identify(src/aic/outputs) by extensions ['colcon_meta']
[0.340s] [34mcolcon.colcon_core.package_identification[0m [1;30mLevel 1[0m _identify(src/aic/outputs) by extension 'colcon_meta'
[0.340s] [34mcolcon.colcon_core.package_identification[0m [1;30mLevel 1[0m _identify(src/aic/outputs) by extensions ['ros']
[0.340s] [34mcolcon.colcon_core.package_identification[0m [1;30mLevel 1[0m _identify(src/aic/outputs) by extension 'ros'
[0.340s] [34mcolcon.colcon_core.package_identification[0m [1;30mLevel 1[0m _identify(src/aic/outputs) by extensions ['cmake', 'python']
[0.340s] [34mcolcon.colcon_core.package_identification[0m [1;30mLevel 1[0m _identify(src/aic/outputs) by extension 'cmake'
[0.340s] [34mcolcon.colcon_core.package_identification[0m [1;30mLevel 1[0m _identify(src/aic/outputs) by extension 'python'
[0.340s] [34mcolcon.colcon_core.package_identification[0m [1;30mLevel 1[0m _identify(src/aic/outputs) by extensions ['python_setup_py']
[0.340s] [34mcolcon.colcon_core.package_identification[0m [1;30mLevel 1[0m _identify(src/aic/outputs) by extension 'python_setup_py'
[0.340s] [34mcolcon.colcon_core.package_identification[0m [1;30mLevel 1[0m _identify(src/aic/outputs/train) by extensions ['ignore', 'ignore_ament_install']
[0.340s] [34mcolcon.colcon_core.package_identification[0m [1;30mLevel 1[0m _identify(src/aic/outputs/train) by extension 'ignore'
[0.340s] [34mcolcon.colcon_core.package_identification[0m [1;30mLevel 1[0m _identify(src/aic/outputs/train) by extension 'ignore_ament_install'
[0.340s] [34mcolcon.colcon_core.package_identification[0m [1;30mLevel 1[0m _identify(src/aic/outputs/train) by extensions ['colcon_pkg']
[0.341s] [34mcolcon.colcon_core.package_identification[0m [1;30mLevel 1[0m _identify(src/aic/outputs/train) by extension 'colcon_pkg'
[0.341s] [34mcolcon.colcon_core.package_identification[0m [1;30mLevel 1[0m _identify(src/aic/outputs/train) by extensions ['colcon_meta']
[0.341s] [34mcolcon.colcon_core.package_identification[0m [1;30mLevel 1[0m _identify(src/aic/outputs/train) by extension 'colcon_meta'
[0.341s] [34mcolcon.colcon_core.package_identification[0m [1;30mLevel 1[0m _identify(src/aic/outputs/train) by extensions ['ros']
[0.341s] [34mcolcon.colcon_core.package_identification[0m [1;30mLevel 1[0m _identify(src/aic/outputs/train) by extension 'ros'
[0.341s] [34mcolcon.colcon_core.package_identification[0m [1;30mLevel 1[0m _identify(src/aic/outputs/train) by extensions ['cmake', 'python']
[0.341s] [34mcolcon.colcon_core.package_identification[0m [1;30mLevel 1[0m _identify(src/aic/outputs/train) by extension 'cmake'
[0.341s] [34mcolcon.colcon_core.package_identification[0m [1;30mLevel 1[0m _identify(src/aic/outputs/train) by extension 'python'
[0.341s] [34mcolcon.colcon_core.package_identification[0m [1;30mLevel 1[0m _identify(src/aic/outputs/train) by extensions ['python_setup_py']
[0.341s] [34mcolcon.colcon_core.package_identification[0m [1;30mLevel 1[0m _identify(src/aic/outputs/train) by extension 'python_setup_py'
[0.341s] [34mcolcon.colcon_core.package_identification[0m [1;30mLevel 1[0m _identify(src/aic/outputs/train/smolvla_aug_9_9:20) by extensions ['ignore', 'ignore_ament_install']
[0.341s] [34mcolcon.colcon_core.package_identification[0m [1;30mLevel 1[0m _identify(src/aic/outputs/train/smolvla_aug_9_9:20) by extension 'ignore'
[0.341s] [34mcolcon.colcon_core.package_identification[0m [1;30mLevel 1[0m _identify(src/aic/outputs/train/smolvla_aug_9_9:20) by extension 'ignore_ament_install'
[0.341s] [34mcolcon.colcon_core.package_identification[0m [1;30mLevel 1[0m _identify(src/aic/outputs/train/smolvla_aug_9_9:20) by extensions ['colcon_pkg']
[0.341s] [34mcolcon.colcon_core.package_identification[0m [1;30mLevel 1[0m _identify(src/aic/outputs/train/smolvla_aug_9_9:20) by extension 'colcon_pkg'
[0.341s] [34mcolcon.colcon_core.package_identification[0m [1;30mLevel 1[0m _identify(src/aic/outputs/train/smolvla_aug_9_9:20) by extensions ['colcon_meta']
[0.341s] [34mcolcon.colcon_core.package_identification[0m [1;30mLevel 1[0m _identify(src/aic/outputs/train/smolvla_aug_9_9:20) by extension 'colcon_meta'
[0.341s] [34mcolcon.colcon_core.package_identification[0m [1;30mLevel 1[0m _identify(src/aic/outputs/train/smolvla_aug_9_9:20) by extensions ['ros']
[0.341s] [34mcolcon.colcon_core.package_identification[0m [1;30mLevel 1[0m _identify(src/aic/outputs/train/smolvla_aug_9_9:20) by extension 'ros'
[0.341s] [34mcolcon.colcon_core.package_identification[0m [1;30mLevel 1[0m _identify(src/aic/outputs/train/smolvla_aug_9_9:20) by extensions ['cmake', 'python']
[0.341s] [34mcolcon.colcon_core.package_identification[0m [1;30mLevel 1[0m _identify(src/aic/outputs/train/smolvla_aug_9_9:20) by extension 'cmake'
[0.341s] [34mcolcon.colcon_core.package_identification[0m [1;30mLevel 1[0m _identify(src/aic/outputs/train/smolvla_aug_9_9:20) by extension 'python'
[0.341s] [34mcolcon.colcon_core.package_identification[0m [1;30mLevel 1[0m _identify(src/aic/outputs/train/smolvla_aug_9_9:20) by extensions ['python_setup_py']
[0.341s] [34mcolcon.colcon_core.package_identification[0m [1;30mLevel 1[0m _identify(src/aic/outputs/train/smolvla_aug_9_9:20) by extension 'python_setup_py'
[0.341s] [34mcolcon.colcon_core.package_identification[0m [1;30mLevel 1[0m _identify(src/aic/outputs/train/smolvla_aug_9_9:20/checkpoints) by extensions ['ignore', 'ignore_ament_install']
[0.341s] [34mcolcon.colcon_core.package_identification[0m [1;30mLevel 1[0m _identify(src/aic/outputs/train/smolvla_aug_9_9:20/checkpoints) by extension 'ignore'
[0.341s] [34mcolcon.colcon_core.package_identification[0m [1;30mLevel 1[0m _identify(src/aic/outputs/train/smolvla_aug_9_9:20/checkpoints) by extension 'ignore_ament_install'
[0.341s] [34mcolcon.colcon_core.package_identification[0m [1;30mLevel 1[0m _identify(src/aic/outputs/train/smolvla_aug_9_9:20/checkpoints) by extensions ['colcon_pkg']
[0.341s] [34mcolcon.colcon_core.package_identification[0m [1;30mLevel 1[0m _identify(src/aic/outputs/train/smolvla_aug_9_9:20/checkpoints) by extension 'colcon_pkg'
[0.341s] [34mcolcon.colcon_core.package_identification[0m [1;30mLevel 1[0m _identify(src/aic/outputs/train/smolvla_aug_9_9:20/checkpoints) by extensions ['colcon_meta']
[0.341s] [34mcolcon.colcon_core.package_identification[0m [1;30mLevel 1[0m _identify(src/aic/outputs/train/smolvla_aug_9_9:20/checkpoints) by extension 'colcon_meta'
[0.341s] [34mcolcon.colcon_core.package_identification[0m [1;30mLevel 1[0m _identify(src/aic/outputs/train/smolvla_aug_9_9:20/checkpoints) by extensions ['ros']
[0.341s] [34mcolcon.colcon_core.package_identification[0m [1;30mLevel 1[0m _identify(src/aic/outputs/train/smolvla_aug_9_9:20/checkpoints) by extension 'ros'
[0.341s] [34mcolcon.colcon_core.package_identification[0m [1;30mLevel 1[0m _identify(src/aic/outputs/train/smolvla_aug_9_9:20/checkpoints) by extensions ['cmake', 'python']
[0.341s] [34mcolcon.colcon_core.package_identification[0m [1;30mLevel 1[0m _identify(src/aic/outputs/train/smolvla_aug_9_9:20/checkpoints) by extension 'cmake'
[0.341s] [34mcolcon.colcon_core.package_identification[0m [1;30mLevel 1[0m _identify(src/aic/outputs/train/smolvla_aug_9_9:20/checkpoints) by extension 'python'
[0.341s] [34mcolcon.colcon_core.package_identification[0m [1;30mLevel 1[0m _identify(src/aic/outputs/train/smolvla_aug_9_9:20/checkpoints) by extensions ['python_setup_py']
[0.341s] [34mcolcon.colcon_core.package_identification[0m [1;30mLevel 1[0m _identify(src/aic/outputs/train/smolvla_aug_9_9:20/checkpoints) by extension 'python_setup_py'
[0.341s] [34mcolcon.colcon_core.package_identification[0m [1;30mLevel 1[0m _identify(src/aic/outputs/train/smolvla_aug_9_9:20/checkpoints/020000) by extensions ['ignore', 'ignore_ament_install']
[0.341s] [34mcolcon.colcon_core.package_identification[0m [1;30mLevel 1[0m _identify(src/aic/outputs/train/smolvla_aug_9_9:20/checkpoints/020000) by extension 'ignore'
[0.341s] [34mcolcon.colcon_core.package_identification[0m [1;30mLevel 1[0m _identify(src/aic/outputs/train/smolvla_aug_9_9:20/checkpoints/020000) by extension 'ignore_ament_install'
[0.341s] [34mcolcon.colcon_core.package_identification[0m [1;30mLevel 1[0m _identify(src/aic/outputs/train/smolvla_aug_9_9:20/checkpoints/020000) by extensions ['colcon_pkg']
[0.341s] [34mcolcon.colcon_core.package_identification[0m [1;30mLevel 1[0m _identify(src/aic/outputs/train/smolvla_aug_9_9:20/checkpoints/020000) by extension 'colcon_pkg'
[0.341s] [34mcolcon.colcon_core.package_identification[0m [1;30mLevel 1[0m _identify(src/aic/outputs/train/smolvla_aug_9_9:20/checkpoints/020000) by extensions ['colcon_meta']
[0.341s] [34mcolcon.colcon_core.package_identification[0m [1;30mLevel 1[0m _identify(src/aic/outputs/train/smolvla_aug_9_9:20/checkpoints/020000) by extension 'colcon_meta'
[0.341s] [34mcolcon.colcon_core.package_identification[0m [1;30mLevel 1[0m _identify(src/aic/outputs/train/smolvla_aug_9_9:20/checkpoints/020000) by extensions ['ros']
[0.341s] [34mcolcon.colcon_core.package_identification[0m [1;30mLevel 1[0m _identify(src/aic/outputs/train/smolvla_aug_9_9:20/checkpoints/020000) by extension 'ros'
[0.341s] [34mcolcon.colcon_core.package_identification[0m [1;30mLevel 1[0m _identify(src/aic/outputs/train/smolvla_aug_9_9:20/checkpoints/020000) by extensions ['cmake', 'python']
[0.341s] [34mcolcon.colcon_core.package_identification[0m [1;30mLevel 1[0m _identify(src/aic/outputs/train/smolvla_aug_9_9:20/checkpoints/020000) by extension 'cmake'
[0.341s] [34mcolcon.colcon_core.package_identification[0m [1;30mLevel 1[0m _identify(src/aic/outputs/train/smolvla_aug_9_9:20/checkpoints/020000) by extension 'python'
[0.341s] [34mcolcon.colcon_core.package_identification[0m [1;30mLevel 1[0m _identify(src/aic/outputs/train/smolvla_aug_9_9:20/checkpoints/020000) by extensions ['python_setup_py']
[0.342s] [34mcolcon.colcon_core.package_identification[0m [1;30mLevel 1[0m _identify(src/aic/outputs/train/smolvla_aug_9_9:20/checkpoints/020000) by extension 'python_setup_py'
[0.342s] [34mcolcon.colcon_core.package_identification[0m [1;30mLevel 1[0m _identify(src/aic/outputs/train/smolvla_aug_9_9:20/checkpoints/020000/pretrained_model) by extensions ['ignore', 'ignore_ament_install']
[0.342s] [34mcolcon.colcon_core.package_identification[0m [1;30mLevel 1[0m _identify(src/aic/outputs/train/smolvla_aug_9_9:20/checkpoints/020000/pretrained_model) by extension 'ignore'
[0.342s] [34mcolcon.colcon_core.package_identification[0m [1;30mLevel 1[0m _identify(src/aic/outputs/train/smolvla_aug_9_9:20/checkpoints/020000/pretrained_model) by extension 'ignore_ament_install'
[0.342s] [34mcolcon.colcon_core.package_identification[0m [1;30mLevel 1[0m _identify(src/aic/outputs/train/smolvla_aug_9_9:20/checkpoints/020000/pretrained_model) by extensions ['colcon_pkg']
[0.342s] [34mcolcon.colcon_core.package_identification[0m [1;30mLevel 1[0m _identify(src/aic/outputs/train/smolvla_aug_9_9:20/checkpoints/020000/pretrained_model) by extension 'colcon_pkg'
[0.342s] [34mcolcon.colcon_core.package_identification[0m [1;30mLevel 1[0m _identify(src/aic/outputs/train/smolvla_aug_9_9:20/checkpoints/020000/pretrained_model) by extensions ['colcon_meta']
[0.342s] [34mcolcon.colcon_core.package_identification[0m [1;30mLevel 1[0m _identify(src/aic/outputs/train/smolvla_aug_9_9:20/checkpoints/020000/pretrained_model) by extension 'colcon_meta'
[0.342s] [34mcolcon.colcon_core.package_identification[0m [1;30mLevel 1[0m _identify(src/aic/outputs/train/smolvla_aug_9_9:20/checkpoints/020000/pretrained_model) by extensions ['ros']
[0.342s] [34mcolcon.colcon_core.package_identification[0m [1;30mLevel 1[0m _identify(src/aic/outputs/train/smolvla_aug_9_9:20/checkpoints/020000/pretrained_model) by extension 'ros'
[0.342s] [34mcolcon.colcon_core.package_identification[0m [1;30mLevel 1[0m _identify(src/aic/outputs/train/smolvla_aug_9_9:20/checkpoints/020000/pretrained_model) by extensions ['cmake', 'python']
[0.342s] [34mcolcon.colcon_core.package_identification[0m [1;30mLevel 1[0m _identify(src/aic/outputs/train/smolvla_aug_9_9:20/checkpoints/020000/pretrained_model) by extension 'cmake'
[0.342s] [34mcolcon.colcon_core.package_identification[0m [1;30mLevel 1[0m _identify(src/aic/outputs/train/smolvla_aug_9_9:20/checkpoints/020000/pretrained_model) by extension 'python'
[0.342s] [34mcolcon.colcon_core.package_identification[0m [1;30mLevel 1[0m _identify(src/aic/outputs/train/smolvla_aug_9_9:20/checkpoints/020000/pretrained_model) by extensions ['python_setup_py']
[0.342s] [34mcolcon.colcon_core.package_identification[0m [1;30mLevel 1[0m _identify(src/aic/outputs/train/smolvla_aug_9_9:20/checkpoints/020000/pretrained_model) by extension 'python_setup_py'
[0.342s] [34mcolcon.colcon_core.package_identification[0m [1;30mLevel 1[0m _identify(src/aic/outputs/train/smolvla_aug_9_9:20/checkpoints/020000/training_state) by extensions ['ignore', 'ignore_ament_install']
[0.342s] [34mcolcon.colcon_core.package_identification[0m [1;30mLevel 1[0m _identify(src/aic/outputs/train/smolvla_aug_9_9:20/checkpoints/020000/training_state) by extension 'ignore'
[0.342s] [34mcolcon.colcon_core.package_identification[0m [1;30mLevel 1[0m _identify(src/aic/outputs/train/smolvla_aug_9_9:20/checkpoints/020000/training_state) by extension 'ignore_ament_install'
[0.342s] [34mcolcon.colcon_core.package_identification[0m [1;30mLevel 1[0m _identify(src/aic/outputs/train/smolvla_aug_9_9:20/checkpoints/020000/training_state) by extensions ['colcon_pkg']
[0.342s] [34mcolcon.colcon_core.package_identification[0m [1;30mLevel 1[0m _identify(src/aic/outputs/train/smolvla_aug_9_9:20/checkpoints/020000/training_state) by extension 'colcon_pkg'
[0.342s] [34mcolcon.colcon_core.package_identification[0m [1;30mLevel 1[0m _identify(src/aic/outputs/train/smolvla_aug_9_9:20/checkpoints/020000/training_state) by extensions ['colcon_meta']
[0.342s] [34mcolcon.colcon_core.package_identification[0m [1;30mLevel 1[0m _identify(src/aic/outputs/train/smolvla_aug_9_9:20/checkpoints/020000/training_state) by extension 'colcon_meta'
[0.342s] [34mcolcon.colcon_core.package_identification[0m [1;30mLevel 1[0m _identify(src/aic/outputs/train/smolvla_aug_9_9:20/checkpoints/020000/training_state) by extensions ['ros']
[0.342s] [34mcolcon.colcon_core.package_identification[0m [1;30mLevel 1[0m _identify(src/aic/outputs/train/smolvla_aug_9_9:20/checkpoints/020000/training_state) by extension 'ros'
[0.342s] [34mcolcon.colcon_core.package_identification[0m [1;30mLevel 1[0m _identify(src/aic/outputs/train/smolvla_aug_9_9:20/checkpoints/020000/training_state) by extensions ['cmake', 'python']
[0.342s] [34mcolcon.colcon_core.package_identification[0m [1;30mLevel 1[0m _identify(src/aic/outputs/train/smolvla_aug_9_9:20/checkpoints/020000/training_state) by extension 'cmake'
[0.342s] [34mcolcon.colcon_core.package_identification[0m [1;30mLevel 1[0m _identify(src/aic/outputs/train/smolvla_aug_9_9:20/checkpoints/020000/training_state) by extension 'python'
[0.342s] [34mcolcon.colcon_core.package_identification[0m [1;30mLevel 1[0m _identify(src/aic/outputs/train/smolvla_aug_9_9:20/checkpoints/020000/training_state) by extensions ['python_setup_py']
[0.342s] [34mcolcon.colcon_core.package_identification[0m [1;30mLevel 1[0m _identify(src/aic/outputs/train/smolvla_aug_9_9:20/checkpoints/020000/training_state) by extension 'python_setup_py'
[0.342s] [34mcolcon.colcon_core.package_identification[0m [1;30mLevel 1[0m _identify(src/aic/outputs/train/smolvla_aug_9_9:20/checkpoints/025000) by extensions ['ignore', 'ignore_ament_install']
[0.342s] [34mcolcon.colcon_core.package_identification[0m [1;30mLevel 1[0m _identify(src/aic/outputs/train/smolvla_aug_9_9:20/checkpoints/025000) by extension 'ignore'
[0.342s] [34mcolcon.colcon_core.package_identification[0m [1;30mLevel 1[0m _identify(src/aic/outputs/train/smolvla_aug_9_9:20/checkpoints/025000) by extension 'ignore_ament_install'
[0.342s] [34mcolcon.colcon_core.package_identification[0m [1;30mLevel 1[0m _identify(src/aic/outputs/train/smolvla_aug_9_9:20/checkpoints/025000) by extensions ['colcon_pkg']
[0.342s] [34mcolcon.colcon_core.package_identification[0m [1;30mLevel 1[0m _identify(src/aic/outputs/train/smolvla_aug_9_9:20/checkpoints/025000) by extension 'colcon_pkg'
[0.342s] [34mcolcon.colcon_core.package_identification[0m [1;30mLevel 1[0m _identify(src/aic/outputs/train/smolvla_aug_9_9:20/checkpoints/025000) by extensions ['colcon_meta']
[0.342s] [34mcolcon.colcon_core.package_identification[0m [1;30mLevel 1[0m _identify(src/aic/outputs/train/smolvla_aug_9_9:20/checkpoints/025000) by extension 'colcon_meta'
[0.342s] [34mcolcon.colcon_core.package_identification[0m [1;30mLevel 1[0m _identify(src/aic/outputs/train/smolvla_aug_9_9:20/checkpoints/025000) by extensions ['ros']
[0.342s] [34mcolcon.colcon_core.package_identification[0m [1;30mLevel 1[0m _identify(src/aic/outputs/train/smolvla_aug_9_9:20/checkpoints/025000) by extension 'ros'
[0.342s] [34mcolcon.colcon_core.package_identification[0m [1;30mLevel 1[0m _identify(src/aic/outputs/train/smolvla_aug_9_9:20/checkpoints/025000) by extensions ['cmake', 'python']
[0.342s] [34mcolcon.colcon_core.package_identification[0m [1;30mLevel 1[0m _identify(src/aic/outputs/train/smolvla_aug_9_9:20/checkpoints/025000) by extension 'cmake'
[0.342s] [34mcolcon.colcon_core.package_identification[0m [1;30mLevel 1[0m _identify(src/aic/outputs/train/smolvla_aug_9_9:20/checkpoints/025000) by extension 'python'
[0.342s] [34mcolcon.colcon_core.package_identification[0m [1;30mLevel 1[0m _identify(src/aic/outputs/train/smolvla_aug_9_9:20/checkpoints/025000) by extensions ['python_setup_py']
[0.342s] [34mcolcon.colcon_core.package_identification[0m [1;30mLevel 1[0m _identify(src/aic/outputs/train/smolvla_aug_9_9:20/checkpoints/025000) by extension 'python_setup_py'
[0.343s] [34mcolcon.colcon_core.package_identification[0m [1;30mLevel 1[0m _identify(src/aic/outputs/train/smolvla_aug_9_9:20/checkpoints/025000/pretrained_model) by extensions ['ignore', 'ignore_ament_install']
[0.343s] [34mcolcon.colcon_core.package_identification[0m [1;30mLevel 1[0m _identify(src/aic/outputs/train/smolvla_aug_9_9:20/checkpoints/025000/pretrained_model) by extension 'ignore'
[0.343s] [34mcolcon.colcon_core.package_identification[0m [1;30mLevel 1[0m _identify(src/aic/outputs/train/smolvla_aug_9_9:20/checkpoints/025000/pretrained_model) by extension 'ignore_ament_install'
[0.343s] [34mcolcon.colcon_core.package_identification[0m [1;30mLevel 1[0m _identify(src/aic/outputs/train/smolvla_aug_9_9:20/checkpoints/025000/pretrained_model) by extensions ['colcon_pkg']
[0.343s] [34mcolcon.colcon_core.package_identification[0m [1;30mLevel 1[0m _identify(src/aic/outputs/train/smolvla_aug_9_9:20/checkpoints/025000/pretrained_model) by extension 'colcon_pkg'
[0.343s] [34mcolcon.colcon_core.package_identification[0m [1;30mLevel 1[0m _identify(src/aic/outputs/train/smolvla_aug_9_9:20/checkpoints/025000/pretrained_model) by extensions ['colcon_meta']
[0.343s] [34mcolcon.colcon_core.package_identification[0m [1;30mLevel 1[0m _identify(src/aic/outputs/train/smolvla_aug_9_9:20/checkpoints/025000/pretrained_model) by extension 'colcon_meta'
[0.343s] [34mcolcon.colcon_core.package_identification[0m [1;30mLevel 1[0m _identify(src/aic/outputs/train/smolvla_aug_9_9:20/checkpoints/025000/pretrained_model) by extensions ['ros']
[0.343s] [34mcolcon.colcon_core.package_identification[0m [1;30mLevel 1[0m _identify(src/aic/outputs/train/smolvla_aug_9_9:20/checkpoints/025000/pretrained_model) by extension 'ros'
[0.343s] [34mcolcon.colcon_core.package_identification[0m [1;30mLevel 1[0m _identify(src/aic/outputs/train/smolvla_aug_9_9:20/checkpoints/025000/pretrained_model) by extensions ['cmake', 'python']
[0.343s] [34mcolcon.colcon_core.package_identification[0m [1;30mLevel 1[0m _identify(src/aic/outputs/train/smolvla_aug_9_9:20/checkpoints/025000/pretrained_model) by extension 'cmake'
[0.343s] [34mcolcon.colcon_core.package_identification[0m [1;30mLevel 1[0m _identify(src/aic/outputs/train/smolvla_aug_9_9:20/checkpoints/025000/pretrained_model) by extension 'python'
[0.343s] [34mcolcon.colcon_core.package_identification[0m [1;30mLevel 1[0m _identify(src/aic/outputs/train/smolvla_aug_9_9:20/checkpoints/025000/pretrained_model) by extensions ['python_setup_py']
[0.343s] [34mcolcon.colcon_core.package_identification[0m [1;30mLevel 1[0m _identify(src/aic/outputs/train/smolvla_aug_9_9:20/checkpoints/025000/pretrained_model) by extension 'python_setup_py'
[0.343s] [34mcolcon.colcon_core.package_identification[0m [1;30mLevel 1[0m _identify(src/aic/outputs/train/smolvla_aug_9_9:20/checkpoints/025000/training_state) by extensions ['ignore', 'ignore_ament_install']
[0.343s] [34mcolcon.colcon_core.package_identification[0m [1;30mLevel 1[0m _identify(src/aic/outputs/train/smolvla_aug_9_9:20/checkpoints/025000/training_state) by extension 'ignore'
[0.343s] [34mcolcon.colcon_core.package_identification[0m [1;30mLevel 1[0m _identify(src/aic/outputs/train/smolvla_aug_9_9:20/checkpoints/025000/training_state) by extension 'ignore_ament_install'
[0.343s] [34mcolcon.colcon_core.package_identification[0m [1;30mLevel 1[0m _identify(src/aic/outputs/train/smolvla_aug_9_9:20/checkpoints/025000/training_state) by extensions ['colcon_pkg']
[0.343s] [34mcolcon.colcon_core.package_identification[0m [1;30mLevel 1[0m _identify(src/aic/outputs/train/smolvla_aug_9_9:20/checkpoints/025000/training_state) by extension 'colcon_pkg'
[0.343s] [34mcolcon.colcon_core.package_identification[0m [1;30mLevel 1[0m _identify(src/aic/outputs/train/smolvla_aug_9_9:20/checkpoints/025000/training_state) by extensions ['colcon_meta']
[0.343s] [34mcolcon.colcon_core.package_identification[0m [1;30mLevel 1[0m _identify(src/aic/outputs/train/smolvla_aug_9_9:20/checkpoints/025000/training_state) by extension 'colcon_meta'
[0.343s] [34mcolcon.colcon_core.package_identification[0m [1;30mLevel 1[0m _identify(src/aic/outputs/train/smolvla_aug_9_9:20/checkpoints/025000/training_state) by extensions ['ros']
[0.343s] [34mcolcon.colcon_core.package_identification[0m [1;30mLevel 1[0m _identify(src/aic/outputs/train/smolvla_aug_9_9:20/checkpoints/025000/training_state) by extension 'ros'
[0.343s] [34mcolcon.colcon_core.package_identification[0m [1;30mLevel 1[0m _identify(src/aic/outputs/train/smolvla_aug_9_9:20/checkpoints/025000/training_state) by extensions ['cmake', 'python']
[0.343s] [34mcolcon.colcon_core.package_identification[0m [1;30mLevel 1[0m _identify(src/aic/outputs/train/smolvla_aug_9_9:20/checkpoints/025000/training_state) by extension 'cmake'
[0.343s] [34mcolcon.colcon_core.package_identification[0m [1;30mLevel 1[0m _identify(src/aic/outputs/train/smolvla_aug_9_9:20/checkpoints/025000/training_state) by extension 'python'
[0.343s] [34mcolcon.colcon_core.package_identification[0m [1;30mLevel 1[0m _identify(src/aic/outputs/train/smolvla_aug_9_9:20/checkpoints/025000/training_state) by extensions ['python_setup_py']
[0.343s] [34mcolcon.colcon_core.package_identification[0m [1;30mLevel 1[0m _identify(src/aic/outputs/train/smolvla_aug_9_9:20/checkpoints/025000/training_state) by extension 'python_setup_py'
[0.343s] [34mcolcon.colcon_core.package_identification[0m [1;30mLevel 1[0m _identify(src/aic/outputs/train/smolvla_aug_9_9:20/wandb) by extensions ['ignore', 'ignore_ament_install']
[0.343s] [34mcolcon.colcon_core.package_identification[0m [1;30mLevel 1[0m _identify(src/aic/outputs/train/smolvla_aug_9_9:20/wandb) by extension 'ignore'
[0.343s] [34mcolcon.colcon_core.package_identification[0m [1;30mLevel 1[0m _identify(src/aic/outputs/train/smolvla_aug_9_9:20/wandb) by extension 'ignore_ament_install'
[0.343s] [34mcolcon.colcon_core.package_identification[0m [1;30mLevel 1[0m _identify(src/aic/outputs/train/smolvla_aug_9_9:20/wandb) by extensions ['colcon_pkg']
[0.343s] [34mcolcon.colcon_core.package_identification[0m [1;30mLevel 1[0m _identify(src/aic/outputs/train/smolvla_aug_9_9:20/wandb) by extension 'colcon_pkg'
[0.343s] [34mcolcon.colcon_core.package_identification[0m [1;30mLevel 1[0m _identify(src/aic/outputs/train/smolvla_aug_9_9:20/wandb) by extensions ['colcon_meta']
[0.343s] [34mcolcon.colcon_core.package_identification[0m [1;30mLevel 1[0m _identify(src/aic/outputs/train/smolvla_aug_9_9:20/wandb) by extension 'colcon_meta'
[0.343s] [34mcolcon.colcon_core.package_identification[0m [1;30mLevel 1[0m _identify(src/aic/outputs/train/smolvla_aug_9_9:20/wandb) by extensions ['ros']
[0.343s] [34mcolcon.colcon_core.package_identification[0m [1;30mLevel 1[0m _identify(src/aic/outputs/train/smolvla_aug_9_9:20/wandb) by extension 'ros'
[0.344s] [34mcolcon.colcon_core.package_identification[0m [1;30mLevel 1[0m _identify(src/aic/outputs/train/smolvla_aug_9_9:20/wandb) by extensions ['cmake', 'python']
[0.344s] [34mcolcon.colcon_core.package_identification[0m [1;30mLevel 1[0m _identify(src/aic/outputs/train/smolvla_aug_9_9:20/wandb) by extension 'cmake'
[0.344s] [34mcolcon.colcon_core.package_identification[0m [1;30mLevel 1[0m _identify(src/aic/outputs/train/smolvla_aug_9_9:20/wandb) by extension 'python'
[0.344s] [34mcolcon.colcon_core.package_identification[0m [1;30mLevel 1[0m _identify(src/aic/outputs/train/smolvla_aug_9_9:20/wandb) by extensions ['python_setup_py']
[0.344s] [34mcolcon.colcon_core.package_identification[0m [1;30mLevel 1[0m _identify(src/aic/outputs/train/smolvla_aug_9_9:20/wandb) by extension 'python_setup_py'
[0.344s] [34mcolcon.colcon_core.package_identification[0m [1;30mLevel 1[0m _identify(src/aic/outputs/train/smolvla_aug_9_9:20/wandb/latest-run) by extensions ['ignore', 'ignore_ament_install']
[0.344s] [34mcolcon.colcon_core.package_identification[0m [1;30mLevel 1[0m _identify(src/aic/outputs/train/smolvla_aug_9_9:20/wandb/latest-run) by extension 'ignore'
[0.344s] [34mcolcon.colcon_core.package_identification[0m [1;30mLevel 1[0m _identify(src/aic/outputs/train/smolvla_aug_9_9:20/wandb/latest-run) by extension 'ignore_ament_install'
[0.344s] [34mcolcon.colcon_core.package_identification[0m [1;30mLevel 1[0m _identify(src/aic/outputs/train/smolvla_aug_9_9:20/wandb/latest-run) by extensions ['colcon_pkg']
[0.344s] [34mcolcon.colcon_core.package_identification[0m [1;30mLevel 1[0m _identify(src/aic/outputs/train/smolvla_aug_9_9:20/wandb/latest-run) by extension 'colcon_pkg'
[0.344s] [34mcolcon.colcon_core.package_identification[0m [1;30mLevel 1[0m _identify(src/aic/outputs/train/smolvla_aug_9_9:20/wandb/latest-run) by extensions ['colcon_meta']
[0.344s] [34mcolcon.colcon_core.package_identification[0m [1;30mLevel 1[0m _identify(src/aic/outputs/train/smolvla_aug_9_9:20/wandb/latest-run) by extension 'colcon_meta'
[0.344s] [34mcolcon.colcon_core.package_identification[0m [1;30mLevel 1[0m _identify(src/aic/outputs/train/smolvla_aug_9_9:20/wandb/latest-run) by extensions ['ros']
[0.344s] [34mcolcon.colcon_core.package_identification[0m [1;30mLevel 1[0m _identify(src/aic/outputs/train/smolvla_aug_9_9:20/wandb/latest-run) by extension 'ros'
[0.344s] [34mcolcon.colcon_core.package_identification[0m [1;30mLevel 1[0m _identify(src/aic/outputs/train/smolvla_aug_9_9:20/wandb/latest-run) by extensions ['cmake', 'python']
[0.344s] [34mcolcon.colcon_core.package_identification[0m [1;30mLevel 1[0m _identify(src/aic/outputs/train/smolvla_aug_9_9:20/wandb/latest-run) by extension 'cmake'
[0.344s] [34mcolcon.colcon_core.package_identification[0m [1;30mLevel 1[0m _identify(src/aic/outputs/train/smolvla_aug_9_9:20/wandb/latest-run) by extension 'python'
[0.344s] [34mcolcon.colcon_core.package_identification[0m [1;30mLevel 1[0m _identify(src/aic/outputs/train/smolvla_aug_9_9:20/wandb/latest-run) by extensions ['python_setup_py']
[0.344s] [34mcolcon.colcon_core.package_identification[0m [1;30mLevel 1[0m _identify(src/aic/outputs/train/smolvla_aug_9_9:20/wandb/latest-run) by extension 'python_setup_py'
[0.344s] [34mcolcon.colcon_core.package_identification[0m [1;30mLevel 1[0m _identify(src/aic/outputs/train/smolvla_aug_9_9:20/wandb/latest-run/files) by extensions ['ignore', 'ignore_ament_install']
[0.344s] [34mcolcon.colcon_core.package_identification[0m [1;30mLevel 1[0m _identify(src/aic/outputs/train/smolvla_aug_9_9:20/wandb/latest-run/files) by extension 'ignore'
[0.344s] [34mcolcon.colcon_core.package_identification[0m [1;30mLevel 1[0m _identify(src/aic/outputs/train/smolvla_aug_9_9:20/wandb/latest-run/files) by extension 'ignore_ament_install'
[0.344s] [34mcolcon.colcon_core.package_identification[0m [1;30mLevel 1[0m _identify(src/aic/outputs/train/smolvla_aug_9_9:20/wandb/latest-run/files) by extensions ['colcon_pkg']
[0.344s] [34mcolcon.colcon_core.package_identification[0m [1;30mLevel 1[0m _identify(src/aic/outputs/train/smolvla_aug_9_9:20/wandb/latest-run/files) by extension 'colcon_pkg'
[0.344s] [34mcolcon.colcon_core.package_identification[0m [1;30mLevel 1[0m _identify(src/aic/outputs/train/smolvla_aug_9_9:20/wandb/latest-run/files) by extensions ['colcon_meta']
[0.344s] [34mcolcon.colcon_core.package_identification[0m [1;30mLevel 1[0m _identify(src/aic/outputs/train/smolvla_aug_9_9:20/wandb/latest-run/files) by extension 'colcon_meta'
[0.344s] [34mcolcon.colcon_core.package_identification[0m [1;30mLevel 1[0m _identify(src/aic/outputs/train/smolvla_aug_9_9:20/wandb/latest-run/files) by extensions ['ros']
[0.344s] [34mcolcon.colcon_core.package_identification[0m [1;30mLevel 1[0m _identify(src/aic/outputs/train/smolvla_aug_9_9:20/wandb/latest-run/files) by extension 'ros'
[0.344s] [34mcolcon.colcon_core.package_identification[0m [1;30mLevel 1[0m _identify(src/aic/outputs/train/smolvla_aug_9_9:20/wandb/latest-run/files) by extensions ['cmake', 'python']
[0.344s] [34mcolcon.colcon_core.package_identification[0m [1;30mLevel 1[0m _identify(src/aic/outputs/train/smolvla_aug_9_9:20/wandb/latest-run/files) by extension 'cmake'
[0.344s] [34mcolcon.colcon_core.package_identification[0m [1;30mLevel 1[0m _identify(src/aic/outputs/train/smolvla_aug_9_9:20/wandb/latest-run/files) by extension 'python'
[0.344s] [34mcolcon.colcon_core.package_identification[0m [1;30mLevel 1[0m _identify(src/aic/outputs/train/smolvla_aug_9_9:20/wandb/latest-run/files) by extensions ['python_setup_py']
[0.344s] [34mcolcon.colcon_core.package_identification[0m [1;30mLevel 1[0m _identify(src/aic/outputs/train/smolvla_aug_9_9:20/wandb/latest-run/files) by extension 'python_setup_py'
[0.344s] [34mcolcon.colcon_core.package_identification[0m [1;30mLevel 1[0m _identify(src/aic/outputs/train/smolvla_aug_9_9:20/wandb/latest-run/logs) by extensions ['ignore', 'ignore_ament_install']
[0.344s] [34mcolcon.colcon_core.package_identification[0m [1;30mLevel 1[0m _identify(src/aic/outputs/train/smolvla_aug_9_9:20/wandb/latest-run/logs) by extension 'ignore'
[0.344s] [34mcolcon.colcon_core.package_identification[0m [1;30mLevel 1[0m _identify(src/aic/outputs/train/smolvla_aug_9_9:20/wandb/latest-run/logs) by extension 'ignore_ament_install'
[0.344s] [34mcolcon.colcon_core.package_identification[0m [1;30mLevel 1[0m _identify(src/aic/outputs/train/smolvla_aug_9_9:20/wandb/latest-run/logs) by extensions ['colcon_pkg']
[0.344s] [34mcolcon.colcon_core.package_identification[0m [1;30mLevel 1[0m _identify(src/aic/outputs/train/smolvla_aug_9_9:20/wandb/latest-run/logs) by extension 'colcon_pkg'
[0.344s] [34mcolcon.colcon_core.package_identification[0m [1;30mLevel 1[0m _identify(src/aic/outputs/train/smolvla_aug_9_9:20/wandb/latest-run/logs) by extensions ['colcon_meta']
[0.344s] [34mcolcon.colcon_core.package_identification[0m [1;30mLevel 1[0m _identify(src/aic/outputs/train/smolvla_aug_9_9:20/wandb/latest-run/logs) by extension 'colcon_meta'
[0.344s] [34mcolcon.colcon_core.package_identification[0m [1;30mLevel 1[0m _identify(src/aic/outputs/train/smolvla_aug_9_9:20/wandb/latest-run/logs) by extensions ['ros']
[0.344s] [34mcolcon.colcon_core.package_identification[0m [1;30mLevel 1[0m _identify(src/aic/outputs/train/smolvla_aug_9_9:20/wandb/latest-run/logs) by extension 'ros'
[0.345s] [34mcolcon.colcon_core.package_identification[0m [1;30mLevel 1[0m _identify(src/aic/outputs/train/smolvla_aug_9_9:20/wandb/latest-run/logs) by extensions ['cmake', 'python']
[0.345s] [34mcolcon.colcon_core.package_identification[0m [1;30mLevel 1[0m _identify(src/aic/outputs/train/smolvla_aug_9_9:20/wandb/latest-run/logs) by extension 'cmake'
[0.345s] [34mcolcon.colcon_core.package_identification[0m [1;30mLevel 1[0m _identify(src/aic/outputs/train/smolvla_aug_9_9:20/wandb/latest-run/logs) by extension 'python'
[0.345s] [34mcolcon.colcon_core.package_identification[0m [1;30mLevel 1[0m _identify(src/aic/outputs/train/smolvla_aug_9_9:20/wandb/latest-run/logs) by extensions ['python_setup_py']
[0.345s] [34mcolcon.colcon_core.package_identification[0m [1;30mLevel 1[0m _identify(src/aic/outputs/train/smolvla_aug_9_9:20/wandb/latest-run/logs) by extension 'python_setup_py'
[0.345s] [34mcolcon.colcon_core.package_identification[0m [1;30mLevel 1[0m _identify(src/aic/outputs/train/smolvla_aug_9_9:20/wandb/latest-run/tmp) by extensions ['ignore', 'ignore_ament_install']
[0.345s] [34mcolcon.colcon_core.package_identification[0m [1;30mLevel 1[0m _identify(src/aic/outputs/train/smolvla_aug_9_9:20/wandb/latest-run/tmp) by extension 'ignore'
[0.345s] [34mcolcon.colcon_core.package_identification[0m [1;30mLevel 1[0m _identify(src/aic/outputs/train/smolvla_aug_9_9:20/wandb/latest-run/tmp) by extension 'ignore_ament_install'
[0.345s] [34mcolcon.colcon_core.package_identification[0m [1;30mLevel 1[0m _identify(src/aic/outputs/train/smolvla_aug_9_9:20/wandb/latest-run/tmp) by extensions ['colcon_pkg']
[0.345s] [34mcolcon.colcon_core.package_identification[0m [1;30mLevel 1[0m _identify(src/aic/outputs/train/smolvla_aug_9_9:20/wandb/latest-run/tmp) by extension 'colcon_pkg'
[0.345s] [34mcolcon.colcon_core.package_identification[0m [1;30mLevel 1[0m _identify(src/aic/outputs/train/smolvla_aug_9_9:20/wandb/latest-run/tmp) by extensions ['colcon_meta']
[0.345s] [34mcolcon.colcon_core.package_identification[0m [1;30mLevel 1[0m _identify(src/aic/outputs/train/smolvla_aug_9_9:20/wandb/latest-run/tmp) by extension 'colcon_meta'
[0.345s] [34mcolcon.colcon_core.package_identification[0m [1;30mLevel 1[0m _identify(src/aic/outputs/train/smolvla_aug_9_9:20/wandb/latest-run/tmp) by extensions ['ros']
[0.345s] [34mcolcon.colcon_core.package_identification[0m [1;30mLevel 1[0m _identify(src/aic/outputs/train/smolvla_aug_9_9:20/wandb/latest-run/tmp) by extension 'ros'
[0.345s] [34mcolcon.colcon_core.package_identification[0m [1;30mLevel 1[0m _identify(src/aic/outputs/train/smolvla_aug_9_9:20/wandb/latest-run/tmp) by extensions ['cmake', 'python']
[0.345s] [34mcolcon.colcon_core.package_identification[0m [1;30mLevel 1[0m _identify(src/aic/outputs/train/smolvla_aug_9_9:20/wandb/latest-run/tmp) by extension 'cmake'
[0.345s] [34mcolcon.colcon_core.package_identification[0m [1;30mLevel 1[0m _identify(src/aic/outputs/train/smolvla_aug_9_9:20/wandb/latest-run/tmp) by extension 'python'
[0.345s] [34mcolcon.colcon_core.package_identification[0m [1;30mLevel 1[0m _identify(src/aic/outputs/train/smolvla_aug_9_9:20/wandb/latest-run/tmp) by extensions ['python_setup_py']
[0.345s] [34mcolcon.colcon_core.package_identification[0m [1;30mLevel 1[0m _identify(src/aic/outputs/train/smolvla_aug_9_9:20/wandb/latest-run/tmp) by extension 'python_setup_py'
[0.345s] [34mcolcon.colcon_core.package_identification[0m [1;30mLevel 1[0m _identify(src/aic/outputs/train/smolvla_aug_9_9:20/wandb/latest-run/tmp/code) by extensions ['ignore', 'ignore_ament_install']
[0.345s] [34mcolcon.colcon_core.package_identification[0m [1;30mLevel 1[0m _identify(src/aic/outputs/train/smolvla_aug_9_9:20/wandb/latest-run/tmp/code) by extension 'ignore'
[0.345s] [34mcolcon.colcon_core.package_identification[0m [1;30mLevel 1[0m _identify(src/aic/outputs/train/smolvla_aug_9_9:20/wandb/latest-run/tmp/code) by extension 'ignore_ament_install'
[0.345s] [34mcolcon.colcon_core.package_identification[0m [1;30mLevel 1[0m _identify(src/aic/outputs/train/smolvla_aug_9_9:20/wandb/latest-run/tmp/code) by extensions ['colcon_pkg']
[0.345s] [34mcolcon.colcon_core.package_identification[0m [1;30mLevel 1[0m _identify(src/aic/outputs/train/smolvla_aug_9_9:20/wandb/latest-run/tmp/code) by extension 'colcon_pkg'
[0.345s] [34mcolcon.colcon_core.package_identification[0m [1;30mLevel 1[0m _identify(src/aic/outputs/train/smolvla_aug_9_9:20/wandb/latest-run/tmp/code) by extensions ['colcon_meta']
[0.345s] [34mcolcon.colcon_core.package_identification[0m [1;30mLevel 1[0m _identify(src/aic/outputs/train/smolvla_aug_9_9:20/wandb/latest-run/tmp/code) by extension 'colcon_meta'
[0.345s] [34mcolcon.colcon_core.package_identification[0m [1;30mLevel 1[0m _identify(src/aic/outputs/train/smolvla_aug_9_9:20/wandb/latest-run/tmp/code) by extensions ['ros']
[0.345s] [34mcolcon.colcon_core.package_identification[0m [1;30mLevel 1[0m _identify(src/aic/outputs/train/smolvla_aug_9_9:20/wandb/latest-run/tmp/code) by extension 'ros'
[0.345s] [34mcolcon.colcon_core.package_identification[0m [1;30mLevel 1[0m _identify(src/aic/outputs/train/smolvla_aug_9_9:20/wandb/latest-run/tmp/code) by extensions ['cmake', 'python']
[0.345s] [34mcolcon.colcon_core.package_identification[0m [1;30mLevel 1[0m _identify(src/aic/outputs/train/smolvla_aug_9_9:20/wandb/latest-run/tmp/code) by extension 'cmake'
[0.345s] [34mcolcon.colcon_core.package_identification[0m [1;30mLevel 1[0m _identify(src/aic/outputs/train/smolvla_aug_9_9:20/wandb/latest-run/tmp/code) by extension 'python'
[0.345s] [34mcolcon.colcon_core.package_identification[0m [1;30mLevel 1[0m _identify(src/aic/outputs/train/smolvla_aug_9_9:20/wandb/latest-run/tmp/code) by extensions ['python_setup_py']
[0.345s] [34mcolcon.colcon_core.package_identification[0m [1;30mLevel 1[0m _identify(src/aic/outputs/train/smolvla_aug_9_9:20/wandb/latest-run/tmp/code) by extension 'python_setup_py'
[0.345s] [34mcolcon.colcon_core.package_discovery[0m [1;30mLevel 1[0m discover_packages(recursive) using defaults
[0.345s] [34mcolcon.colcon_core.package_discovery[0m [1;30mLevel 1[0m discover_packages(ignore) discover
[0.345s] [34mcolcon.colcon_core.package_discovery[0m [1;30mLevel 1[0m discover_packages(ignore) using defaults
[0.345s] [34mcolcon.colcon_core.package_discovery[0m [1;30mLevel 1[0m discover_packages(path) discover
[0.345s] [34mcolcon.colcon_core.package_discovery[0m [1;30mLevel 1[0m discover_packages(path) using defaults
[0.359s] [34mcolcon.colcon_core.verb[0m [1;30mLevel 5[0m set package 'aic_assets' build argument 'cmake_args' from command line to 'None'
[0.359s] [34mcolcon.colcon_core.verb[0m [1;30mLevel 5[0m set package 'aic_assets' build argument 'cmake_target' from command line to 'None'
[0.359s] [34mcolcon.colcon_core.verb[0m [1;30mLevel 5[0m set package 'aic_assets' build argument 'cmake_target_skip_unavailable' from command line to 'False'
[0.359s] [34mcolcon.colcon_core.verb[0m [1;30mLevel 5[0m set package 'aic_assets' build argument 'cmake_clean_cache' from command line to 'False'
[0.359s] [34mcolcon.colcon_core.verb[0m [1;30mLevel 5[0m set package 'aic_assets' build argument 'cmake_clean_first' from command line to 'False'
[0.359s] [34mcolcon.colcon_core.verb[0m [1;30mLevel 5[0m set package 'aic_assets' build argument 'cmake_force_configure' from command line to 'False'
[0.359s] [34mcolcon.colcon_core.verb[0m [1;30mLevel 5[0m set package 'aic_assets' build argument 'ament_cmake_args' from command line to 'None'
[0.359s] [34mcolcon.colcon_core.verb[0m [1;30mLevel 5[0m set package 'aic_assets' build argument 'catkin_cmake_args' from command line to 'None'
[0.359s] [34mcolcon.colcon_core.verb[0m [1;30mLevel 5[0m set package 'aic_assets' build argument 'catkin_skip_building_tests' from command line to 'False'
[0.359s] [34mcolcon.colcon_core.verb[0m [1;30mDEBUG[0m [32mBuilding package 'aic_assets' with the following arguments: {'ament_cmake_args': None, 'build_base': '/home/radhae/ws_aic/build/aic_assets', 'catkin_cmake_args': None, 'catkin_skip_building_tests': False, 'cmake_args': None, 'cmake_clean_cache': False, 'cmake_clean_first': False, 'cmake_force_configure': False, 'cmake_target': None, 'cmake_target_skip_unavailable': False, 'install_base': '/home/radhae/ws_aic/install/aic_assets', 'merge_install': False, 'path': '/home/radhae/ws_aic/src/aic/aic_assets', 'symlink_install': False, 'test_result_base': None}[0m
[0.359s] [34mcolcon.colcon_core.verb[0m [1;30mLevel 5[0m set package 'aic_control_interfaces' build argument 'cmake_args' from command line to 'None'
[0.359s] [34mcolcon.colcon_core.verb[0m [1;30mLevel 5[0m set package 'aic_control_interfaces' build argument 'cmake_target' from command line to 'None'
[0.359s] [34mcolcon.colcon_core.verb[0m [1;30mLevel 5[0m set package 'aic_control_interfaces' build argument 'cmake_target_skip_unavailable' from command line to 'False'
[0.359s] [34mcolcon.colcon_core.verb[0m [1;30mLevel 5[0m set package 'aic_control_interfaces' build argument 'cmake_clean_cache' from command line to 'False'
[0.359s] [34mcolcon.colcon_core.verb[0m [1;30mLevel 5[0m set package 'aic_control_interfaces' build argument 'cmake_clean_first' from command line to 'False'
[0.359s] [34mcolcon.colcon_core.verb[0m [1;30mLevel 5[0m set package 'aic_control_interfaces' build argument 'cmake_force_configure' from command line to 'False'
[0.359s] [34mcolcon.colcon_core.verb[0m [1;30mLevel 5[0m set package 'aic_control_interfaces' build argument 'ament_cmake_args' from command line to 'None'
[0.359s] [34mcolcon.colcon_core.verb[0m [1;30mLevel 5[0m set package 'aic_control_interfaces' build argument 'catkin_cmake_args' from command line to 'None'
[0.359s] [34mcolcon.colcon_core.verb[0m [1;30mLevel 5[0m set package 'aic_control_interfaces' build argument 'catkin_skip_building_tests' from command line to 'False'
[0.359s] [34mcolcon.colcon_core.verb[0m [1;30mDEBUG[0m [32mBuilding package 'aic_control_interfaces' with the following arguments: {'ament_cmake_args': None, 'build_base': '/home/radhae/ws_aic/build/aic_control_interfaces', 'catkin_cmake_args': None, 'catkin_skip_building_tests': False, 'cmake_args': None, 'cmake_clean_cache': False, 'cmake_clean_first': False, 'cmake_force_configure': False, 'cmake_target': None, 'cmake_target_skip_unavailable': False, 'install_base': '/home/radhae/ws_aic/install/aic_control_interfaces', 'merge_install': False, 'path': '/home/radhae/ws_aic/src/aic/aic_interfaces/aic_control_interfaces', 'symlink_install': False, 'test_result_base': None}[0m
[0.359s] [34mcolcon.colcon_core.verb[0m [1;30mLevel 5[0m set package 'aic_engine_interfaces' build argument 'cmake_args' from command line to 'None'
[0.359s] [34mcolcon.colcon_core.verb[0m [1;30mLevel 5[0m set package 'aic_engine_interfaces' build argument 'cmake_target' from command line to 'None'
[0.359s] [34mcolcon.colcon_core.verb[0m [1;30mLevel 5[0m set package 'aic_engine_interfaces' build argument 'cmake_target_skip_unavailable' from command line to 'False'
[0.359s] [34mcolcon.colcon_core.verb[0m [1;30mLevel 5[0m set package 'aic_engine_interfaces' build argument 'cmake_clean_cache' from command line to 'False'
[0.359s] [34mcolcon.colcon_core.verb[0m [1;30mLevel 5[0m set package 'aic_engine_interfaces' build argument 'cmake_clean_first' from command line to 'False'
[0.359s] [34mcolcon.colcon_core.verb[0m [1;30mLevel 5[0m set package 'aic_engine_interfaces' build argument 'cmake_force_configure' from command line to 'False'
[0.359s] [34mcolcon.colcon_core.verb[0m [1;30mLevel 5[0m set package 'aic_engine_interfaces' build argument 'ament_cmake_args' from command line to 'None'
[0.359s] [34mcolcon.colcon_core.verb[0m [1;30mLevel 5[0m set package 'aic_engine_interfaces' build argument 'catkin_cmake_args' from command line to 'None'
[0.359s] [34mcolcon.colcon_core.verb[0m [1;30mLevel 5[0m set package 'aic_engine_interfaces' build argument 'catkin_skip_building_tests' from command line to 'False'
[0.359s] [34mcolcon.colcon_core.verb[0m [1;30mDEBUG[0m [32mBuilding package 'aic_engine_interfaces' with the following arguments: {'ament_cmake_args': None, 'build_base': '/home/radhae/ws_aic/build/aic_engine_interfaces', 'catkin_cmake_args': None, 'catkin_skip_building_tests': False, 'cmake_args': None, 'cmake_clean_cache': False, 'cmake_clean_first': False, 'cmake_force_configure': False, 'cmake_target': None, 'cmake_target_skip_unavailable': False, 'install_base': '/home/radhae/ws_aic/install/aic_engine_interfaces', 'merge_install': False, 'path': '/home/radhae/ws_aic/src/aic/aic_interfaces/aic_engine_interfaces', 'symlink_install': False, 'test_result_base': None}[0m
[0.359s] [34mcolcon.colcon_core.verb[0m [1;30mLevel 5[0m set package 'aic_task' build argument 'cmake_args' from command line to 'None'
[0.359s] [34mcolcon.colcon_core.verb[0m [1;30mLevel 5[0m set package 'aic_task' build argument 'cmake_target' from command line to 'None'
[0.359s] [34mcolcon.colcon_core.verb[0m [1;30mLevel 5[0m set package 'aic_task' build argument 'cmake_target_skip_unavailable' from command line to 'False'
[0.359s] [34mcolcon.colcon_core.verb[0m [1;30mLevel 5[0m set package 'aic_task' build argument 'cmake_clean_cache' from command line to 'False'
[0.359s] [34mcolcon.colcon_core.verb[0m [1;30mLevel 5[0m set package 'aic_task' build argument 'cmake_clean_first' from command line to 'False'
[0.359s] [34mcolcon.colcon_core.verb[0m [1;30mLevel 5[0m set package 'aic_task' build argument 'cmake_force_configure' from command line to 'False'
[0.359s] [34mcolcon.colcon_core.verb[0m [1;30mLevel 5[0m set package 'aic_task' build argument 'ament_cmake_args' from command line to 'None'
[0.359s] [34mcolcon.colcon_core.verb[0m [1;30mLevel 5[0m set package 'aic_task' build argument 'catkin_cmake_args' from command line to 'None'
[0.359s] [34mcolcon.colcon_core.verb[0m [1;30mLevel 5[0m set package 'aic_task' build argument 'catkin_skip_building_tests' from command line to 'False'
[0.360s] [34mcolcon.colcon_core.verb[0m [1;30mDEBUG[0m [32mBuilding package 'aic_task' with the following arguments: {'ament_cmake_args': None, 'build_base': '/home/radhae/ws_aic/build/aic_task', 'catkin_cmake_args': None, 'catkin_skip_building_tests': False, 'cmake_args': None, 'cmake_clean_cache': False, 'cmake_clean_first': False, 'cmake_force_configure': False, 'cmake_target': None, 'cmake_target_skip_unavailable': False, 'install_base': '/home/radhae/ws_aic/install/aic_task', 'merge_install': False, 'path': '/home/radhae/ws_aic/src/aic/aic_utils/aic_isaac/aic_isaaclab/source/aic_task', 'symlink_install': False, 'test_result_base': None}[0m
[0.360s] [34mcolcon.colcon_core.verb[0m [1;30mLevel 5[0m set package 'aic_task_interfaces' build argument 'cmake_args' from command line to 'None'
[0.360s] [34mcolcon.colcon_core.verb[0m [1;30mLevel 5[0m set package 'aic_task_interfaces' build argument 'cmake_target' from command line to 'None'
[0.360s] [34mcolcon.colcon_core.verb[0m [1;30mLevel 5[0m set package 'aic_task_interfaces' build argument 'cmake_target_skip_unavailable' from command line to 'False'
[0.360s] [34mcolcon.colcon_core.verb[0m [1;30mLevel 5[0m set package 'aic_task_interfaces' build argument 'cmake_clean_cache' from command line to 'False'
[0.360s] [34mcolcon.colcon_core.verb[0m [1;30mLevel 5[0m set package 'aic_task_interfaces' build argument 'cmake_clean_first' from command line to 'False'
[0.360s] [34mcolcon.colcon_core.verb[0m [1;30mLevel 5[0m set package 'aic_task_interfaces' build argument 'cmake_force_configure' from command line to 'False'
[0.360s] [34mcolcon.colcon_core.verb[0m [1;30mLevel 5[0m set package 'aic_task_interfaces' build argument 'ament_cmake_args' from command line to 'None'
[0.360s] [34mcolcon.colcon_core.verb[0m [1;30mLevel 5[0m set package 'aic_task_interfaces' build argument 'catkin_cmake_args' from command line to 'None'
[0.360s] [34mcolcon.colcon_core.verb[0m [1;30mLevel 5[0m set package 'aic_task_interfaces' build argument 'catkin_skip_building_tests' from command line to 'False'
[0.360s] [34mcolcon.colcon_core.verb[0m [1;30mDEBUG[0m [32mBuilding package 'aic_task_interfaces' with the following arguments: {'ament_cmake_args': None, 'build_base': '/home/radhae/ws_aic/build/aic_task_interfaces', 'catkin_cmake_args': None, 'catkin_skip_building_tests': False, 'cmake_args': None, 'cmake_clean_cache': False, 'cmake_clean_first': False, 'cmake_force_configure': False, 'cmake_target': None, 'cmake_target_skip_unavailable': False, 'install_base': '/home/radhae/ws_aic/install/aic_task_interfaces', 'merge_install': False, 'path': '/home/radhae/ws_aic/src/aic/aic_interfaces/aic_task_interfaces', 'symlink_install': False, 'test_result_base': None}[0m
[0.360s] [34mcolcon.colcon_core.verb[0m [1;30mLevel 5[0m set package 'aic_training_interfaces' build argument 'cmake_args' from command line to 'None'
[0.360s] [34mcolcon.colcon_core.verb[0m [1;30mLevel 5[0m set package 'aic_training_interfaces' build argument 'cmake_target' from command line to 'None'
[0.360s] [34mcolcon.colcon_core.verb[0m [1;30mLevel 5[0m set package 'aic_training_interfaces' build argument 'cmake_target_skip_unavailable' from command line to 'False'
[0.360s] [34mcolcon.colcon_core.verb[0m [1;30mLevel 5[0m set package 'aic_training_interfaces' build argument 'cmake_clean_cache' from command line to 'False'
[0.360s] [34mcolcon.colcon_core.verb[0m [1;30mLevel 5[0m set package 'aic_training_interfaces' build argument 'cmake_clean_first' from command line to 'False'
[0.360s] [34mcolcon.colcon_core.verb[0m [1;30mLevel 5[0m set package 'aic_training_interfaces' build argument 'cmake_force_configure' from command line to 'False'
[0.360s] [34mcolcon.colcon_core.verb[0m [1;30mLevel 5[0m set package 'aic_training_interfaces' build argument 'ament_cmake_args' from command line to 'None'
[0.360s] [34mcolcon.colcon_core.verb[0m [1;30mLevel 5[0m set package 'aic_training_interfaces' build argument 'catkin_cmake_args' from command line to 'None'
[0.360s] [34mcolcon.colcon_core.verb[0m [1;30mLevel 5[0m set package 'aic_training_interfaces' build argument 'catkin_skip_building_tests' from command line to 'False'
[0.360s] [34mcolcon.colcon_core.verb[0m [1;30mDEBUG[0m [32mBuilding package 'aic_training_interfaces' with the following arguments: {'ament_cmake_args': None, 'build_base': '/home/radhae/ws_aic/build/aic_training_interfaces', 'catkin_cmake_args': None, 'catkin_skip_building_tests': False, 'cmake_args': None, 'cmake_clean_cache': False, 'cmake_clean_first': False, 'cmake_force_configure': False, 'cmake_target': None, 'cmake_target_skip_unavailable': False, 'install_base': '/home/radhae/ws_aic/install/aic_training_interfaces', 'merge_install': False, 'path': '/home/radhae/ws_aic/src/aic/aic_utils/aic_training_interfaces', 'symlink_install': False, 'test_result_base': None}[0m
[0.360s] [34mcolcon.colcon_core.verb[0m [1;30mLevel 5[0m set package 'aic_controller' build argument 'cmake_args' from command line to 'None'
[0.360s] [34mcolcon.colcon_core.verb[0m [1;30mLevel 5[0m set package 'aic_controller' build argument 'cmake_target' from command line to 'None'
[0.360s] [34mcolcon.colcon_core.verb[0m [1;30mLevel 5[0m set package 'aic_controller' build argument 'cmake_target_skip_unavailable' from command line to 'False'
[0.360s] [34mcolcon.colcon_core.verb[0m [1;30mLevel 5[0m set package 'aic_controller' build argument 'cmake_clean_cache' from command line to 'False'
[0.360s] [34mcolcon.colcon_core.verb[0m [1;30mLevel 5[0m set package 'aic_controller' build argument 'cmake_clean_first' from command line to 'False'
[0.360s] [34mcolcon.colcon_core.verb[0m [1;30mLevel 5[0m set package 'aic_controller' build argument 'cmake_force_configure' from command line to 'False'
[0.360s] [34mcolcon.colcon_core.verb[0m [1;30mLevel 5[0m set package 'aic_controller' build argument 'ament_cmake_args' from command line to 'None'
[0.360s] [34mcolcon.colcon_core.verb[0m [1;30mLevel 5[0m set package 'aic_controller' build argument 'catkin_cmake_args' from command line to 'None'
[0.360s] [34mcolcon.colcon_core.verb[0m [1;30mLevel 5[0m set package 'aic_controller' build argument 'catkin_skip_building_tests' from command line to 'False'
[0.360s] [34mcolcon.colcon_core.verb[0m [1;30mDEBUG[0m [32mBuilding package 'aic_controller' with the following arguments: {'ament_cmake_args': None, 'build_base': '/home/radhae/ws_aic/build/aic_controller', 'catkin_cmake_args': None, 'catkin_skip_building_tests': False, 'cmake_args': None, 'cmake_clean_cache': False, 'cmake_clean_first': False, 'cmake_force_configure': False, 'cmake_target': None, 'cmake_target_skip_unavailable': False, 'install_base': '/home/radhae/ws_aic/install/aic_controller', 'merge_install': False, 'path': '/home/radhae/ws_aic/src/aic/aic_controller', 'symlink_install': False, 'test_result_base': None}[0m
[0.360s] [34mcolcon.colcon_core.verb[0m [1;30mLevel 5[0m set package 'aic_gazebo' build argument 'cmake_args' from command line to 'None'
[0.360s] [34mcolcon.colcon_core.verb[0m [1;30mLevel 5[0m set package 'aic_gazebo' build argument 'cmake_target' from command line to 'None'
[0.360s] [34mcolcon.colcon_core.verb[0m [1;30mLevel 5[0m set package 'aic_gazebo' build argument 'cmake_target_skip_unavailable' from command line to 'False'
[0.360s] [34mcolcon.colcon_core.verb[0m [1;30mLevel 5[0m set package 'aic_gazebo' build argument 'cmake_clean_cache' from command line to 'False'
[0.360s] [34mcolcon.colcon_core.verb[0m [1;30mLevel 5[0m set package 'aic_gazebo' build argument 'cmake_clean_first' from command line to 'False'
[0.360s] [34mcolcon.colcon_core.verb[0m [1;30mLevel 5[0m set package 'aic_gazebo' build argument 'cmake_force_configure' from command line to 'False'
[0.360s] [34mcolcon.colcon_core.verb[0m [1;30mLevel 5[0m set package 'aic_gazebo' build argument 'ament_cmake_args' from command line to 'None'
[0.360s] [34mcolcon.colcon_core.verb[0m [1;30mLevel 5[0m set package 'aic_gazebo' build argument 'catkin_cmake_args' from command line to 'None'
[0.360s] [34mcolcon.colcon_core.verb[0m [1;30mLevel 5[0m set package 'aic_gazebo' build argument 'catkin_skip_building_tests' from command line to 'False'
[0.360s] [34mcolcon.colcon_core.verb[0m [1;30mDEBUG[0m [32mBuilding package 'aic_gazebo' with the following arguments: {'ament_cmake_args': None, 'build_base': '/home/radhae/ws_aic/build/aic_gazebo', 'catkin_cmake_args': None, 'catkin_skip_building_tests': False, 'cmake_args': None, 'cmake_clean_cache': False, 'cmake_clean_first': False, 'cmake_force_configure': False, 'cmake_target': None, 'cmake_target_skip_unavailable': False, 'install_base': '/home/radhae/ws_aic/install/aic_gazebo', 'merge_install': False, 'path': '/home/radhae/ws_aic/src/aic/aic_gazebo', 'symlink_install': False, 'test_result_base': None}[0m
[0.361s] [34mcolcon.colcon_core.verb[0m [1;30mLevel 5[0m set package 'aic_model_interfaces' build argument 'cmake_args' from command line to 'None'
[0.361s] [34mcolcon.colcon_core.verb[0m [1;30mLevel 5[0m set package 'aic_model_interfaces' build argument 'cmake_target' from command line to 'None'
[0.361s] [34mcolcon.colcon_core.verb[0m [1;30mLevel 5[0m set package 'aic_model_interfaces' build argument 'cmake_target_skip_unavailable' from command line to 'False'
[0.361s] [34mcolcon.colcon_core.verb[0m [1;30mLevel 5[0m set package 'aic_model_interfaces' build argument 'cmake_clean_cache' from command line to 'False'
[0.361s] [34mcolcon.colcon_core.verb[0m [1;30mLevel 5[0m set package 'aic_model_interfaces' build argument 'cmake_clean_first' from command line to 'False'
[0.361s] [34mcolcon.colcon_core.verb[0m [1;30mLevel 5[0m set package 'aic_model_interfaces' build argument 'cmake_force_configure' from command line to 'False'
[0.361s] [34mcolcon.colcon_core.verb[0m [1;30mLevel 5[0m set package 'aic_model_interfaces' build argument 'ament_cmake_args' from command line to 'None'
[0.361s] [34mcolcon.colcon_core.verb[0m [1;30mLevel 5[0m set package 'aic_model_interfaces' build argument 'catkin_cmake_args' from command line to 'None'
[0.361s] [34mcolcon.colcon_core.verb[0m [1;30mLevel 5[0m set package 'aic_model_interfaces' build argument 'catkin_skip_building_tests' from command line to 'False'
[0.361s] [34mcolcon.colcon_core.verb[0m [1;30mDEBUG[0m [32mBuilding package 'aic_model_interfaces' with the following arguments: {'ament_cmake_args': None, 'build_base': '/home/radhae/ws_aic/build/aic_model_interfaces', 'catkin_cmake_args': None, 'catkin_skip_building_tests': False, 'cmake_args': None, 'cmake_clean_cache': False, 'cmake_clean_first': False, 'cmake_force_configure': False, 'cmake_target': None, 'cmake_target_skip_unavailable': False, 'install_base': '/home/radhae/ws_aic/install/aic_model_interfaces', 'merge_install': False, 'path': '/home/radhae/ws_aic/src/aic/aic_interfaces/aic_model_interfaces', 'symlink_install': False, 'test_result_base': None}[0m
[0.361s] [34mcolcon.colcon_core.verb[0m [1;30mLevel 5[0m set package 'aic_scoring' build argument 'cmake_args' from command line to 'None'
[0.361s] [34mcolcon.colcon_core.verb[0m [1;30mLevel 5[0m set package 'aic_scoring' build argument 'cmake_target' from command line to 'None'
[0.361s] [34mcolcon.colcon_core.verb[0m [1;30mLevel 5[0m set package 'aic_scoring' build argument 'cmake_target_skip_unavailable' from command line to 'False'
[0.361s] [34mcolcon.colcon_core.verb[0m [1;30mLevel 5[0m set package 'aic_scoring' build argument 'cmake_clean_cache' from command line to 'False'
[0.361s] [34mcolcon.colcon_core.verb[0m [1;30mLevel 5[0m set package 'aic_scoring' build argument 'cmake_clean_first' from command line to 'False'
[0.361s] [34mcolcon.colcon_core.verb[0m [1;30mLevel 5[0m set package 'aic_scoring' build argument 'cmake_force_configure' from command line to 'False'
[0.361s] [34mcolcon.colcon_core.verb[0m [1;30mLevel 5[0m set package 'aic_scoring' build argument 'ament_cmake_args' from command line to 'None'
[0.361s] [34mcolcon.colcon_core.verb[0m [1;30mLevel 5[0m set package 'aic_scoring' build argument 'catkin_cmake_args' from command line to 'None'
[0.361s] [34mcolcon.colcon_core.verb[0m [1;30mLevel 5[0m set package 'aic_scoring' build argument 'catkin_skip_building_tests' from command line to 'False'
[0.361s] [34mcolcon.colcon_core.verb[0m [1;30mDEBUG[0m [32mBuilding package 'aic_scoring' with the following arguments: {'ament_cmake_args': None, 'build_base': '/home/radhae/ws_aic/build/aic_scoring', 'catkin_cmake_args': None, 'catkin_skip_building_tests': False, 'cmake_args': None, 'cmake_clean_cache': False, 'cmake_clean_first': False, 'cmake_force_configure': False, 'cmake_target': None, 'cmake_target_skip_unavailable': False, 'install_base': '/home/radhae/ws_aic/install/aic_scoring', 'merge_install': False, 'path': '/home/radhae/ws_aic/src/aic/aic_scoring', 'symlink_install': False, 'test_result_base': None}[0m
[0.361s] [34mcolcon.colcon_core.verb[0m [1;30mLevel 5[0m set package 'aic_teleoperation' build argument 'cmake_args' from command line to 'None'
[0.361s] [34mcolcon.colcon_core.verb[0m [1;30mLevel 5[0m set package 'aic_teleoperation' build argument 'cmake_target' from command line to 'None'
[0.361s] [34mcolcon.colcon_core.verb[0m [1;30mLevel 5[0m set package 'aic_teleoperation' build argument 'cmake_target_skip_unavailable' from command line to 'False'
[0.361s] [34mcolcon.colcon_core.verb[0m [1;30mLevel 5[0m set package 'aic_teleoperation' build argument 'cmake_clean_cache' from command line to 'False'
[0.361s] [34mcolcon.colcon_core.verb[0m [1;30mLevel 5[0m set package 'aic_teleoperation' build argument 'cmake_clean_first' from command line to 'False'
[0.361s] [34mcolcon.colcon_core.verb[0m [1;30mLevel 5[0m set package 'aic_teleoperation' build argument 'cmake_force_configure' from command line to 'False'
[0.361s] [34mcolcon.colcon_core.verb[0m [1;30mLevel 5[0m set package 'aic_teleoperation' build argument 'ament_cmake_args' from command line to 'None'
[0.361s] [34mcolcon.colcon_core.verb[0m [1;30mLevel 5[0m set package 'aic_teleoperation' build argument 'catkin_cmake_args' from command line to 'None'
[0.361s] [34mcolcon.colcon_core.verb[0m [1;30mLevel 5[0m set package 'aic_teleoperation' build argument 'catkin_skip_building_tests' from command line to 'False'
[0.361s] [34mcolcon.colcon_core.verb[0m [1;30mDEBUG[0m [32mBuilding package 'aic_teleoperation' with the following arguments: {'ament_cmake_args': None, 'build_base': '/home/radhae/ws_aic/build/aic_teleoperation', 'catkin_cmake_args': None, 'catkin_skip_building_tests': False, 'cmake_args': None, 'cmake_clean_cache': False, 'cmake_clean_first': False, 'cmake_force_configure': False, 'cmake_target': None, 'cmake_target_skip_unavailable': False, 'install_base': '/home/radhae/ws_aic/install/aic_teleoperation', 'merge_install': False, 'path': '/home/radhae/ws_aic/src/aic/aic_utils/aic_teleoperation', 'symlink_install': False, 'test_result_base': None}[0m
[0.361s] [34mcolcon.colcon_core.verb[0m [1;30mLevel 5[0m set package 'lerobot_robot_aic' build argument 'cmake_args' from command line to 'None'
[0.361s] [34mcolcon.colcon_core.verb[0m [1;30mLevel 5[0m set package 'lerobot_robot_aic' build argument 'cmake_target' from command line to 'None'
[0.361s] [34mcolcon.colcon_core.verb[0m [1;30mLevel 5[0m set package 'lerobot_robot_aic' build argument 'cmake_target_skip_unavailable' from command line to 'False'
[0.361s] [34mcolcon.colcon_core.verb[0m [1;30mLevel 5[0m set package 'lerobot_robot_aic' build argument 'cmake_clean_cache' from command line to 'False'
[0.361s] [34mcolcon.colcon_core.verb[0m [1;30mLevel 5[0m set package 'lerobot_robot_aic' build argument 'cmake_clean_first' from command line to 'False'
[0.361s] [34mcolcon.colcon_core.verb[0m [1;30mLevel 5[0m set package 'lerobot_robot_aic' build argument 'cmake_force_configure' from command line to 'False'
[0.361s] [34mcolcon.colcon_core.verb[0m [1;30mLevel 5[0m set package 'lerobot_robot_aic' build argument 'ament_cmake_args' from command line to 'None'
[0.361s] [34mcolcon.colcon_core.verb[0m [1;30mLevel 5[0m set package 'lerobot_robot_aic' build argument 'catkin_cmake_args' from command line to 'None'
[0.361s] [34mcolcon.colcon_core.verb[0m [1;30mLevel 5[0m set package 'lerobot_robot_aic' build argument 'catkin_skip_building_tests' from command line to 'False'
[0.361s] [34mcolcon.colcon_core.verb[0m [1;30mDEBUG[0m [32mBuilding package 'lerobot_robot_aic' with the following arguments: {'ament_cmake_args': None, 'build_base': '/home/radhae/ws_aic/build/lerobot_robot_aic', 'catkin_cmake_args': None, 'catkin_skip_building_tests': False, 'cmake_args': None, 'cmake_clean_cache': False, 'cmake_clean_first': False, 'cmake_force_configure': False, 'cmake_target': None, 'cmake_target_skip_unavailable': False, 'install_base': '/home/radhae/ws_aic/install/lerobot_robot_aic', 'merge_install': False, 'path': '/home/radhae/ws_aic/src/aic/aic_utils/lerobot_robot_aic', 'symlink_install': False, 'test_result_base': None}[0m
[0.361s] [34mcolcon.colcon_core.verb[0m [1;30mLevel 5[0m set package 'aic_adapter' build argument 'cmake_args' from command line to 'None'
[0.361s] [34mcolcon.colcon_core.verb[0m [1;30mLevel 5[0m set package 'aic_adapter' build argument 'cmake_target' from command line to 'None'
[0.361s] [34mcolcon.colcon_core.verb[0m [1;30mLevel 5[0m set package 'aic_adapter' build argument 'cmake_target_skip_unavailable' from command line to 'False'
[0.361s] [34mcolcon.colcon_core.verb[0m [1;30mLevel 5[0m set package 'aic_adapter' build argument 'cmake_clean_cache' from command line to 'False'
[0.361s] [34mcolcon.colcon_core.verb[0m [1;30mLevel 5[0m set package 'aic_adapter' build argument 'cmake_clean_first' from command line to 'False'
[0.361s] [34mcolcon.colcon_core.verb[0m [1;30mLevel 5[0m set package 'aic_adapter' build argument 'cmake_force_configure' from command line to 'False'
[0.361s] [34mcolcon.colcon_core.verb[0m [1;30mLevel 5[0m set package 'aic_adapter' build argument 'ament_cmake_args' from command line to 'None'
[0.361s] [34mcolcon.colcon_core.verb[0m [1;30mLevel 5[0m set package 'aic_adapter' build argument 'catkin_cmake_args' from command line to 'None'
[0.361s] [34mcolcon.colcon_core.verb[0m [1;30mLevel 5[0m set package 'aic_adapter' build argument 'catkin_skip_building_tests' from command line to 'False'
[0.361s] [34mcolcon.colcon_core.verb[0m [1;30mDEBUG[0m [32mBuilding package 'aic_adapter' with the following arguments: {'ament_cmake_args': None, 'build_base': '/home/radhae/ws_aic/build/aic_adapter', 'catkin_cmake_args': None, 'catkin_skip_building_tests': False, 'cmake_args': None, 'cmake_clean_cache': False, 'cmake_clean_first': False, 'cmake_force_configure': False, 'cmake_target': None, 'cmake_target_skip_unavailable': False, 'install_base': '/home/radhae/ws_aic/install/aic_adapter', 'merge_install': False, 'path': '/home/radhae/ws_aic/src/aic/aic_adapter', 'symlink_install': False, 'test_result_base': None}[0m
[0.362s] [34mcolcon.colcon_core.verb[0m [1;30mLevel 5[0m set package 'aic_description' build argument 'cmake_args' from command line to 'None'
[0.362s] [34mcolcon.colcon_core.verb[0m [1;30mLevel 5[0m set package 'aic_description' build argument 'cmake_target' from command line to 'None'
[0.362s] [34mcolcon.colcon_core.verb[0m [1;30mLevel 5[0m set package 'aic_description' build argument 'cmake_target_skip_unavailable' from command line to 'False'
[0.362s] [34mcolcon.colcon_core.verb[0m [1;30mLevel 5[0m set package 'aic_description' build argument 'cmake_clean_cache' from command line to 'False'
[0.362s] [34mcolcon.colcon_core.verb[0m [1;30mLevel 5[0m set package 'aic_description' build argument 'cmake_clean_first' from command line to 'False'
[0.362s] [34mcolcon.colcon_core.verb[0m [1;30mLevel 5[0m set package 'aic_description' build argument 'cmake_force_configure' from command line to 'False'
[0.362s] [34mcolcon.colcon_core.verb[0m [1;30mLevel 5[0m set package 'aic_description' build argument 'ament_cmake_args' from command line to 'None'
[0.362s] [34mcolcon.colcon_core.verb[0m [1;30mLevel 5[0m set package 'aic_description' build argument 'catkin_cmake_args' from command line to 'None'
[0.362s] [34mcolcon.colcon_core.verb[0m [1;30mLevel 5[0m set package 'aic_description' build argument 'catkin_skip_building_tests' from command line to 'False'
[0.362s] [34mcolcon.colcon_core.verb[0m [1;30mDEBUG[0m [32mBuilding package 'aic_description' with the following arguments: {'ament_cmake_args': None, 'build_base': '/home/radhae/ws_aic/build/aic_description', 'catkin_cmake_args': None, 'catkin_skip_building_tests': False, 'cmake_args': None, 'cmake_clean_cache': False, 'cmake_clean_first': False, 'cmake_force_configure': False, 'cmake_target': None, 'cmake_target_skip_unavailable': False, 'install_base': '/home/radhae/ws_aic/install/aic_description', 'merge_install': False, 'path': '/home/radhae/ws_aic/src/aic/aic_description', 'symlink_install': False, 'test_result_base': None}[0m
[0.362s] [34mcolcon.colcon_core.verb[0m [1;30mLevel 5[0m set package 'aic_engine' build argument 'cmake_args' from command line to 'None'
[0.362s] [34mcolcon.colcon_core.verb[0m [1;30mLevel 5[0m set package 'aic_engine' build argument 'cmake_target' from command line to 'None'
[0.362s] [34mcolcon.colcon_core.verb[0m [1;30mLevel 5[0m set package 'aic_engine' build argument 'cmake_target_skip_unavailable' from command line to 'False'
[0.362s] [34mcolcon.colcon_core.verb[0m [1;30mLevel 5[0m set package 'aic_engine' build argument 'cmake_clean_cache' from command line to 'False'
[0.362s] [34mcolcon.colcon_core.verb[0m [1;30mLevel 5[0m set package 'aic_engine' build argument 'cmake_clean_first' from command line to 'False'
[0.362s] [34mcolcon.colcon_core.verb[0m [1;30mLevel 5[0m set package 'aic_engine' build argument 'cmake_force_configure' from command line to 'False'
[0.362s] [34mcolcon.colcon_core.verb[0m [1;30mLevel 5[0m set package 'aic_engine' build argument 'ament_cmake_args' from command line to 'None'
[0.362s] [34mcolcon.colcon_core.verb[0m [1;30mLevel 5[0m set package 'aic_engine' build argument 'catkin_cmake_args' from command line to 'None'
[0.362s] [34mcolcon.colcon_core.verb[0m [1;30mLevel 5[0m set package 'aic_engine' build argument 'catkin_skip_building_tests' from command line to 'False'
[0.362s] [34mcolcon.colcon_core.verb[0m [1;30mDEBUG[0m [32mBuilding package 'aic_engine' with the following arguments: {'ament_cmake_args': None, 'build_base': '/home/radhae/ws_aic/build/aic_engine', 'catkin_cmake_args': None, 'catkin_skip_building_tests': False, 'cmake_args': None, 'cmake_clean_cache': False, 'cmake_clean_first': False, 'cmake_force_configure': False, 'cmake_target': None, 'cmake_target_skip_unavailable': False, 'install_base': '/home/radhae/ws_aic/install/aic_engine', 'merge_install': False, 'path': '/home/radhae/ws_aic/src/aic/aic_engine', 'symlink_install': False, 'test_result_base': None}[0m
[0.362s] [34mcolcon.colcon_core.verb[0m [1;30mLevel 5[0m set package 'aic_model' build argument 'cmake_args' from command line to 'None'
[0.362s] [34mcolcon.colcon_core.verb[0m [1;30mLevel 5[0m set package 'aic_model' build argument 'cmake_target' from command line to 'None'
[0.362s] [34mcolcon.colcon_core.verb[0m [1;30mLevel 5[0m set package 'aic_model' build argument 'cmake_target_skip_unavailable' from command line to 'False'
[0.362s] [34mcolcon.colcon_core.verb[0m [1;30mLevel 5[0m set package 'aic_model' build argument 'cmake_clean_cache' from command line to 'False'
[0.362s] [34mcolcon.colcon_core.verb[0m [1;30mLevel 5[0m set package 'aic_model' build argument 'cmake_clean_first' from command line to 'False'
[0.362s] [34mcolcon.colcon_core.verb[0m [1;30mLevel 5[0m set package 'aic_model' build argument 'cmake_force_configure' from command line to 'False'
[0.362s] [34mcolcon.colcon_core.verb[0m [1;30mLevel 5[0m set package 'aic_model' build argument 'ament_cmake_args' from command line to 'None'
[0.362s] [34mcolcon.colcon_core.verb[0m [1;30mLevel 5[0m set package 'aic_model' build argument 'catkin_cmake_args' from command line to 'None'
[0.362s] [34mcolcon.colcon_core.verb[0m [1;30mLevel 5[0m set package 'aic_model' build argument 'catkin_skip_building_tests' from command line to 'False'
[0.362s] [34mcolcon.colcon_core.verb[0m [1;30mDEBUG[0m [32mBuilding package 'aic_model' with the following arguments: {'ament_cmake_args': None, 'build_base': '/home/radhae/ws_aic/build/aic_model', 'catkin_cmake_args': None, 'catkin_skip_building_tests': False, 'cmake_args': None, 'cmake_clean_cache': False, 'cmake_clean_first': False, 'cmake_force_configure': False, 'cmake_target': None, 'cmake_target_skip_unavailable': False, 'install_base': '/home/radhae/ws_aic/install/aic_model', 'merge_install': False, 'path': '/home/radhae/ws_aic/src/aic/aic_model', 'symlink_install': False, 'test_result_base': None}[0m
[0.362s] [34mcolcon.colcon_core.verb[0m [1;30mLevel 5[0m set package 'aic_bringup' build argument 'cmake_args' from command line to 'None'
[0.362s] [34mcolcon.colcon_core.verb[0m [1;30mLevel 5[0m set package 'aic_bringup' build argument 'cmake_target' from command line to 'None'
[0.362s] [34mcolcon.colcon_core.verb[0m [1;30mLevel 5[0m set package 'aic_bringup' build argument 'cmake_target_skip_unavailable' from command line to 'False'
[0.362s] [34mcolcon.colcon_core.verb[0m [1;30mLevel 5[0m set package 'aic_bringup' build argument 'cmake_clean_cache' from command line to 'False'
[0.362s] [34mcolcon.colcon_core.verb[0m [1;30mLevel 5[0m set package 'aic_bringup' build argument 'cmake_clean_first' from command line to 'False'
[0.362s] [34mcolcon.colcon_core.verb[0m [1;30mLevel 5[0m set package 'aic_bringup' build argument 'cmake_force_configure' from command line to 'False'
[0.362s] [34mcolcon.colcon_core.verb[0m [1;30mLevel 5[0m set package 'aic_bringup' build argument 'ament_cmake_args' from command line to 'None'
[0.362s] [34mcolcon.colcon_core.verb[0m [1;30mLevel 5[0m set package 'aic_bringup' build argument 'catkin_cmake_args' from command line to 'None'
[0.362s] [34mcolcon.colcon_core.verb[0m [1;30mLevel 5[0m set package 'aic_bringup' build argument 'catkin_skip_building_tests' from command line to 'False'
[0.362s] [34mcolcon.colcon_core.verb[0m [1;30mDEBUG[0m [32mBuilding package 'aic_bringup' with the following arguments: {'ament_cmake_args': None, 'build_base': '/home/radhae/ws_aic/build/aic_bringup', 'catkin_cmake_args': None, 'catkin_skip_building_tests': False, 'cmake_args': None, 'cmake_clean_cache': False, 'cmake_clean_first': False, 'cmake_force_configure': False, 'cmake_target': None, 'cmake_target_skip_unavailable': False, 'install_base': '/home/radhae/ws_aic/install/aic_bringup', 'merge_install': False, 'path': '/home/radhae/ws_aic/src/aic/aic_bringup', 'symlink_install': False, 'test_result_base': None}[0m
[0.362s] [34mcolcon.colcon_core.verb[0m [1;30mLevel 5[0m set package 'aic_example_policies' build argument 'cmake_args' from command line to 'None'
[0.362s] [34mcolcon.colcon_core.verb[0m [1;30mLevel 5[0m set package 'aic_example_policies' build argument 'cmake_target' from command line to 'None'
[0.362s] [34mcolcon.colcon_core.verb[0m [1;30mLevel 5[0m set package 'aic_example_policies' build argument 'cmake_target_skip_unavailable' from command line to 'False'
[0.362s] [34mcolcon.colcon_core.verb[0m [1;30mLevel 5[0m set package 'aic_example_policies' build argument 'cmake_clean_cache' from command line to 'False'
[0.362s] [34mcolcon.colcon_core.verb[0m [1;30mLevel 5[0m set package 'aic_example_policies' build argument 'cmake_clean_first' from command line to 'False'
[0.362s] [34mcolcon.colcon_core.verb[0m [1;30mLevel 5[0m set package 'aic_example_policies' build argument 'cmake_force_configure' from command line to 'False'
[0.362s] [34mcolcon.colcon_core.verb[0m [1;30mLevel 5[0m set package 'aic_example_policies' build argument 'ament_cmake_args' from command line to 'None'
[0.362s] [34mcolcon.colcon_core.verb[0m [1;30mLevel 5[0m set package 'aic_example_policies' build argument 'catkin_cmake_args' from command line to 'None'
[0.362s] [34mcolcon.colcon_core.verb[0m [1;30mLevel 5[0m set package 'aic_example_policies' build argument 'catkin_skip_building_tests' from command line to 'False'
[0.362s] [34mcolcon.colcon_core.verb[0m [1;30mDEBUG[0m [32mBuilding package 'aic_example_policies' with the following arguments: {'ament_cmake_args': None, 'build_base': '/home/radhae/ws_aic/build/aic_example_policies', 'catkin_cmake_args': None, 'catkin_skip_building_tests': False, 'cmake_args': None, 'cmake_clean_cache': False, 'cmake_clean_first': False, 'cmake_force_configure': False, 'cmake_target': None, 'cmake_target_skip_unavailable': False, 'install_base': '/home/radhae/ws_aic/install/aic_example_policies', 'merge_install': False, 'path': '/home/radhae/ws_aic/src/aic/aic_example_policies', 'symlink_install': False, 'test_result_base': None}[0m
[0.363s] [34mcolcon.colcon_core.verb[0m [1;30mLevel 5[0m set package 'aic_mujoco' build argument 'cmake_args' from command line to 'None'
[0.363s] [34mcolcon.colcon_core.verb[0m [1;30mLevel 5[0m set package 'aic_mujoco' build argument 'cmake_target' from command line to 'None'
[0.363s] [34mcolcon.colcon_core.verb[0m [1;30mLevel 5[0m set package 'aic_mujoco' build argument 'cmake_target_skip_unavailable' from command line to 'False'
[0.363s] [34mcolcon.colcon_core.verb[0m [1;30mLevel 5[0m set package 'aic_mujoco' build argument 'cmake_clean_cache' from command line to 'False'
[0.363s] [34mcolcon.colcon_core.verb[0m [1;30mLevel 5[0m set package 'aic_mujoco' build argument 'cmake_clean_first' from command line to 'False'
[0.363s] [34mcolcon.colcon_core.verb[0m [1;30mLevel 5[0m set package 'aic_mujoco' build argument 'cmake_force_configure' from command line to 'False'
[0.363s] [34mcolcon.colcon_core.verb[0m [1;30mLevel 5[0m set package 'aic_mujoco' build argument 'ament_cmake_args' from command line to 'None'
[0.363s] [34mcolcon.colcon_core.verb[0m [1;30mLevel 5[0m set package 'aic_mujoco' build argument 'catkin_cmake_args' from command line to 'None'
[0.363s] [34mcolcon.colcon_core.verb[0m [1;30mLevel 5[0m set package 'aic_mujoco' build argument 'catkin_skip_building_tests' from command line to 'False'
[0.363s] [34mcolcon.colcon_core.verb[0m [1;30mDEBUG[0m [32mBuilding package 'aic_mujoco' with the following arguments: {'ament_cmake_args': None, 'build_base': '/home/radhae/ws_aic/build/aic_mujoco', 'catkin_cmake_args': None, 'catkin_skip_building_tests': False, 'cmake_args': None, 'cmake_clean_cache': False, 'cmake_clean_first': False, 'cmake_force_configure': False, 'cmake_target': None, 'cmake_target_skip_unavailable': False, 'install_base': '/home/radhae/ws_aic/install/aic_mujoco', 'merge_install': False, 'path': '/home/radhae/ws_aic/src/aic/aic_utils/aic_mujoco', 'symlink_install': False, 'test_result_base': None}[0m
[0.363s] [34mcolcon.colcon_core.verb[0m [1;30mLevel 5[0m set package 'aic_training_utils' build argument 'cmake_args' from command line to 'None'
[0.363s] [34mcolcon.colcon_core.verb[0m [1;30mLevel 5[0m set package 'aic_training_utils' build argument 'cmake_target' from command line to 'None'
[0.363s] [34mcolcon.colcon_core.verb[0m [1;30mLevel 5[0m set package 'aic_training_utils' build argument 'cmake_target_skip_unavailable' from command line to 'False'
[0.363s] [34mcolcon.colcon_core.verb[0m [1;30mLevel 5[0m set package 'aic_training_utils' build argument 'cmake_clean_cache' from command line to 'False'
[0.363s] [34mcolcon.colcon_core.verb[0m [1;30mLevel 5[0m set package 'aic_training_utils' build argument 'cmake_clean_first' from command line to 'False'
[0.363s] [34mcolcon.colcon_core.verb[0m [1;30mLevel 5[0m set package 'aic_training_utils' build argument 'cmake_force_configure' from command line to 'False'
[0.363s] [34mcolcon.colcon_core.verb[0m [1;30mLevel 5[0m set package 'aic_training_utils' build argument 'ament_cmake_args' from command line to 'None'
[0.363s] [34mcolcon.colcon_core.verb[0m [1;30mLevel 5[0m set package 'aic_training_utils' build argument 'catkin_cmake_args' from command line to 'None'
[0.363s] [34mcolcon.colcon_core.verb[0m [1;30mLevel 5[0m set package 'aic_training_utils' build argument 'catkin_skip_building_tests' from command line to 'False'
[0.363s] [34mcolcon.colcon_core.verb[0m [1;30mDEBUG[0m [32mBuilding package 'aic_training_utils' with the following arguments: {'ament_cmake_args': None, 'build_base': '/home/radhae/ws_aic/build/aic_training_utils', 'catkin_cmake_args': None, 'catkin_skip_building_tests': False, 'cmake_args': None, 'cmake_clean_cache': False, 'cmake_clean_first': False, 'cmake_force_configure': False, 'cmake_target': None, 'cmake_target_skip_unavailable': False, 'install_base': '/home/radhae/ws_aic/install/aic_training_utils', 'merge_install': False, 'path': '/home/radhae/ws_aic/src/aic/aic_utils/aic_training_utils', 'symlink_install': False, 'test_result_base': None}[0m
[0.363s] [34mcolcon.colcon_core.executor[0m [1;30mINFO[0m Executing jobs using 'parallel' executor
[0.364s] [34mcolcon.colcon_parallel_executor.executor.parallel[0m [1;30mDEBUG[0m [32mrun_until_complete[0m
[0.364s] [34mcolcon.colcon_ros.task.ament_cmake.build[0m [1;30mINFO[0m Building ROS package in '/home/radhae/ws_aic/src/aic/aic_interfaces/aic_control_interfaces' with build type 'ament_cmake'
[0.365s] [34mcolcon.colcon_cmake.task.cmake.build[0m [1;30mINFO[0m Building CMake package in '/home/radhae/ws_aic/src/aic/aic_interfaces/aic_control_interfaces'
[0.366s] [34mcolcon.colcon_core.plugin_system[0m [1;30mINFO[0m Skipping extension 'colcon_core.shell.bat': Not used on non-Windows systems
[0.366s] [34mcolcon.colcon_core.shell[0m [1;30mINFO[0m Skip shell extension 'powershell' for command environment: Not usable outside of PowerShell
[0.366s] [34mcolcon.colcon_core.shell[0m [1;30mDEBUG[0m [32mSkip shell extension 'dsv' for command environment[0m
[0.368s] [34mcolcon.colcon_ros.prefix_path.ament[0m [1;30mWARNING[0m [33mThe path '/opt/ros/humble' in the environment variable AMENT_PREFIX_PATH doesn't exist[0m
[0.372s] [34mcolcon.colcon_ros.task.ament_cmake.build[0m [1;30mINFO[0m Building ROS package in '/home/radhae/ws_aic/src/aic/aic_interfaces/aic_engine_interfaces' with build type 'ament_cmake'
[0.373s] [34mcolcon.colcon_cmake.task.cmake.build[0m [1;30mINFO[0m Building CMake package in '/home/radhae/ws_aic/src/aic/aic_interfaces/aic_engine_interfaces'
[0.373s] [34mcolcon.colcon_core.shell[0m [1;30mINFO[0m Skip shell extension 'powershell' for command environment: Not usable outside of PowerShell
[0.373s] [34mcolcon.colcon_core.shell[0m [1;30mDEBUG[0m [32mSkip shell extension 'dsv' for command environment[0m
[0.378s] [34mcolcon.colcon_ros.task.ament_cmake.build[0m [1;30mINFO[0m Building ROS package in '/home/radhae/ws_aic/src/aic/aic_interfaces/aic_task_interfaces' with build type 'ament_cmake'
[0.378s] [34mcolcon.colcon_cmake.task.cmake.build[0m [1;30mINFO[0m Building CMake package in '/home/radhae/ws_aic/src/aic/aic_interfaces/aic_task_interfaces'
[0.378s] [34mcolcon.colcon_core.shell[0m [1;30mINFO[0m Skip shell extension 'powershell' for command environment: Not usable outside of PowerShell
[0.378s] [34mcolcon.colcon_core.shell[0m [1;30mDEBUG[0m [32mSkip shell extension 'dsv' for command environment[0m
[0.386s] [34mcolcon.colcon_ros.task.ament_cmake.build[0m [1;30mINFO[0m Building ROS package in '/home/radhae/ws_aic/src/aic/aic_assets' with build type 'ament_cmake'
[0.387s] [34mcolcon.colcon_cmake.task.cmake.build[0m [1;30mINFO[0m Building CMake package in '/home/radhae/ws_aic/src/aic/aic_assets'
[0.387s] [34mcolcon.colcon_core.shell[0m [1;30mINFO[0m Skip shell extension 'powershell' for command environment: Not usable outside of PowerShell
[0.387s] [34mcolcon.colcon_core.shell[0m [1;30mDEBUG[0m [32mSkip shell extension 'dsv' for command environment[0m
[0.394s] [34mcolcon.colcon_ros.task.ament_cmake.build[0m [1;30mINFO[0m Building ROS package in '/home/radhae/ws_aic/src/aic/aic_utils/aic_training_interfaces' with build type 'ament_cmake'
[0.395s] [34mcolcon.colcon_cmake.task.cmake.build[0m [1;30mINFO[0m Building CMake package in '/home/radhae/ws_aic/src/aic/aic_utils/aic_training_interfaces'
[0.395s] [34mcolcon.colcon_core.shell[0m [1;30mINFO[0m Skip shell extension 'powershell' for command environment: Not usable outside of PowerShell
[0.395s] [34mcolcon.colcon_core.shell[0m [1;30mDEBUG[0m [32mSkip shell extension 'dsv' for command environment[0m
[0.403s] [34mcolcon.colcon_core.task.python.build[0m [1;30mINFO[0m Building Python package in '/home/radhae/ws_aic/src/aic/aic_utils/aic_isaac/aic_isaaclab/source/aic_task'
[0.404s] [34mcolcon.colcon_core.shell[0m [1;30mINFO[0m Skip shell extension 'powershell' for command environment: Not usable outside of PowerShell
[0.404s] [34mcolcon.colcon_core.shell[0m [1;30mDEBUG[0m [32mSkip shell extension 'dsv' for command environment[0m
[0.418s] [34mcolcon.colcon_core.event_handler.log_command[0m [1;30mDEBUG[0m [32mInvoking command in '/home/radhae/ws_aic/build/aic_control_interfaces': CMAKE_PREFIX_PATH=${CMAKE_PREFIX_PATH}:/opt/ros/kilted:/home/radhae/ws_aic/src/aic/.pixi/envs/default:/home/radhae/cognipilot/cranium/install/b3rb_ros_line_follower:/opt/ros/humble PS1=\[\e]0;\u@\h: \w\a\]${debian_chroot:+($debian_chroot)}\[\033[01;32m\]\u@\h\[\033[00m\]:\[\033[01;34m\]\w\[\033[00m\]\$ /home/radhae/ws_aic/src/aic/.pixi/envs/default/bin/cmake /home/radhae/ws_aic/src/aic/aic_interfaces/aic_control_interfaces -DCMAKE_INSTALL_PREFIX=/home/radhae/ws_aic/install/aic_control_interfaces[0m
[0.421s] [34mcolcon.colcon_core.event_handler.log_command[0m [1;30mDEBUG[0m [32mInvoking command in '/home/radhae/ws_aic/build/aic_engine_interfaces': CMAKE_PREFIX_PATH=${CMAKE_PREFIX_PATH}:/opt/ros/kilted:/home/radhae/ws_aic/src/aic/.pixi/envs/default:/home/radhae/cognipilot/cranium/install/b3rb_ros_line_follower:/opt/ros/humble PS1=\[\e]0;\u@\h: \w\a\]${debian_chroot:+($debian_chroot)}\[\033[01;32m\]\u@\h\[\033[00m\]:\[\033[01;34m\]\w\[\033[00m\]\$ /home/radhae/ws_aic/src/aic/.pixi/envs/default/bin/cmake /home/radhae/ws_aic/src/aic/aic_interfaces/aic_engine_interfaces -DCMAKE_INSTALL_PREFIX=/home/radhae/ws_aic/install/aic_engine_interfaces[0m
[0.426s] [34mcolcon.colcon_core.event_handler.log_command[0m [1;30mDEBUG[0m [32mInvoking command in '/home/radhae/ws_aic/build/aic_assets': CMAKE_PREFIX_PATH=${CMAKE_PREFIX_PATH}:/opt/ros/kilted:/home/radhae/ws_aic/src/aic/.pixi/envs/default:/home/radhae/cognipilot/cranium/install/b3rb_ros_line_follower:/opt/ros/humble PS1=\[\e]0;\u@\h: \w\a\]${debian_chroot:+($debian_chroot)}\[\033[01;32m\]\u@\h\[\033[00m\]:\[\033[01;34m\]\w\[\033[00m\]\$ /home/radhae/ws_aic/src/aic/.pixi/envs/default/bin/cmake /home/radhae/ws_aic/src/aic/aic_assets -DCMAKE_INSTALL_PREFIX=/home/radhae/ws_aic/install/aic_assets[0m
[0.429s] [34mcolcon.colcon_core.event_handler.log_command[0m [1;30mDEBUG[0m [32mInvoking command in '/home/radhae/ws_aic/build/aic_task_interfaces': CMAKE_PREFIX_PATH=${CMAKE_PREFIX_PATH}:/opt/ros/kilted:/home/radhae/ws_aic/src/aic/.pixi/envs/default:/home/radhae/cognipilot/cranium/install/b3rb_ros_line_follower:/opt/ros/humble PS1=\[\e]0;\u@\h: \w\a\]${debian_chroot:+($debian_chroot)}\[\033[01;32m\]\u@\h\[\033[00m\]:\[\033[01;34m\]\w\[\033[00m\]\$ /home/radhae/ws_aic/src/aic/.pixi/envs/default/bin/cmake /home/radhae/ws_aic/src/aic/aic_interfaces/aic_task_interfaces -DCMAKE_INSTALL_PREFIX=/home/radhae/ws_aic/install/aic_task_interfaces[0m
[0.446s] [34mcolcon.colcon_core.event_handler.log_command[0m [1;30mDEBUG[0m [32mInvoking command in '/home/radhae/ws_aic/build/aic_training_interfaces': CMAKE_PREFIX_PATH=${CMAKE_PREFIX_PATH}:/opt/ros/kilted:/home/radhae/ws_aic/src/aic/.pixi/envs/default:/home/radhae/cognipilot/cranium/install/b3rb_ros_line_follower:/opt/ros/humble PS1=\[\e]0;\u@\h: \w\a\]${debian_chroot:+($debian_chroot)}\[\033[01;32m\]\u@\h\[\033[00m\]:\[\033[01;34m\]\w\[\033[00m\]\$ /home/radhae/ws_aic/src/aic/.pixi/envs/default/bin/cmake /home/radhae/ws_aic/src/aic/aic_utils/aic_training_interfaces -DCMAKE_INSTALL_PREFIX=/home/radhae/ws_aic/install/aic_training_interfaces[0m
[1.173s] [34mcolcon.colcon_core.event_handler.log_command[0m [1;30mDEBUG[0m [32mInvoking command in '/home/radhae/ws_aic/src/aic/aic_utils/aic_isaac/aic_isaaclab/source/aic_task': PS1=\[\e]0;\u@\h: \w\a\]${debian_chroot:+($debian_chroot)}\[\033[01;32m\]\u@\h\[\033[00m\]:\[\033[01;34m\]\w\[\033[00m\]\$ PYTHONPATH=/home/radhae/ws_aic/build/aic_task/prefix_override:/home/radhae/ws_aic/src/aic/.pixi/envs/default/lib/python3.12/site-packages/colcon_core/task/python/colcon_distutils_commands:/home/radhae/ws_aic/install/aic_task/lib/python3.12/site-packages:${PYTHONPATH} /home/radhae/ws_aic/src/aic/.pixi/envs/default/bin/python3.12 -W ignore:setup.py install is deprecated -W ignore:easy_install command is deprecated setup.py egg_info --egg-base ../../../../../../../build/aic_task build --build-base /home/radhae/ws_aic/build/aic_task/build install --record /home/radhae/ws_aic/build/aic_task/install.log --single-version-externally-managed[0m
[1.643s] [34mcolcon.colcon_core.event_handler.log_command[0m [1;30mDEBUG[0m [32mInvoked command in '/home/radhae/ws_aic/src/aic/aic_utils/aic_isaac/aic_isaaclab/source/aic_task' returned '0': PS1=\[\e]0;\u@\h: \w\a\]${debian_chroot:+($debian_chroot)}\[\033[01;32m\]\u@\h\[\033[00m\]:\[\033[01;34m\]\w\[\033[00m\]\$ PYTHONPATH=/home/radhae/ws_aic/build/aic_task/prefix_override:/home/radhae/ws_aic/src/aic/.pixi/envs/default/lib/python3.12/site-packages/colcon_core/task/python/colcon_distutils_commands:/home/radhae/ws_aic/install/aic_task/lib/python3.12/site-packages:${PYTHONPATH} /home/radhae/ws_aic/src/aic/.pixi/envs/default/bin/python3.12 -W ignore:setup.py install is deprecated -W ignore:easy_install command is deprecated setup.py egg_info --egg-base ../../../../../../../build/aic_task build --build-base /home/radhae/ws_aic/build/aic_task/build install --record /home/radhae/ws_aic/build/aic_task/install.log --single-version-externally-managed[0m
[1.654s] [34mcolcon.colcon_core.environment[0m [1;30mLevel 1[0m checking '/home/radhae/ws_aic/install/aic_task' for CMake module files
[1.655s] [34mcolcon.colcon_core.environment[0m [1;30mLevel 1[0m checking '/home/radhae/ws_aic/install/aic_task' for CMake config files
[1.656s] [34mcolcon.colcon_core.environment[0m [1;30mLevel 1[0m checking '/home/radhae/ws_aic/install/aic_task/lib'
[1.656s] [34mcolcon.colcon_core.environment[0m [1;30mLevel 1[0m checking '/home/radhae/ws_aic/install/aic_task/bin'
[1.656s] [34mcolcon.colcon_core.environment[0m [1;30mLevel 1[0m checking '/home/radhae/ws_aic/install/aic_task/lib/pkgconfig/aic_task.pc'
[1.656s] [34mcolcon.colcon_core.environment[0m [1;30mLevel 1[0m checking '/home/radhae/ws_aic/install/aic_task/lib/python3.12/site-packages'
[1.656s] [34mcolcon.colcon_core.shell[0m [1;30mLevel 1[0m create_environment_hook('aic_task', 'pythonpath')
[1.657s] [34mcolcon.colcon_core.shell[0m [1;30mINFO[0m Creating environment hook '/home/radhae/ws_aic/install/aic_task/share/aic_task/hook/pythonpath.ps1'
[1.658s] [34mcolcon.colcon_core.shell[0m [1;30mINFO[0m Creating environment descriptor '/home/radhae/ws_aic/install/aic_task/share/aic_task/hook/pythonpath.dsv'
[1.658s] [34mcolcon.colcon_core.shell[0m [1;30mINFO[0m Creating environment hook '/home/radhae/ws_aic/install/aic_task/share/aic_task/hook/pythonpath.sh'
[1.659s] [34mcolcon.colcon_core.environment[0m [1;30mLevel 1[0m checking '/home/radhae/ws_aic/install/aic_task/bin'
[1.659s] [34mcolcon.colcon_core.environment[0m [1;30mLevel 1[0m create_environment_scripts_only(aic_task)
[1.660s] [34mcolcon.colcon_core.shell[0m [1;30mINFO[0m Creating package script '/home/radhae/ws_aic/install/aic_task/share/aic_task/package.ps1'
[1.661s] [34mcolcon.colcon_core.shell[0m [1;30mINFO[0m Creating package descriptor '/home/radhae/ws_aic/install/aic_task/share/aic_task/package.dsv'
[1.662s] [34mcolcon.colcon_core.shell[0m [1;30mINFO[0m Creating package script '/home/radhae/ws_aic/install/aic_task/share/aic_task/package.sh'
[1.663s] [34mcolcon.colcon_core.shell[0m [1;30mINFO[0m Creating package script '/home/radhae/ws_aic/install/aic_task/share/aic_task/package.bash'
[1.663s] [34mcolcon.colcon_core.shell[0m [1;30mINFO[0m Creating package script '/home/radhae/ws_aic/install/aic_task/share/aic_task/package.zsh'
[1.664s] [34mcolcon.colcon_core.environment[0m [1;30mLevel 1[0m create_file_with_runtime_dependencies(/home/radhae/ws_aic/install/aic_task/share/colcon-core/packages/aic_task)
[2.914s] [34mcolcon.colcon_core.event_handler.log_command[0m [1;30mDEBUG[0m [32mInvoked command in '/home/radhae/ws_aic/build/aic_assets' returned '0': CMAKE_PREFIX_PATH=${CMAKE_PREFIX_PATH}:/opt/ros/kilted:/home/radhae/ws_aic/src/aic/.pixi/envs/default:/home/radhae/cognipilot/cranium/install/b3rb_ros_line_follower:/opt/ros/humble PS1=\[\e]0;\u@\h: \w\a\]${debian_chroot:+($debian_chroot)}\[\033[01;32m\]\u@\h\[\033[00m\]:\[\033[01;34m\]\w\[\033[00m\]\$ /home/radhae/ws_aic/src/aic/.pixi/envs/default/bin/cmake /home/radhae/ws_aic/src/aic/aic_assets -DCMAKE_INSTALL_PREFIX=/home/radhae/ws_aic/install/aic_assets[0m
[2.916s] [34mcolcon.colcon_core.event_handler.log_command[0m [1;30mDEBUG[0m [32mInvoking command in '/home/radhae/ws_aic/build/aic_assets': CMAKE_PREFIX_PATH=${CMAKE_PREFIX_PATH}:/opt/ros/kilted:/home/radhae/ws_aic/src/aic/.pixi/envs/default:/home/radhae/cognipilot/cranium/install/b3rb_ros_line_follower:/opt/ros/humble PS1=\[\e]0;\u@\h: \w\a\]${debian_chroot:+($debian_chroot)}\[\033[01;32m\]\u@\h\[\033[00m\]:\[\033[01;34m\]\w\[\033[00m\]\$ /home/radhae/ws_aic/src/aic/.pixi/envs/default/bin/cmake --build /home/radhae/ws_aic/build/aic_assets -- -j12 -l12[0m
[3.198s] [34mcolcon.colcon_core.event_handler.log_command[0m [1;30mDEBUG[0m [32mInvoked command in '/home/radhae/ws_aic/build/aic_assets' returned '0': CMAKE_PREFIX_PATH=${CMAKE_PREFIX_PATH}:/opt/ros/kilted:/home/radhae/ws_aic/src/aic/.pixi/envs/default:/home/radhae/cognipilot/cranium/install/b3rb_ros_line_follower:/opt/ros/humble PS1=\[\e]0;\u@\h: \w\a\]${debian_chroot:+($debian_chroot)}\[\033[01;32m\]\u@\h\[\033[00m\]:\[\033[01;34m\]\w\[\033[00m\]\$ /home/radhae/ws_aic/src/aic/.pixi/envs/default/bin/cmake --build /home/radhae/ws_aic/build/aic_assets -- -j12 -l12[0m
[3.327s] [34mcolcon.colcon_core.event_handler.log_command[0m [1;30mDEBUG[0m [32mInvoking command in '/home/radhae/ws_aic/build/aic_assets': CMAKE_PREFIX_PATH=${CMAKE_PREFIX_PATH}:/opt/ros/kilted:/home/radhae/ws_aic/src/aic/.pixi/envs/default:/home/radhae/cognipilot/cranium/install/b3rb_ros_line_follower:/opt/ros/humble PS1=\[\e]0;\u@\h: \w\a\]${debian_chroot:+($debian_chroot)}\[\033[01;32m\]\u@\h\[\033[00m\]:\[\033[01;34m\]\w\[\033[00m\]\$ /home/radhae/ws_aic/src/aic/.pixi/envs/default/bin/cmake --install /home/radhae/ws_aic/build/aic_assets[0m
[3.651s] [34mcolcon.colcon_core.environment[0m [1;30mLevel 1[0m create_environment_scripts_only(aic_assets)
[3.651s] [34mcolcon.colcon_core.environment[0m [1;30mLevel 1[0m checking '/home/radhae/ws_aic/install/aic_assets' for CMake module files
[3.651s] [34mcolcon.colcon_core.event_handler.log_command[0m [1;30mDEBUG[0m [32mInvoked command in '/home/radhae/ws_aic/build/aic_assets' returned '0': CMAKE_PREFIX_PATH=${CMAKE_PREFIX_PATH}:/opt/ros/kilted:/home/radhae/ws_aic/src/aic/.pixi/envs/default:/home/radhae/cognipilot/cranium/install/b3rb_ros_line_follower:/opt/ros/humble PS1=\[\e]0;\u@\h: \w\a\]${debian_chroot:+($debian_chroot)}\[\033[01;32m\]\u@\h\[\033[00m\]:\[\033[01;34m\]\w\[\033[00m\]\$ /home/radhae/ws_aic/src/aic/.pixi/envs/default/bin/cmake --install /home/radhae/ws_aic/build/aic_assets[0m
[3.652s] [34mcolcon.colcon_core.environment[0m [1;30mLevel 1[0m checking '/home/radhae/ws_aic/install/aic_assets' for CMake config files
[3.652s] [34mcolcon.colcon_core.shell[0m [1;30mLevel 1[0m create_environment_hook('aic_assets', 'cmake_prefix_path')
[3.652s] [34mcolcon.colcon_core.shell[0m [1;30mINFO[0m Creating environment hook '/home/radhae/ws_aic/install/aic_assets/share/aic_assets/hook/cmake_prefix_path.ps1'
[3.653s] [34mcolcon.colcon_core.shell[0m [1;30mINFO[0m Creating environment descriptor '/home/radhae/ws_aic/install/aic_assets/share/aic_assets/hook/cmake_prefix_path.dsv'
[3.653s] [34mcolcon.colcon_core.shell[0m [1;30mINFO[0m Creating environment hook '/home/radhae/ws_aic/install/aic_assets/share/aic_assets/hook/cmake_prefix_path.sh'
[3.653s] [34mcolcon.colcon_core.environment[0m [1;30mLevel 1[0m checking '/home/radhae/ws_aic/install/aic_assets/bin'
[3.653s] [34mcolcon.colcon_core.environment[0m [1;30mLevel 1[0m checking '/home/radhae/ws_aic/install/aic_assets/lib/pkgconfig/aic_assets.pc'
[3.653s] [34mcolcon.colcon_core.environment[0m [1;30mLevel 1[0m checking '/home/radhae/ws_aic/install/aic_assets/lib/python3.12/site-packages'
[3.654s] [34mcolcon.colcon_core.environment[0m [1;30mLevel 1[0m checking '/home/radhae/ws_aic/install/aic_assets/bin'
[3.654s] [34mcolcon.colcon_core.shell[0m [1;30mINFO[0m Creating package script '/home/radhae/ws_aic/install/aic_assets/share/aic_assets/package.ps1'
[3.654s] [34mcolcon.colcon_core.shell[0m [1;30mINFO[0m Creating package descriptor '/home/radhae/ws_aic/install/aic_assets/share/aic_assets/package.dsv'
[3.655s] [34mcolcon.colcon_core.shell[0m [1;30mINFO[0m Creating package script '/home/radhae/ws_aic/install/aic_assets/share/aic_assets/package.sh'
[3.655s] [34mcolcon.colcon_core.shell[0m [1;30mINFO[0m Creating package script '/home/radhae/ws_aic/install/aic_assets/share/aic_assets/package.bash'
[3.655s] [34mcolcon.colcon_core.shell[0m [1;30mINFO[0m Creating package script '/home/radhae/ws_aic/install/aic_assets/share/aic_assets/package.zsh'
[3.655s] [34mcolcon.colcon_core.environment[0m [1;30mLevel 1[0m create_file_with_runtime_dependencies(/home/radhae/ws_aic/install/aic_assets/share/colcon-core/packages/aic_assets)
[3.656s] [34mcolcon.colcon_core.environment[0m [1;30mLevel 1[0m create_environment_scripts_only(aic_assets)
[3.656s] [34mcolcon.colcon_core.environment[0m [1;30mLevel 1[0m checking '/home/radhae/ws_aic/install/aic_assets' for CMake module files
[3.657s] [34mcolcon.colcon_core.environment[0m [1;30mLevel 1[0m checking '/home/radhae/ws_aic/install/aic_assets' for CMake config files
[3.657s] [34mcolcon.colcon_core.shell[0m [1;30mLevel 1[0m create_environment_hook('aic_assets', 'cmake_prefix_path')
[3.657s] [34mcolcon.colcon_core.shell[0m [1;30mINFO[0m Creating environment hook '/home/radhae/ws_aic/install/aic_assets/share/aic_assets/hook/cmake_prefix_path.ps1'
[3.657s] [34mcolcon.colcon_core.shell[0m [1;30mINFO[0m Creating environment descriptor '/home/radhae/ws_aic/install/aic_assets/share/aic_assets/hook/cmake_prefix_path.dsv'
[3.658s] [34mcolcon.colcon_core.shell[0m [1;30mINFO[0m Creating environment hook '/home/radhae/ws_aic/install/aic_assets/share/aic_assets/hook/cmake_prefix_path.sh'
[3.658s] [34mcolcon.colcon_core.environment[0m [1;30mLevel 1[0m checking '/home/radhae/ws_aic/install/aic_assets/bin'
[3.658s] [34mcolcon.colcon_core.environment[0m [1;30mLevel 1[0m checking '/home/radhae/ws_aic/install/aic_assets/lib/pkgconfig/aic_assets.pc'
[3.658s] [34mcolcon.colcon_core.environment[0m [1;30mLevel 1[0m checking '/home/radhae/ws_aic/install/aic_assets/lib/python3.12/site-packages'
[3.659s] [34mcolcon.colcon_core.environment[0m [1;30mLevel 1[0m checking '/home/radhae/ws_aic/install/aic_assets/bin'
[3.659s] [34mcolcon.colcon_core.shell[0m [1;30mINFO[0m Creating package script '/home/radhae/ws_aic/install/aic_assets/share/aic_assets/package.ps1'
[3.659s] [34mcolcon.colcon_core.shell[0m [1;30mINFO[0m Creating package descriptor '/home/radhae/ws_aic/install/aic_assets/share/aic_assets/package.dsv'
[3.660s] [34mcolcon.colcon_core.shell[0m [1;30mINFO[0m Creating package script '/home/radhae/ws_aic/install/aic_assets/share/aic_assets/package.sh'
[3.660s] [34mcolcon.colcon_core.shell[0m [1;30mINFO[0m Creating package script '/home/radhae/ws_aic/install/aic_assets/share/aic_assets/package.bash'
[3.661s] [34mcolcon.colcon_core.shell[0m [1;30mINFO[0m Creating package script '/home/radhae/ws_aic/install/aic_assets/share/aic_assets/package.zsh'
[3.661s] [34mcolcon.colcon_core.environment[0m [1;30mLevel 1[0m create_file_with_runtime_dependencies(/home/radhae/ws_aic/install/aic_assets/share/colcon-core/packages/aic_assets)
[5.072s] [34mcolcon.colcon_parallel_executor.executor.parallel[0m [1;30mDEBUG[0m [32mrun_until_complete was interrupted[0m
[5.072s] [34mcolcon.colcon_parallel_executor.executor.parallel[0m [1;30mDEBUG[0m [32mrun_until_complete again[0m
[5.075s] [34mcolcon.colcon_core.environment[0m [1;30mLevel 1[0m create_environment_scripts_only(aic_engine_interfaces)
[5.075s] [34mcolcon.colcon_core.event_handler.log_command[0m [1;30mDEBUG[0m [32mInvoked command in '/home/radhae/ws_aic/build/aic_engine_interfaces' returned '-2': CMAKE_PREFIX_PATH=${CMAKE_PREFIX_PATH}:/opt/ros/kilted:/home/radhae/ws_aic/src/aic/.pixi/envs/default:/home/radhae/cognipilot/cranium/install/b3rb_ros_line_follower:/opt/ros/humble PS1=\[\e]0;\u@\h: \w\a\]${debian_chroot:+($debian_chroot)}\[\033[01;32m\]\u@\h\[\033[00m\]:\[\033[01;34m\]\w\[\033[00m\]\$ /home/radhae/ws_aic/src/aic/.pixi/envs/default/bin/cmake /home/radhae/ws_aic/src/aic/aic_interfaces/aic_engine_interfaces -DCMAKE_INSTALL_PREFIX=/home/radhae/ws_aic/install/aic_engine_interfaces[0m
[5.075s] [34mcolcon.colcon_core.environment[0m [1;30mLevel 1[0m checking '/home/radhae/ws_aic/install/aic_engine_interfaces' for CMake module files
[5.076s] [34mcolcon.colcon_core.environment[0m [1;30mLevel 1[0m checking '/home/radhae/ws_aic/install/aic_engine_interfaces' for CMake config files
[5.076s] [34mcolcon.colcon_core.environment[0m [1;30mLevel 1[0m checking '/home/radhae/ws_aic/install/aic_engine_interfaces/bin'
[5.076s] [34mcolcon.colcon_core.environment[0m [1;30mLevel 1[0m checking '/home/radhae/ws_aic/install/aic_engine_interfaces/lib/pkgconfig/aic_engine_interfaces.pc'
[5.076s] [34mcolcon.colcon_core.environment[0m [1;30mLevel 1[0m checking '/home/radhae/ws_aic/install/aic_engine_interfaces/lib/python3.12/site-packages'
[5.076s] [34mcolcon.colcon_core.environment[0m [1;30mLevel 1[0m checking '/home/radhae/ws_aic/install/aic_engine_interfaces/bin'
[5.077s] [34mcolcon.colcon_core.shell[0m [1;30mINFO[0m Creating package script '/home/radhae/ws_aic/install/aic_engine_interfaces/share/aic_engine_interfaces/package.ps1'
[5.077s] [34mcolcon.colcon_core.shell[0m [1;30mINFO[0m Creating package descriptor '/home/radhae/ws_aic/install/aic_engine_interfaces/share/aic_engine_interfaces/package.dsv'
[5.077s] [34mcolcon.colcon_core.shell[0m [1;30mINFO[0m Creating package script '/home/radhae/ws_aic/install/aic_engine_interfaces/share/aic_engine_interfaces/package.sh'
[5.078s] [34mcolcon.colcon_core.shell[0m [1;30mINFO[0m Creating package script '/home/radhae/ws_aic/install/aic_engine_interfaces/share/aic_engine_interfaces/package.bash'
[5.078s] [34mcolcon.colcon_core.shell[0m [1;30mINFO[0m Creating package script '/home/radhae/ws_aic/install/aic_engine_interfaces/share/aic_engine_interfaces/package.zsh'
[5.078s] [34mcolcon.colcon_core.environment[0m [1;30mLevel 1[0m create_file_with_runtime_dependencies(/home/radhae/ws_aic/install/aic_engine_interfaces/share/colcon-core/packages/aic_engine_interfaces)
[5.090s] [34mcolcon.colcon_parallel_executor.executor.parallel[0m [1;30mDEBUG[0m [32mrun_until_complete finished[0m
[5.090s] [34mcolcon.colcon_parallel_executor.executor.parallel[0m [1;30mDEBUG[0m [32mclosing loop[0m
[5.090s] [34mcolcon.colcon_parallel_executor.executor.parallel[0m [1;30mDEBUG[0m [32mloop closed[0m
[5.090s] [34mcolcon.colcon_core.event_reactor[0m [1;30mDEBUG[0m [32mjoining thread[0m
[5.091s] [34mcolcon.colcon_core.event_reactor[0m [1;30mDEBUG[0m [32mjoined thread[0m
[5.092s] [34mcolcon.colcon_core.shell[0m [1;30mINFO[0m Creating prefix script '/home/radhae/ws_aic/install/local_setup.ps1'
[5.092s] [34mcolcon.colcon_core.shell[0m [1;30mINFO[0m Creating prefix util module '/home/radhae/ws_aic/install/_local_setup_util_ps1.py'
[5.093s] [34mcolcon.colcon_core.shell[0m [1;30mINFO[0m Creating prefix chain script '/home/radhae/ws_aic/install/setup.ps1'
[5.094s] [34mcolcon.colcon_core.shell[0m [1;30mINFO[0m Creating prefix script '/home/radhae/ws_aic/install/local_setup.sh'
[5.094s] [34mcolcon.colcon_core.shell[0m [1;30mINFO[0m Creating prefix util module '/home/radhae/ws_aic/install/_local_setup_util_sh.py'
[5.095s] [34mcolcon.colcon_core.shell[0m [1;30mINFO[0m Creating prefix chain script '/home/radhae/ws_aic/install/setup.sh'
[5.096s] [34mcolcon.colcon_core.shell[0m [1;30mINFO[0m Creating prefix script '/home/radhae/ws_aic/install/local_setup.bash'
[5.096s] [34mcolcon.colcon_core.shell[0m [1;30mINFO[0m Creating prefix chain script '/home/radhae/ws_aic/install/setup.bash'
[5.098s] [34mcolcon.colcon_core.shell[0m [1;30mINFO[0m Creating prefix script '/home/radhae/ws_aic/install/local_setup.zsh'
[5.098s] [34mcolcon.colcon_core.shell[0m [1;30mINFO[0m Creating prefix chain script '/home/radhae/ws_aic/install/setup.zsh'
