[0.107s] [34mcolcon[0m [1;30mDEBUG[0m [32mCommand line arguments: ['/home/radhae/ws_aic/src/aic/.pixi/envs/default/bin/colcon', 'build', '--packages-ignore', 'aic_task'][0m
[0.107s] [34mcolcon[0m [1;30mDEBUG[0m [32mParsed command line arguments: Namespace(log_base=None, log_level=None, verb_name='build', build_base='build', install_base='install', merge_install=False, symlink_install=False, test_result_base=None, continue_on_error=False, executor='parallel', parallel_workers=12, event_handlers=None, ignore_user_meta=False, metas=['./colcon.meta'], base_paths=['.'], packages_ignore=['aic_task'], packages_ignore_regex=None, paths=None, packages_up_to=None, packages_up_to_regex=None, packages_above=None, packages_above_and_dependencies=None, packages_above_depth=None, packages_select_by_dep=None, packages_skip_by_dep=None, packages_skip_up_to=None, packages_select_build_failed=False, packages_skip_build_finished=False, packages_select_test_failures=False, packages_skip_test_passed=False, packages_select=None, packages_skip=None, packages_select_regex=None, packages_skip_regex=None, packages_start=None, packages_end=None, cmake_args=None, cmake_target=None, cmake_target_skip_unavailable=False, cmake_clean_cache=False, cmake_clean_first=False, cmake_force_configure=False, ament_cmake_args=None, catkin_cmake_args=None, catkin_skip_building_tests=False, verb_parser=<colcon_defaults.argument_parser.defaults.DefaultArgumentsDecorator object at 0x73c4ade39490>, verb_extension=<colcon_core.verb.build.BuildVerb object at 0x73c4ade3ac90>, main=<bound method BuildVerb.main of <colcon_core.verb.build.BuildVerb object at 0x73c4ade3ac90>>)[0m
[0.132s] [34mcolcon.colcon_core.package_discovery[0m [1;30mLevel 1[0m discover_packages(colcon_meta) check parameters
[0.132s] [34mcolcon.colcon_core.package_discovery[0m [1;30mLevel 1[0m discover_packages(recursive) check parameters
[0.132s] [34mcolcon.colcon_core.package_discovery[0m [1;30mLevel 1[0m discover_packages(ignore) check parameters
[0.132s] [34mcolcon.colcon_core.package_discovery[0m [1;30mLevel 1[0m discover_packages(path) check parameters
[0.132s] [34mcolcon.colcon_core.package_discovery[0m [1;30mLevel 1[0m discover_packages(colcon_meta) discover
[0.132s] [34mcolcon.colcon_core.package_discovery[0m [1;30mLevel 1[0m discover_packages(recursive) discover
[0.132s] [34mcolcon.colcon_core.package_discovery[0m [1;30mINFO[0m Crawling recursively for packages in '/home/radhae/ws_aic'
[0.132s] [34mcolcon.colcon_core.package_identification[0m [1;30mLevel 1[0m _identify(.) by extensions ['ignore', 'ignore_ament_install']
[0.132s] [34mcolcon.colcon_core.package_identification[0m [1;30mLevel 1[0m _identify(.) by extension 'ignore'
[0.133s] [34mcolcon.colcon_core.package_identification[0m [1;30mLevel 1[0m _identify(.) by extension 'ignore_ament_install'
[0.133s] [34mcolcon.colcon_core.package_identification[0m [1;30mLevel 1[0m _identify(.) by extensions ['colcon_pkg']
[0.133s] [34mcolcon.colcon_core.package_identification[0m [1;30mLevel 1[0m _identify(.) by extension 'colcon_pkg'
[0.133s] [34mcolcon.colcon_core.package_identification[0m [1;30mLevel 1[0m _identify(.) by extensions ['colcon_meta']
[0.133s] [34mcolcon.colcon_core.package_identification[0m [1;30mLevel 1[0m _identify(.) by extension 'colcon_meta'
[0.133s] [34mcolcon.colcon_core.package_identification[0m [1;30mLevel 1[0m _identify(.) by extensions ['ros']
[0.133s] [34mcolcon.colcon_core.package_identification[0m [1;30mLevel 1[0m _identify(.) by extension 'ros'
[0.153s] [34mcolcon.colcon_core.package_identification[0m [1;30mLevel 1[0m _identify(.) by extensions ['cmake', 'python']
[0.153s] [34mcolcon.colcon_core.package_identification[0m [1;30mLevel 1[0m _identify(.) by extension 'cmake'
[0.153s] [34mcolcon.colcon_core.package_identification[0m [1;30mLevel 1[0m _identify(.) by extension 'python'
[0.153s] [34mcolcon.colcon_core.package_identification[0m [1;30mLevel 1[0m _identify(.) by extensions ['python_setup_py']
[0.153s] [34mcolcon.colcon_core.package_identification[0m [1;30mLevel 1[0m _identify(.) by extension 'python_setup_py'
[0.153s] [34mcolcon.colcon_core.package_identification[0m [1;30mLevel 1[0m _identify(build) by extensions ['ignore', 'ignore_ament_install']
[0.153s] [34mcolcon.colcon_core.package_identification[0m [1;30mLevel 1[0m _identify(build) by extension 'ignore'
[0.153s] [34mcolcon.colcon_core.package_identification[0m [1;30mLevel 1[0m _identify(build) ignored
[0.153s] [34mcolcon.colcon_core.package_identification[0m [1;30mLevel 1[0m _identify(install) by extensions ['ignore', 'ignore_ament_install']
[0.153s] [34mcolcon.colcon_core.package_identification[0m [1;30mLevel 1[0m _identify(install) by extension 'ignore'
[0.153s] [34mcolcon.colcon_core.package_identification[0m [1;30mLevel 1[0m _identify(install) ignored
[0.154s] [34mcolcon.colcon_core.package_identification[0m [1;30mLevel 1[0m _identify(log) by extensions ['ignore', 'ignore_ament_install']
[0.154s] [34mcolcon.colcon_core.package_identification[0m [1;30mLevel 1[0m _identify(log) by extension 'ignore'
[0.154s] [34mcolcon.colcon_core.package_identification[0m [1;30mLevel 1[0m _identify(log) ignored
[0.154s] [34mcolcon.colcon_core.package_identification[0m [1;30mLevel 1[0m _identify(src) by extensions ['ignore', 'ignore_ament_install']
[0.154s] [34mcolcon.colcon_core.package_identification[0m [1;30mLevel 1[0m _identify(src) by extension 'ignore'
[0.154s] [34mcolcon.colcon_core.package_identification[0m [1;30mLevel 1[0m _identify(src) by extension 'ignore_ament_install'
[0.154s] [34mcolcon.colcon_core.package_identification[0m [1;30mLevel 1[0m _identify(src) by extensions ['colcon_pkg']
[0.154s] [34mcolcon.colcon_core.package_identification[0m [1;30mLevel 1[0m _identify(src) by extension 'colcon_pkg'
[0.154s] [34mcolcon.colcon_core.package_identification[0m [1;30mLevel 1[0m _identify(src) by extensions ['colcon_meta']
[0.154s] [34mcolcon.colcon_core.package_identification[0m [1;30mLevel 1[0m _identify(src) by extension 'colcon_meta'
[0.154s] [34mcolcon.colcon_core.package_identification[0m [1;30mLevel 1[0m _identify(src) by extensions ['ros']
[0.154s] [34mcolcon.colcon_core.package_identification[0m [1;30mLevel 1[0m _identify(src) by extension 'ros'
[0.154s] [34mcolcon.colcon_core.package_identification[0m [1;30mLevel 1[0m _identify(src) by extensions ['cmake', 'python']
[0.154s] [34mcolcon.colcon_core.package_identification[0m [1;30mLevel 1[0m _identify(src) by extension 'cmake'
[0.154s] [34mcolcon.colcon_core.package_identification[0m [1;30mLevel 1[0m _identify(src) by extension 'python'
[0.154s] [34mcolcon.colcon_core.package_identification[0m [1;30mLevel 1[0m _identify(src) by extensions ['python_setup_py']
[0.154s] [34mcolcon.colcon_core.package_identification[0m [1;30mLevel 1[0m _identify(src) by extension 'python_setup_py'
[0.154s] [34mcolcon.colcon_core.package_identification[0m [1;30mLevel 1[0m _identify(src/aic) by extensions ['ignore', 'ignore_ament_install']
[0.154s] [34mcolcon.colcon_core.package_identification[0m [1;30mLevel 1[0m _identify(src/aic) by extension 'ignore'
[0.154s] [34mcolcon.colcon_core.package_identification[0m [1;30mLevel 1[0m _identify(src/aic) by extension 'ignore_ament_install'
[0.154s] [34mcolcon.colcon_core.package_identification[0m [1;30mLevel 1[0m _identify(src/aic) by extensions ['colcon_pkg']
[0.154s] [34mcolcon.colcon_core.package_identification[0m [1;30mLevel 1[0m _identify(src/aic) by extension 'colcon_pkg'
[0.154s] [34mcolcon.colcon_core.package_identification[0m [1;30mLevel 1[0m _identify(src/aic) by extensions ['colcon_meta']
[0.154s] [34mcolcon.colcon_core.package_identification[0m [1;30mLevel 1[0m _identify(src/aic) by extension 'colcon_meta'
[0.154s] [34mcolcon.colcon_core.package_identification[0m [1;30mLevel 1[0m _identify(src/aic) by extensions ['ros']
[0.154s] [34mcolcon.colcon_core.package_identification[0m [1;30mLevel 1[0m _identify(src/aic) by extension 'ros'
[0.154s] [34mcolcon.colcon_core.package_identification[0m [1;30mLevel 1[0m _identify(src/aic) by extensions ['cmake', 'python']
[0.154s] [34mcolcon.colcon_core.package_identification[0m [1;30mLevel 1[0m _identify(src/aic) by extension 'cmake'
[0.154s] [34mcolcon.colcon_core.package_identification[0m [1;30mLevel 1[0m _identify(src/aic) by extension 'python'
[0.154s] [34mcolcon.colcon_core.package_identification[0m [1;30mLevel 1[0m _identify(src/aic) by extensions ['python_setup_py']
[0.154s] [34mcolcon.colcon_core.package_identification[0m [1;30mLevel 1[0m _identify(src/aic) by extension 'python_setup_py'
[0.154s] [34mcolcon.colcon_core.package_identification[0m [1;30mLevel 1[0m _identify(src/aic/aic_adapter) by extensions ['ignore', 'ignore_ament_install']
[0.154s] [34mcolcon.colcon_core.package_identification[0m [1;30mLevel 1[0m _identify(src/aic/aic_adapter) by extension 'ignore'
[0.154s] [34mcolcon.colcon_core.package_identification[0m [1;30mLevel 1[0m _identify(src/aic/aic_adapter) by extension 'ignore_ament_install'
[0.154s] [34mcolcon.colcon_core.package_identification[0m [1;30mLevel 1[0m _identify(src/aic/aic_adapter) by extensions ['colcon_pkg']
[0.154s] [34mcolcon.colcon_core.package_identification[0m [1;30mLevel 1[0m _identify(src/aic/aic_adapter) by extension 'colcon_pkg'
[0.154s] [34mcolcon.colcon_core.package_identification[0m [1;30mLevel 1[0m _identify(src/aic/aic_adapter) by extensions ['colcon_meta']
[0.154s] [34mcolcon.colcon_core.package_identification[0m [1;30mLevel 1[0m _identify(src/aic/aic_adapter) by extension 'colcon_meta'
[0.154s] [34mcolcon.colcon_core.package_identification[0m [1;30mLevel 1[0m _identify(src/aic/aic_adapter) by extensions ['ros']
[0.154s] [34mcolcon.colcon_core.package_identification[0m [1;30mLevel 1[0m _identify(src/aic/aic_adapter) by extension 'ros'
[0.156s] [34mcolcon.colcon_core.package_identification[0m [1;30mDEBUG[0m [32mPackage 'src/aic/aic_adapter' with type 'ros.ament_cmake' and name 'aic_adapter'[0m
[0.156s] [34mcolcon.colcon_core.package_identification[0m [1;30mLevel 1[0m _identify(src/aic/aic_assets) by extensions ['ignore', 'ignore_ament_install']
[0.156s] [34mcolcon.colcon_core.package_identification[0m [1;30mLevel 1[0m _identify(src/aic/aic_assets) by extension 'ignore'
[0.156s] [34mcolcon.colcon_core.package_identification[0m [1;30mLevel 1[0m _identify(src/aic/aic_assets) by extension 'ignore_ament_install'
[0.156s] [34mcolcon.colcon_core.package_identification[0m [1;30mLevel 1[0m _identify(src/aic/aic_assets) by extensions ['colcon_pkg']
[0.156s] [34mcolcon.colcon_core.package_identification[0m [1;30mLevel 1[0m _identify(src/aic/aic_assets) by extension 'colcon_pkg'
[0.156s] [34mcolcon.colcon_core.package_identification[0m [1;30mLevel 1[0m _identify(src/aic/aic_assets) by extensions ['colcon_meta']
[0.156s] [34mcolcon.colcon_core.package_identification[0m [1;30mLevel 1[0m _identify(src/aic/aic_assets) by extension 'colcon_meta'
[0.156s] [34mcolcon.colcon_core.package_identification[0m [1;30mLevel 1[0m _identify(src/aic/aic_assets) by extensions ['ros']
[0.156s] [34mcolcon.colcon_core.package_identification[0m [1;30mLevel 1[0m _identify(src/aic/aic_assets) by extension 'ros'
[0.157s] [34mcolcon.colcon_core.package_identification[0m [1;30mDEBUG[0m [32mPackage 'src/aic/aic_assets' with type 'ros.ament_cmake' and name 'aic_assets'[0m
[0.157s] [34mcolcon.colcon_core.package_identification[0m [1;30mLevel 1[0m _identify(src/aic/aic_bringup) by extensions ['ignore', 'ignore_ament_install']
[0.157s] [34mcolcon.colcon_core.package_identification[0m [1;30mLevel 1[0m _identify(src/aic/aic_bringup) by extension 'ignore'
[0.157s] [34mcolcon.colcon_core.package_identification[0m [1;30mLevel 1[0m _identify(src/aic/aic_bringup) by extension 'ignore_ament_install'
[0.157s] [34mcolcon.colcon_core.package_identification[0m [1;30mLevel 1[0m _identify(src/aic/aic_bringup) by extensions ['colcon_pkg']
[0.157s] [34mcolcon.colcon_core.package_identification[0m [1;30mLevel 1[0m _identify(src/aic/aic_bringup) by extension 'colcon_pkg'
[0.157s] [34mcolcon.colcon_core.package_identification[0m [1;30mLevel 1[0m _identify(src/aic/aic_bringup) by extensions ['colcon_meta']
[0.157s] [34mcolcon.colcon_core.package_identification[0m [1;30mLevel 1[0m _identify(src/aic/aic_bringup) by extension 'colcon_meta'
[0.157s] [34mcolcon.colcon_core.package_identification[0m [1;30mLevel 1[0m _identify(src/aic/aic_bringup) by extensions ['ros']
[0.157s] [34mcolcon.colcon_core.package_identification[0m [1;30mLevel 1[0m _identify(src/aic/aic_bringup) by extension 'ros'
[0.157s] [34mcolcon.colcon_core.package_identification[0m [1;30mDEBUG[0m [32mPackage 'src/aic/aic_bringup' with type 'ros.ament_cmake' and name 'aic_bringup'[0m
[0.157s] [34mcolcon.colcon_core.package_identification[0m [1;30mLevel 1[0m _identify(src/aic/aic_controller) by extensions ['ignore', 'ignore_ament_install']
[0.157s] [34mcolcon.colcon_core.package_identification[0m [1;30mLevel 1[0m _identify(src/aic/aic_controller) by extension 'ignore'
[0.157s] [34mcolcon.colcon_core.package_identification[0m [1;30mLevel 1[0m _identify(src/aic/aic_controller) by extension 'ignore_ament_install'
[0.157s] [34mcolcon.colcon_core.package_identification[0m [1;30mLevel 1[0m _identify(src/aic/aic_controller) by extensions ['colcon_pkg']
[0.157s] [34mcolcon.colcon_core.package_identification[0m [1;30mLevel 1[0m _identify(src/aic/aic_controller) by extension 'colcon_pkg'
[0.157s] [34mcolcon.colcon_core.package_identification[0m [1;30mLevel 1[0m _identify(src/aic/aic_controller) by extensions ['colcon_meta']
[0.157s] [34mcolcon.colcon_core.package_identification[0m [1;30mLevel 1[0m _identify(src/aic/aic_controller) by extension 'colcon_meta'
[0.157s] [34mcolcon.colcon_core.package_identification[0m [1;30mLevel 1[0m _identify(src/aic/aic_controller) by extensions ['ros']
[0.157s] [34mcolcon.colcon_core.package_identification[0m [1;30mLevel 1[0m _identify(src/aic/aic_controller) by extension 'ros'
[0.158s] [34mcolcon.colcon_core.package_identification[0m [1;30mDEBUG[0m [32mPackage 'src/aic/aic_controller' with type 'ros.ament_cmake' and name 'aic_controller'[0m
[0.158s] [34mcolcon.colcon_core.package_identification[0m [1;30mLevel 1[0m _identify(src/aic/aic_description) by extensions ['ignore', 'ignore_ament_install']
[0.158s] [34mcolcon.colcon_core.package_identification[0m [1;30mLevel 1[0m _identify(src/aic/aic_description) by extension 'ignore'
[0.158s] [34mcolcon.colcon_core.package_identification[0m [1;30mLevel 1[0m _identify(src/aic/aic_description) by extension 'ignore_ament_install'
[0.158s] [34mcolcon.colcon_core.package_identification[0m [1;30mLevel 1[0m _identify(src/aic/aic_description) by extensions ['colcon_pkg']
[0.158s] [34mcolcon.colcon_core.package_identification[0m [1;30mLevel 1[0m _identify(src/aic/aic_description) by extension 'colcon_pkg'
[0.158s] [34mcolcon.colcon_core.package_identification[0m [1;30mLevel 1[0m _identify(src/aic/aic_description) by extensions ['colcon_meta']
[0.158s] [34mcolcon.colcon_core.package_identification[0m [1;30mLevel 1[0m _identify(src/aic/aic_description) by extension 'colcon_meta'
[0.158s] [34mcolcon.colcon_core.package_identification[0m [1;30mLevel 1[0m _identify(src/aic/aic_description) by extensions ['ros']
[0.158s] [34mcolcon.colcon_core.package_identification[0m [1;30mLevel 1[0m _identify(src/aic/aic_description) by extension 'ros'
[0.159s] [34mcolcon.colcon_core.package_identification[0m [1;30mDEBUG[0m [32mPackage 'src/aic/aic_description' with type 'ros.ament_cmake' and name 'aic_description'[0m
[0.159s] [34mcolcon.colcon_core.package_identification[0m [1;30mLevel 1[0m _identify(src/aic/aic_engine) by extensions ['ignore', 'ignore_ament_install']
[0.159s] [34mcolcon.colcon_core.package_identification[0m [1;30mLevel 1[0m _identify(src/aic/aic_engine) by extension 'ignore'
[0.159s] [34mcolcon.colcon_core.package_identification[0m [1;30mLevel 1[0m _identify(src/aic/aic_engine) by extension 'ignore_ament_install'
[0.159s] [34mcolcon.colcon_core.package_identification[0m [1;30mLevel 1[0m _identify(src/aic/aic_engine) by extensions ['colcon_pkg']
[0.159s] [34mcolcon.colcon_core.package_identification[0m [1;30mLevel 1[0m _identify(src/aic/aic_engine) by extension 'colcon_pkg'
[0.159s] [34mcolcon.colcon_core.package_identification[0m [1;30mLevel 1[0m _identify(src/aic/aic_engine) by extensions ['colcon_meta']
[0.159s] [34mcolcon.colcon_core.package_identification[0m [1;30mLevel 1[0m _identify(src/aic/aic_engine) by extension 'colcon_meta'
[0.159s] [34mcolcon.colcon_core.package_identification[0m [1;30mLevel 1[0m _identify(src/aic/aic_engine) by extensions ['ros']
[0.159s] [34mcolcon.colcon_core.package_identification[0m [1;30mLevel 1[0m _identify(src/aic/aic_engine) by extension 'ros'
[0.160s] [34mcolcon.colcon_core.package_identification[0m [1;30mDEBUG[0m [32mPackage 'src/aic/aic_engine' with type 'ros.ament_cmake' and name 'aic_engine'[0m
[0.160s] [34mcolcon.colcon_core.package_identification[0m [1;30mLevel 1[0m _identify(src/aic/aic_example_policies) by extensions ['ignore', 'ignore_ament_install']
[0.160s] [34mcolcon.colcon_core.package_identification[0m [1;30mLevel 1[0m _identify(src/aic/aic_example_policies) by extension 'ignore'
[0.160s] [34mcolcon.colcon_core.package_identification[0m [1;30mLevel 1[0m _identify(src/aic/aic_example_policies) by extension 'ignore_ament_install'
[0.160s] [34mcolcon.colcon_core.package_identification[0m [1;30mLevel 1[0m _identify(src/aic/aic_example_policies) by extensions ['colcon_pkg']
[0.160s] [34mcolcon.colcon_core.package_identification[0m [1;30mLevel 1[0m _identify(src/aic/aic_example_policies) by extension 'colcon_pkg'
[0.160s] [34mcolcon.colcon_core.package_identification[0m [1;30mLevel 1[0m _identify(src/aic/aic_example_policies) by extensions ['colcon_meta']
[0.160s] [34mcolcon.colcon_core.package_identification[0m [1;30mLevel 1[0m _identify(src/aic/aic_example_policies) by extension 'colcon_meta'
[0.160s] [34mcolcon.colcon_core.package_identification[0m [1;30mLevel 1[0m _identify(src/aic/aic_example_policies) by extensions ['ros']
[0.160s] [34mcolcon.colcon_core.package_identification[0m [1;30mLevel 1[0m _identify(src/aic/aic_example_policies) by extension 'ros'
[0.161s] [34mcolcon.colcon_core.package_identification[0m [1;30mDEBUG[0m [32mPackage 'src/aic/aic_example_policies' with type 'ros.ament_python' and name 'aic_example_policies'[0m
[0.161s] [34mcolcon.colcon_core.package_identification[0m [1;30mLevel 1[0m _identify(src/aic/aic_gazebo) by extensions ['ignore', 'ignore_ament_install']
[0.161s] [34mcolcon.colcon_core.package_identification[0m [1;30mLevel 1[0m _identify(src/aic/aic_gazebo) by extension 'ignore'
[0.161s] [34mcolcon.colcon_core.package_identification[0m [1;30mLevel 1[0m _identify(src/aic/aic_gazebo) by extension 'ignore_ament_install'
[0.161s] [34mcolcon.colcon_core.package_identification[0m [1;30mLevel 1[0m _identify(src/aic/aic_gazebo) by extensions ['colcon_pkg']
[0.161s] [34mcolcon.colcon_core.package_identification[0m [1;30mLevel 1[0m _identify(src/aic/aic_gazebo) by extension 'colcon_pkg'
[0.161s] [34mcolcon.colcon_core.package_identification[0m [1;30mLevel 1[0m _identify(src/aic/aic_gazebo) by extensions ['colcon_meta']
[0.161s] [34mcolcon.colcon_core.package_identification[0m [1;30mLevel 1[0m _identify(src/aic/aic_gazebo) by extension 'colcon_meta'
[0.161s] [34mcolcon.colcon_core.package_identification[0m [1;30mLevel 1[0m _identify(src/aic/aic_gazebo) by extensions ['ros']
[0.161s] [34mcolcon.colcon_core.package_identification[0m [1;30mLevel 1[0m _identify(src/aic/aic_gazebo) by extension 'ros'
[0.161s] [34mcolcon.colcon_core.package_identification[0m [1;30mDEBUG[0m [32mPackage 'src/aic/aic_gazebo' with type 'ros.ament_cmake' and name 'aic_gazebo'[0m
[0.161s] [34mcolcon.colcon_core.package_identification[0m [1;30mLevel 1[0m _identify(src/aic/aic_interfaces) by extensions ['ignore', 'ignore_ament_install']
[0.161s] [34mcolcon.colcon_core.package_identification[0m [1;30mLevel 1[0m _identify(src/aic/aic_interfaces) by extension 'ignore'
[0.161s] [34mcolcon.colcon_core.package_identification[0m [1;30mLevel 1[0m _identify(src/aic/aic_interfaces) by extension 'ignore_ament_install'
[0.162s] [34mcolcon.colcon_core.package_identification[0m [1;30mLevel 1[0m _identify(src/aic/aic_interfaces) by extensions ['colcon_pkg']
[0.162s] [34mcolcon.colcon_core.package_identification[0m [1;30mLevel 1[0m _identify(src/aic/aic_interfaces) by extension 'colcon_pkg'
[0.162s] [34mcolcon.colcon_core.package_identification[0m [1;30mLevel 1[0m _identify(src/aic/aic_interfaces) by extensions ['colcon_meta']
[0.162s] [34mcolcon.colcon_core.package_identification[0m [1;30mLevel 1[0m _identify(src/aic/aic_interfaces) by extension 'colcon_meta'
[0.162s] [34mcolcon.colcon_core.package_identification[0m [1;30mLevel 1[0m _identify(src/aic/aic_interfaces) by extensions ['ros']
[0.162s] [34mcolcon.colcon_core.package_identification[0m [1;30mLevel 1[0m _identify(src/aic/aic_interfaces) by extension 'ros'
[0.162s] [34mcolcon.colcon_core.package_identification[0m [1;30mLevel 1[0m _identify(src/aic/aic_interfaces) by extensions ['cmake', 'python']
[0.162s] [34mcolcon.colcon_core.package_identification[0m [1;30mLevel 1[0m _identify(src/aic/aic_interfaces) by extension 'cmake'
[0.162s] [34mcolcon.colcon_core.package_identification[0m [1;30mLevel 1[0m _identify(src/aic/aic_interfaces) by extension 'python'
[0.162s] [34mcolcon.colcon_core.package_identification[0m [1;30mLevel 1[0m _identify(src/aic/aic_interfaces) by extensions ['python_setup_py']
[0.162s] [34mcolcon.colcon_core.package_identification[0m [1;30mLevel 1[0m _identify(src/aic/aic_interfaces) by extension 'python_setup_py'
[0.162s] [34mcolcon.colcon_core.package_identification[0m [1;30mLevel 1[0m _identify(src/aic/aic_interfaces/aic_control_interfaces) by extensions ['ignore', 'ignore_ament_install']
[0.162s] [34mcolcon.colcon_core.package_identification[0m [1;30mLevel 1[0m _identify(src/aic/aic_interfaces/aic_control_interfaces) by extension 'ignore'
[0.162s] [34mcolcon.colcon_core.package_identification[0m [1;30mLevel 1[0m _identify(src/aic/aic_interfaces/aic_control_interfaces) by extension 'ignore_ament_install'
[0.162s] [34mcolcon.colcon_core.package_identification[0m [1;30mLevel 1[0m _identify(src/aic/aic_interfaces/aic_control_interfaces) by extensions ['colcon_pkg']
[0.162s] [34mcolcon.colcon_core.package_identification[0m [1;30mLevel 1[0m _identify(src/aic/aic_interfaces/aic_control_interfaces) by extension 'colcon_pkg'
[0.162s] [34mcolcon.colcon_core.package_identification[0m [1;30mLevel 1[0m _identify(src/aic/aic_interfaces/aic_control_interfaces) by extensions ['colcon_meta']
[0.162s] [34mcolcon.colcon_core.package_identification[0m [1;30mLevel 1[0m _identify(src/aic/aic_interfaces/aic_control_interfaces) by extension 'colcon_meta'
[0.162s] [34mcolcon.colcon_core.package_identification[0m [1;30mLevel 1[0m _identify(src/aic/aic_interfaces/aic_control_interfaces) by extensions ['ros']
[0.162s] [34mcolcon.colcon_core.package_identification[0m [1;30mLevel 1[0m _identify(src/aic/aic_interfaces/aic_control_interfaces) by extension 'ros'
[0.162s] [34mcolcon.colcon_core.package_identification[0m [1;30mDEBUG[0m [32mPackage 'src/aic/aic_interfaces/aic_control_interfaces' with type 'ros.ament_cmake' and name 'aic_control_interfaces'[0m
[0.162s] [34mcolcon.colcon_core.package_identification[0m [1;30mLevel 1[0m _identify(src/aic/aic_interfaces/aic_engine_interfaces) by extensions ['ignore', 'ignore_ament_install']
[0.162s] [34mcolcon.colcon_core.package_identification[0m [1;30mLevel 1[0m _identify(src/aic/aic_interfaces/aic_engine_interfaces) by extension 'ignore'
[0.162s] [34mcolcon.colcon_core.package_identification[0m [1;30mLevel 1[0m _identify(src/aic/aic_interfaces/aic_engine_interfaces) by extension 'ignore_ament_install'
[0.163s] [34mcolcon.colcon_core.package_identification[0m [1;30mLevel 1[0m _identify(src/aic/aic_interfaces/aic_engine_interfaces) by extensions ['colcon_pkg']
[0.163s] [34mcolcon.colcon_core.package_identification[0m [1;30mLevel 1[0m _identify(src/aic/aic_interfaces/aic_engine_interfaces) by extension 'colcon_pkg'
[0.163s] [34mcolcon.colcon_core.package_identification[0m [1;30mLevel 1[0m _identify(src/aic/aic_interfaces/aic_engine_interfaces) by extensions ['colcon_meta']
[0.163s] [34mcolcon.colcon_core.package_identification[0m [1;30mLevel 1[0m _identify(src/aic/aic_interfaces/aic_engine_interfaces) by extension 'colcon_meta'
[0.163s] [34mcolcon.colcon_core.package_identification[0m [1;30mLevel 1[0m _identify(src/aic/aic_interfaces/aic_engine_interfaces) by extensions ['ros']
[0.163s] [34mcolcon.colcon_core.package_identification[0m [1;30mLevel 1[0m _identify(src/aic/aic_interfaces/aic_engine_interfaces) by extension 'ros'
[0.163s] [34mcolcon.colcon_core.package_identification[0m [1;30mDEBUG[0m [32mPackage 'src/aic/aic_interfaces/aic_engine_interfaces' with type 'ros.ament_cmake' and name 'aic_engine_interfaces'[0m
[0.163s] [34mcolcon.colcon_core.package_identification[0m [1;30mLevel 1[0m _identify(src/aic/aic_interfaces/aic_model_interfaces) by extensions ['ignore', 'ignore_ament_install']
[0.163s] [34mcolcon.colcon_core.package_identification[0m [1;30mLevel 1[0m _identify(src/aic/aic_interfaces/aic_model_interfaces) by extension 'ignore'
[0.163s] [34mcolcon.colcon_core.package_identification[0m [1;30mLevel 1[0m _identify(src/aic/aic_interfaces/aic_model_interfaces) by extension 'ignore_ament_install'
[0.163s] [34mcolcon.colcon_core.package_identification[0m [1;30mLevel 1[0m _identify(src/aic/aic_interfaces/aic_model_interfaces) by extensions ['colcon_pkg']
[0.163s] [34mcolcon.colcon_core.package_identification[0m [1;30mLevel 1[0m _identify(src/aic/aic_interfaces/aic_model_interfaces) by extension 'colcon_pkg'
[0.163s] [34mcolcon.colcon_core.package_identification[0m [1;30mLevel 1[0m _identify(src/aic/aic_interfaces/aic_model_interfaces) by extensions ['colcon_meta']
[0.163s] [34mcolcon.colcon_core.package_identification[0m [1;30mLevel 1[0m _identify(src/aic/aic_interfaces/aic_model_interfaces) by extension 'colcon_meta'
[0.163s] [34mcolcon.colcon_core.package_identification[0m [1;30mLevel 1[0m _identify(src/aic/aic_interfaces/aic_model_interfaces) by extensions ['ros']
[0.163s] [34mcolcon.colcon_core.package_identification[0m [1;30mLevel 1[0m _identify(src/aic/aic_interfaces/aic_model_interfaces) by extension 'ros'
[0.164s] [34mcolcon.colcon_core.package_identification[0m [1;30mDEBUG[0m [32mPackage 'src/aic/aic_interfaces/aic_model_interfaces' with type 'ros.ament_cmake' and name 'aic_model_interfaces'[0m
[0.164s] [34mcolcon.colcon_core.package_identification[0m [1;30mLevel 1[0m _identify(src/aic/aic_interfaces/aic_task_interfaces) by extensions ['ignore', 'ignore_ament_install']
[0.164s] [34mcolcon.colcon_core.package_identification[0m [1;30mLevel 1[0m _identify(src/aic/aic_interfaces/aic_task_interfaces) by extension 'ignore'
[0.164s] [34mcolcon.colcon_core.package_identification[0m [1;30mLevel 1[0m _identify(src/aic/aic_interfaces/aic_task_interfaces) by extension 'ignore_ament_install'
[0.164s] [34mcolcon.colcon_core.package_identification[0m [1;30mLevel 1[0m _identify(src/aic/aic_interfaces/aic_task_interfaces) by extensions ['colcon_pkg']
[0.164s] [34mcolcon.colcon_core.package_identification[0m [1;30mLevel 1[0m _identify(src/aic/aic_interfaces/aic_task_interfaces) by extension 'colcon_pkg'
[0.164s] [34mcolcon.colcon_core.package_identification[0m [1;30mLevel 1[0m _identify(src/aic/aic_interfaces/aic_task_interfaces) by extensions ['colcon_meta']
[0.164s] [34mcolcon.colcon_core.package_identification[0m [1;30mLevel 1[0m _identify(src/aic/aic_interfaces/aic_task_interfaces) by extension 'colcon_meta'
[0.164s] [34mcolcon.colcon_core.package_identification[0m [1;30mLevel 1[0m _identify(src/aic/aic_interfaces/aic_task_interfaces) by extensions ['ros']
[0.164s] [34mcolcon.colcon_core.package_identification[0m [1;30mLevel 1[0m _identify(src/aic/aic_interfaces/aic_task_interfaces) by extension 'ros'
[0.164s] [34mcolcon.colcon_core.package_identification[0m [1;30mDEBUG[0m [32mPackage 'src/aic/aic_interfaces/aic_task_interfaces' with type 'ros.ament_cmake' and name 'aic_task_interfaces'[0m
[0.164s] [34mcolcon.colcon_core.package_identification[0m [1;30mLevel 1[0m _identify(src/aic/aic_model) by extensions ['ignore', 'ignore_ament_install']
[0.164s] [34mcolcon.colcon_core.package_identification[0m [1;30mLevel 1[0m _identify(src/aic/aic_model) by extension 'ignore'
[0.164s] [34mcolcon.colcon_core.package_identification[0m [1;30mLevel 1[0m _identify(src/aic/aic_model) by extension 'ignore_ament_install'
[0.164s] [34mcolcon.colcon_core.package_identification[0m [1;30mLevel 1[0m _identify(src/aic/aic_model) by extensions ['colcon_pkg']
[0.164s] [34mcolcon.colcon_core.package_identification[0m [1;30mLevel 1[0m _identify(src/aic/aic_model) by extension 'colcon_pkg'
[0.164s] [34mcolcon.colcon_core.package_identification[0m [1;30mLevel 1[0m _identify(src/aic/aic_model) by extensions ['colcon_meta']
[0.164s] [34mcolcon.colcon_core.package_identification[0m [1;30mLevel 1[0m _identify(src/aic/aic_model) by extension 'colcon_meta'
[0.164s] [34mcolcon.colcon_core.package_identification[0m [1;30mLevel 1[0m _identify(src/aic/aic_model) by extensions ['ros']
[0.164s] [34mcolcon.colcon_core.package_identification[0m [1;30mLevel 1[0m _identify(src/aic/aic_model) by extension 'ros'
[0.165s] [34mcolcon.colcon_core.package_identification[0m [1;30mDEBUG[0m [32mPackage 'src/aic/aic_model' with type 'ros.ament_python' and name 'aic_model'[0m
[0.165s] [34mcolcon.colcon_core.package_identification[0m [1;30mLevel 1[0m _identify(src/aic/aic_scoring) by extensions ['ignore', 'ignore_ament_install']
[0.165s] [34mcolcon.colcon_core.package_identification[0m [1;30mLevel 1[0m _identify(src/aic/aic_scoring) by extension 'ignore'
[0.165s] [34mcolcon.colcon_core.package_identification[0m [1;30mLevel 1[0m _identify(src/aic/aic_scoring) by extension 'ignore_ament_install'
[0.165s] [34mcolcon.colcon_core.package_identification[0m [1;30mLevel 1[0m _identify(src/aic/aic_scoring) by extensions ['colcon_pkg']
[0.165s] [34mcolcon.colcon_core.package_identification[0m [1;30mLevel 1[0m _identify(src/aic/aic_scoring) by extension 'colcon_pkg'
[0.165s] [34mcolcon.colcon_core.package_identification[0m [1;30mLevel 1[0m _identify(src/aic/aic_scoring) by extensions ['colcon_meta']
[0.165s] [34mcolcon.colcon_core.package_identification[0m [1;30mLevel 1[0m _identify(src/aic/aic_scoring) by extension 'colcon_meta'
[0.165s] [34mcolcon.colcon_core.package_identification[0m [1;30mLevel 1[0m _identify(src/aic/aic_scoring) by extensions ['ros']
[0.165s] [34mcolcon.colcon_core.package_identification[0m [1;30mLevel 1[0m _identify(src/aic/aic_scoring) by extension 'ros'
[0.166s] [34mcolcon.colcon_core.package_identification[0m [1;30mDEBUG[0m [32mPackage 'src/aic/aic_scoring' with type 'ros.ament_cmake' and name 'aic_scoring'[0m
[0.166s] [34mcolcon.colcon_core.package_identification[0m [1;30mLevel 1[0m _identify(src/aic/aic_utils) by extensions ['ignore', 'ignore_ament_install']
[0.166s] [34mcolcon.colcon_core.package_identification[0m [1;30mLevel 1[0m _identify(src/aic/aic_utils) by extension 'ignore'
[0.166s] [34mcolcon.colcon_core.package_identification[0m [1;30mLevel 1[0m _identify(src/aic/aic_utils) by extension 'ignore_ament_install'
[0.166s] [34mcolcon.colcon_core.package_identification[0m [1;30mLevel 1[0m _identify(src/aic/aic_utils) by extensions ['colcon_pkg']
[0.166s] [34mcolcon.colcon_core.package_identification[0m [1;30mLevel 1[0m _identify(src/aic/aic_utils) by extension 'colcon_pkg'
[0.166s] [34mcolcon.colcon_core.package_identification[0m [1;30mLevel 1[0m _identify(src/aic/aic_utils) by extensions ['colcon_meta']
[0.166s] [34mcolcon.colcon_core.package_identification[0m [1;30mLevel 1[0m _identify(src/aic/aic_utils) by extension 'colcon_meta'
[0.166s] [34mcolcon.colcon_core.package_identification[0m [1;30mLevel 1[0m _identify(src/aic/aic_utils) by extensions ['ros']
[0.166s] [34mcolcon.colcon_core.package_identification[0m [1;30mLevel 1[0m _identify(src/aic/aic_utils) by extension 'ros'
[0.166s] [34mcolcon.colcon_core.package_identification[0m [1;30mLevel 1[0m _identify(src/aic/aic_utils) by extensions ['cmake', 'python']
[0.166s] [34mcolcon.colcon_core.package_identification[0m [1;30mLevel 1[0m _identify(src/aic/aic_utils) by extension 'cmake'
[0.166s] [34mcolcon.colcon_core.package_identification[0m [1;30mLevel 1[0m _identify(src/aic/aic_utils) by extension 'python'
[0.166s] [34mcolcon.colcon_core.package_identification[0m [1;30mLevel 1[0m _identify(src/aic/aic_utils) by extensions ['python_setup_py']
[0.166s] [34mcolcon.colcon_core.package_identification[0m [1;30mLevel 1[0m _identify(src/aic/aic_utils) by extension 'python_setup_py'
[0.166s] [34mcolcon.colcon_core.package_identification[0m [1;30mLevel 1[0m _identify(src/aic/aic_utils/aic_isaac) by extensions ['ignore', 'ignore_ament_install']
[0.166s] [34mcolcon.colcon_core.package_identification[0m [1;30mLevel 1[0m _identify(src/aic/aic_utils/aic_isaac) by extension 'ignore'
[0.166s] [34mcolcon.colcon_core.package_identification[0m [1;30mLevel 1[0m _identify(src/aic/aic_utils/aic_isaac) by extension 'ignore_ament_install'
[0.166s] [34mcolcon.colcon_core.package_identification[0m [1;30mLevel 1[0m _identify(src/aic/aic_utils/aic_isaac) by extensions ['colcon_pkg']
[0.166s] [34mcolcon.colcon_core.package_identification[0m [1;30mLevel 1[0m _identify(src/aic/aic_utils/aic_isaac) by extension 'colcon_pkg'
[0.166s] [34mcolcon.colcon_core.package_identification[0m [1;30mLevel 1[0m _identify(src/aic/aic_utils/aic_isaac) by extensions ['colcon_meta']
[0.166s] [34mcolcon.colcon_core.package_identification[0m [1;30mLevel 1[0m _identify(src/aic/aic_utils/aic_isaac) by extension 'colcon_meta'
[0.166s] [34mcolcon.colcon_core.package_identification[0m [1;30mLevel 1[0m _identify(src/aic/aic_utils/aic_isaac) by extensions ['ros']
[0.166s] [34mcolcon.colcon_core.package_identification[0m [1;30mLevel 1[0m _identify(src/aic/aic_utils/aic_isaac) by extension 'ros'
[0.166s] [34mcolcon.colcon_core.package_identification[0m [1;30mLevel 1[0m _identify(src/aic/aic_utils/aic_isaac) by extensions ['cmake', 'python']
[0.166s] [34mcolcon.colcon_core.package_identification[0m [1;30mLevel 1[0m _identify(src/aic/aic_utils/aic_isaac) by extension 'cmake'
[0.166s] [34mcolcon.colcon_core.package_identification[0m [1;30mLevel 1[0m _identify(src/aic/aic_utils/aic_isaac) by extension 'python'
[0.166s] [34mcolcon.colcon_core.package_identification[0m [1;30mLevel 1[0m _identify(src/aic/aic_utils/aic_isaac) by extensions ['python_setup_py']
[0.167s] [34mcolcon.colcon_core.package_identification[0m [1;30mLevel 1[0m _identify(src/aic/aic_utils/aic_isaac) by extension 'python_setup_py'
[0.167s] [34mcolcon.colcon_core.package_identification[0m [1;30mLevel 1[0m _identify(src/aic/aic_utils/aic_isaac/aic_isaaclab) by extensions ['ignore', 'ignore_ament_install']
[0.167s] [34mcolcon.colcon_core.package_identification[0m [1;30mLevel 1[0m _identify(src/aic/aic_utils/aic_isaac/aic_isaaclab) by extension 'ignore'
[0.167s] [34mcolcon.colcon_core.package_identification[0m [1;30mLevel 1[0m _identify(src/aic/aic_utils/aic_isaac/aic_isaaclab) by extension 'ignore_ament_install'
[0.167s] [34mcolcon.colcon_core.package_identification[0m [1;30mLevel 1[0m _identify(src/aic/aic_utils/aic_isaac/aic_isaaclab) by extensions ['colcon_pkg']
[0.167s] [34mcolcon.colcon_core.package_identification[0m [1;30mLevel 1[0m _identify(src/aic/aic_utils/aic_isaac/aic_isaaclab) by extension 'colcon_pkg'
[0.167s] [34mcolcon.colcon_core.package_identification[0m [1;30mLevel 1[0m _identify(src/aic/aic_utils/aic_isaac/aic_isaaclab) by extensions ['colcon_meta']
[0.167s] [34mcolcon.colcon_core.package_identification[0m [1;30mLevel 1[0m _identify(src/aic/aic_utils/aic_isaac/aic_isaaclab) by extension 'colcon_meta'
[0.167s] [34mcolcon.colcon_core.package_identification[0m [1;30mLevel 1[0m _identify(src/aic/aic_utils/aic_isaac/aic_isaaclab) by extensions ['ros']
[0.167s] [34mcolcon.colcon_core.package_identification[0m [1;30mLevel 1[0m _identify(src/aic/aic_utils/aic_isaac/aic_isaaclab) by extension 'ros'
[0.167s] [34mcolcon.colcon_core.package_identification[0m [1;30mLevel 1[0m _identify(src/aic/aic_utils/aic_isaac/aic_isaaclab) by extensions ['cmake', 'python']
[0.167s] [34mcolcon.colcon_core.package_identification[0m [1;30mLevel 1[0m _identify(src/aic/aic_utils/aic_isaac/aic_isaaclab) by extension 'cmake'
[0.167s] [34mcolcon.colcon_core.package_identification[0m [1;30mLevel 1[0m _identify(src/aic/aic_utils/aic_isaac/aic_isaaclab) by extension 'python'
[0.167s] [34mcolcon.colcon_core.package_identification[0m [1;30mLevel 1[0m _identify(src/aic/aic_utils/aic_isaac/aic_isaaclab) by extensions ['python_setup_py']
[0.167s] [34mcolcon.colcon_core.package_identification[0m [1;30mLevel 1[0m _identify(src/aic/aic_utils/aic_isaac/aic_isaaclab) by extension 'python_setup_py'
[0.167s] [34mcolcon.colcon_core.package_identification[0m [1;30mLevel 1[0m _identify(src/aic/aic_utils/aic_isaac/aic_isaaclab/scripts) by extensions ['ignore', 'ignore_ament_install']
[0.167s] [34mcolcon.colcon_core.package_identification[0m [1;30mLevel 1[0m _identify(src/aic/aic_utils/aic_isaac/aic_isaaclab/scripts) by extension 'ignore'
[0.167s] [34mcolcon.colcon_core.package_identification[0m [1;30mLevel 1[0m _identify(src/aic/aic_utils/aic_isaac/aic_isaaclab/scripts) by extension 'ignore_ament_install'
[0.167s] [34mcolcon.colcon_core.package_identification[0m [1;30mLevel 1[0m _identify(src/aic/aic_utils/aic_isaac/aic_isaaclab/scripts) by extensions ['colcon_pkg']
[0.167s] [34mcolcon.colcon_core.package_identification[0m [1;30mLevel 1[0m _identify(src/aic/aic_utils/aic_isaac/aic_isaaclab/scripts) by extension 'colcon_pkg'
[0.167s] [34mcolcon.colcon_core.package_identification[0m [1;30mLevel 1[0m _identify(src/aic/aic_utils/aic_isaac/aic_isaaclab/scripts) by extensions ['colcon_meta']
[0.167s] [34mcolcon.colcon_core.package_identification[0m [1;30mLevel 1[0m _identify(src/aic/aic_utils/aic_isaac/aic_isaaclab/scripts) by extension 'colcon_meta'
[0.167s] [34mcolcon.colcon_core.package_identification[0m [1;30mLevel 1[0m _identify(src/aic/aic_utils/aic_isaac/aic_isaaclab/scripts) by extensions ['ros']
[0.167s] [34mcolcon.colcon_core.package_identification[0m [1;30mLevel 1[0m _identify(src/aic/aic_utils/aic_isaac/aic_isaaclab/scripts) by extension 'ros'
[0.167s] [34mcolcon.colcon_core.package_identification[0m [1;30mLevel 1[0m _identify(src/aic/aic_utils/aic_isaac/aic_isaaclab/scripts) by extensions ['cmake', 'python']
[0.167s] [34mcolcon.colcon_core.package_identification[0m [1;30mLevel 1[0m _identify(src/aic/aic_utils/aic_isaac/aic_isaaclab/scripts) by extension 'cmake'
[0.167s] [34mcolcon.colcon_core.package_identification[0m [1;30mLevel 1[0m _identify(src/aic/aic_utils/aic_isaac/aic_isaaclab/scripts) by extension 'python'
[0.167s] [34mcolcon.colcon_core.package_identification[0m [1;30mLevel 1[0m _identify(src/aic/aic_utils/aic_isaac/aic_isaaclab/scripts) by extensions ['python_setup_py']
[0.167s] [34mcolcon.colcon_core.package_identification[0m [1;30mLevel 1[0m _identify(src/aic/aic_utils/aic_isaac/aic_isaaclab/scripts) by extension 'python_setup_py'
[0.167s] [34mcolcon.colcon_core.package_identification[0m [1;30mLevel 1[0m _identify(src/aic/aic_utils/aic_isaac/aic_isaaclab/scripts/rsl_rl) by extensions ['ignore', 'ignore_ament_install']
[0.167s] [34mcolcon.colcon_core.package_identification[0m [1;30mLevel 1[0m _identify(src/aic/aic_utils/aic_isaac/aic_isaaclab/scripts/rsl_rl) by extension 'ignore'
[0.167s] [34mcolcon.colcon_core.package_identification[0m [1;30mLevel 1[0m _identify(src/aic/aic_utils/aic_isaac/aic_isaaclab/scripts/rsl_rl) by extension 'ignore_ament_install'
[0.167s] [34mcolcon.colcon_core.package_identification[0m [1;30mLevel 1[0m _identify(src/aic/aic_utils/aic_isaac/aic_isaaclab/scripts/rsl_rl) by extensions ['colcon_pkg']
[0.167s] [34mcolcon.colcon_core.package_identification[0m [1;30mLevel 1[0m _identify(src/aic/aic_utils/aic_isaac/aic_isaaclab/scripts/rsl_rl) by extension 'colcon_pkg'
[0.167s] [34mcolcon.colcon_core.package_identification[0m [1;30mLevel 1[0m _identify(src/aic/aic_utils/aic_isaac/aic_isaaclab/scripts/rsl_rl) by extensions ['colcon_meta']
[0.167s] [34mcolcon.colcon_core.package_identification[0m [1;30mLevel 1[0m _identify(src/aic/aic_utils/aic_isaac/aic_isaaclab/scripts/rsl_rl) by extension 'colcon_meta'
[0.167s] [34mcolcon.colcon_core.package_identification[0m [1;30mLevel 1[0m _identify(src/aic/aic_utils/aic_isaac/aic_isaaclab/scripts/rsl_rl) by extensions ['ros']
[0.167s] [34mcolcon.colcon_core.package_identification[0m [1;30mLevel 1[0m _identify(src/aic/aic_utils/aic_isaac/aic_isaaclab/scripts/rsl_rl) by extension 'ros'
[0.167s] [34mcolcon.colcon_core.package_identification[0m [1;30mLevel 1[0m _identify(src/aic/aic_utils/aic_isaac/aic_isaaclab/scripts/rsl_rl) by extensions ['cmake', 'python']
[0.167s] [34mcolcon.colcon_core.package_identification[0m [1;30mLevel 1[0m _identify(src/aic/aic_utils/aic_isaac/aic_isaaclab/scripts/rsl_rl) by extension 'cmake'
[0.167s] [34mcolcon.colcon_core.package_identification[0m [1;30mLevel 1[0m _identify(src/aic/aic_utils/aic_isaac/aic_isaaclab/scripts/rsl_rl) by extension 'python'
[0.167s] [34mcolcon.colcon_core.package_identification[0m [1;30mLevel 1[0m _identify(src/aic/aic_utils/aic_isaac/aic_isaaclab/scripts/rsl_rl) by extensions ['python_setup_py']
[0.167s] [34mcolcon.colcon_core.package_identification[0m [1;30mLevel 1[0m _identify(src/aic/aic_utils/aic_isaac/aic_isaaclab/scripts/rsl_rl) by extension 'python_setup_py'
[0.167s] [34mcolcon.colcon_core.package_identification[0m [1;30mLevel 1[0m _identify(src/aic/aic_utils/aic_isaac/aic_isaaclab/source) by extensions ['ignore', 'ignore_ament_install']
[0.168s] [34mcolcon.colcon_core.package_identification[0m [1;30mLevel 1[0m _identify(src/aic/aic_utils/aic_isaac/aic_isaaclab/source) by extension 'ignore'
[0.168s] [34mcolcon.colcon_core.package_identification[0m [1;30mLevel 1[0m _identify(src/aic/aic_utils/aic_isaac/aic_isaaclab/source) by extension 'ignore_ament_install'
[0.168s] [34mcolcon.colcon_core.package_identification[0m [1;30mLevel 1[0m _identify(src/aic/aic_utils/aic_isaac/aic_isaaclab/source) by extensions ['colcon_pkg']
[0.168s] [34mcolcon.colcon_core.package_identification[0m [1;30mLevel 1[0m _identify(src/aic/aic_utils/aic_isaac/aic_isaaclab/source) by extension 'colcon_pkg'
[0.168s] [34mcolcon.colcon_core.package_identification[0m [1;30mLevel 1[0m _identify(src/aic/aic_utils/aic_isaac/aic_isaaclab/source) by extensions ['colcon_meta']
[0.168s] [34mcolcon.colcon_core.package_identification[0m [1;30mLevel 1[0m _identify(src/aic/aic_utils/aic_isaac/aic_isaaclab/source) by extension 'colcon_meta'
[0.168s] [34mcolcon.colcon_core.package_identification[0m [1;30mLevel 1[0m _identify(src/aic/aic_utils/aic_isaac/aic_isaaclab/source) by extensions ['ros']
[0.168s] [34mcolcon.colcon_core.package_identification[0m [1;30mLevel 1[0m _identify(src/aic/aic_utils/aic_isaac/aic_isaaclab/source) by extension 'ros'
[0.168s] [34mcolcon.colcon_core.package_identification[0m [1;30mLevel 1[0m _identify(src/aic/aic_utils/aic_isaac/aic_isaaclab/source) by extensions ['cmake', 'python']
[0.168s] [34mcolcon.colcon_core.package_identification[0m [1;30mLevel 1[0m _identify(src/aic/aic_utils/aic_isaac/aic_isaaclab/source) by extension 'cmake'
[0.168s] [34mcolcon.colcon_core.package_identification[0m [1;30mLevel 1[0m _identify(src/aic/aic_utils/aic_isaac/aic_isaaclab/source) by extension 'python'
[0.168s] [34mcolcon.colcon_core.package_identification[0m [1;30mLevel 1[0m _identify(src/aic/aic_utils/aic_isaac/aic_isaaclab/source) by extensions ['python_setup_py']
[0.168s] [34mcolcon.colcon_core.package_identification[0m [1;30mLevel 1[0m _identify(src/aic/aic_utils/aic_isaac/aic_isaaclab/source) by extension 'python_setup_py'
[0.168s] [34mcolcon.colcon_core.package_identification[0m [1;30mLevel 1[0m _identify(src/aic/aic_utils/aic_isaac/aic_isaaclab/source/aic_task) by extensions ['ignore', 'ignore_ament_install']
[0.168s] [34mcolcon.colcon_core.package_identification[0m [1;30mLevel 1[0m _identify(src/aic/aic_utils/aic_isaac/aic_isaaclab/source/aic_task) by extension 'ignore'
[0.168s] [34mcolcon.colcon_core.package_identification[0m [1;30mLevel 1[0m _identify(src/aic/aic_utils/aic_isaac/aic_isaaclab/source/aic_task) by extension 'ignore_ament_install'
[0.168s] [34mcolcon.colcon_core.package_identification[0m [1;30mLevel 1[0m _identify(src/aic/aic_utils/aic_isaac/aic_isaaclab/source/aic_task) by extensions ['colcon_pkg']
[0.168s] [34mcolcon.colcon_core.package_identification[0m [1;30mLevel 1[0m _identify(src/aic/aic_utils/aic_isaac/aic_isaaclab/source/aic_task) by extension 'colcon_pkg'
[0.168s] [34mcolcon.colcon_core.package_identification[0m [1;30mLevel 1[0m _identify(src/aic/aic_utils/aic_isaac/aic_isaaclab/source/aic_task) by extensions ['colcon_meta']
[0.168s] [34mcolcon.colcon_core.package_identification[0m [1;30mLevel 1[0m _identify(src/aic/aic_utils/aic_isaac/aic_isaaclab/source/aic_task) by extension 'colcon_meta'
[0.168s] [34mcolcon.colcon_core.package_identification[0m [1;30mLevel 1[0m _identify(src/aic/aic_utils/aic_isaac/aic_isaaclab/source/aic_task) by extensions ['ros']
[0.168s] [34mcolcon.colcon_core.package_identification[0m [1;30mLevel 1[0m _identify(src/aic/aic_utils/aic_isaac/aic_isaaclab/source/aic_task) by extension 'ros'
[0.168s] [34mcolcon.colcon_core.package_identification[0m [1;30mLevel 1[0m _identify(src/aic/aic_utils/aic_isaac/aic_isaaclab/source/aic_task) by extensions ['cmake', 'python']
[0.168s] [34mcolcon.colcon_core.package_identification[0m [1;30mLevel 1[0m _identify(src/aic/aic_utils/aic_isaac/aic_isaaclab/source/aic_task) by extension 'cmake'
[0.168s] [34mcolcon.colcon_core.package_identification[0m [1;30mLevel 1[0m _identify(src/aic/aic_utils/aic_isaac/aic_isaaclab/source/aic_task) by extension 'python'
[0.168s] [34mcolcon.colcon_core.package_identification[0m [1;30mLevel 1[0m _identify(src/aic/aic_utils/aic_isaac/aic_isaaclab/source/aic_task) by extensions ['python_setup_py']
[0.168s] [34mcolcon.colcon_core.package_identification[0m [1;30mLevel 1[0m _identify(src/aic/aic_utils/aic_isaac/aic_isaaclab/source/aic_task) by extension 'python_setup_py'
[0.343s] [34mcolcon.colcon_core.package_identification[0m [1;30mDEBUG[0m [32mPackage 'src/aic/aic_utils/aic_isaac/aic_isaaclab/source/aic_task' with type 'python' and name 'aic_task'[0m
[0.344s] [34mcolcon.colcon_core.package_identification[0m [1;30mLevel 1[0m _identify(src/aic/aic_utils/aic_mujoco) by extensions ['ignore', 'ignore_ament_install']
[0.344s] [34mcolcon.colcon_core.package_identification[0m [1;30mLevel 1[0m _identify(src/aic/aic_utils/aic_mujoco) by extension 'ignore'
[0.344s] [34mcolcon.colcon_core.package_identification[0m [1;30mLevel 1[0m _identify(src/aic/aic_utils/aic_mujoco) by extension 'ignore_ament_install'
[0.344s] [34mcolcon.colcon_core.package_identification[0m [1;30mLevel 1[0m _identify(src/aic/aic_utils/aic_mujoco) by extensions ['colcon_pkg']
[0.344s] [34mcolcon.colcon_core.package_identification[0m [1;30mLevel 1[0m _identify(src/aic/aic_utils/aic_mujoco) by extension 'colcon_pkg'
[0.344s] [34mcolcon.colcon_core.package_identification[0m [1;30mLevel 1[0m _identify(src/aic/aic_utils/aic_mujoco) by extensions ['colcon_meta']
[0.344s] [34mcolcon.colcon_core.package_identification[0m [1;30mLevel 1[0m _identify(src/aic/aic_utils/aic_mujoco) by extension 'colcon_meta'
[0.344s] [34mcolcon.colcon_core.package_identification[0m [1;30mLevel 1[0m _identify(src/aic/aic_utils/aic_mujoco) by extensions ['ros']
[0.344s] [34mcolcon.colcon_core.package_identification[0m [1;30mLevel 1[0m _identify(src/aic/aic_utils/aic_mujoco) by extension 'ros'
[0.344s] [34mcolcon.colcon_core.package_identification[0m [1;30mDEBUG[0m [32mPackage 'src/aic/aic_utils/aic_mujoco' with type 'ros.ament_cmake' and name 'aic_mujoco'[0m
[0.344s] [34mcolcon.colcon_core.package_identification[0m [1;30mLevel 1[0m _identify(src/aic/aic_utils/aic_teleoperation) by extensions ['ignore', 'ignore_ament_install']
[0.344s] [34mcolcon.colcon_core.package_identification[0m [1;30mLevel 1[0m _identify(src/aic/aic_utils/aic_teleoperation) by extension 'ignore'
[0.344s] [34mcolcon.colcon_core.package_identification[0m [1;30mLevel 1[0m _identify(src/aic/aic_utils/aic_teleoperation) by extension 'ignore_ament_install'
[0.344s] [34mcolcon.colcon_core.package_identification[0m [1;30mLevel 1[0m _identify(src/aic/aic_utils/aic_teleoperation) by extensions ['colcon_pkg']
[0.344s] [34mcolcon.colcon_core.package_identification[0m [1;30mLevel 1[0m _identify(src/aic/aic_utils/aic_teleoperation) by extension 'colcon_pkg'
[0.345s] [34mcolcon.colcon_core.package_identification[0m [1;30mLevel 1[0m _identify(src/aic/aic_utils/aic_teleoperation) by extensions ['colcon_meta']
[0.345s] [34mcolcon.colcon_core.package_identification[0m [1;30mLevel 1[0m _identify(src/aic/aic_utils/aic_teleoperation) by extension 'colcon_meta'
[0.345s] [34mcolcon.colcon_core.package_identification[0m [1;30mLevel 1[0m _identify(src/aic/aic_utils/aic_teleoperation) by extensions ['ros']
[0.345s] [34mcolcon.colcon_core.package_identification[0m [1;30mLevel 1[0m _identify(src/aic/aic_utils/aic_teleoperation) by extension 'ros'
[0.345s] [34mcolcon.colcon_core.package_identification[0m [1;30mDEBUG[0m [32mPackage 'src/aic/aic_utils/aic_teleoperation' with type 'ros.ament_python' and name 'aic_teleoperation'[0m
[0.345s] [34mcolcon.colcon_core.package_identification[0m [1;30mLevel 1[0m _identify(src/aic/aic_utils/aic_training_interfaces) by extensions ['ignore', 'ignore_ament_install']
[0.345s] [34mcolcon.colcon_core.package_identification[0m [1;30mLevel 1[0m _identify(src/aic/aic_utils/aic_training_interfaces) by extension 'ignore'
[0.345s] [34mcolcon.colcon_core.package_identification[0m [1;30mLevel 1[0m _identify(src/aic/aic_utils/aic_training_interfaces) by extension 'ignore_ament_install'
[0.345s] [34mcolcon.colcon_core.package_identification[0m [1;30mLevel 1[0m _identify(src/aic/aic_utils/aic_training_interfaces) by extensions ['colcon_pkg']
[0.345s] [34mcolcon.colcon_core.package_identification[0m [1;30mLevel 1[0m _identify(src/aic/aic_utils/aic_training_interfaces) by extension 'colcon_pkg'
[0.345s] [34mcolcon.colcon_core.package_identification[0m [1;30mLevel 1[0m _identify(src/aic/aic_utils/aic_training_interfaces) by extensions ['colcon_meta']
[0.345s] [34mcolcon.colcon_core.package_identification[0m [1;30mLevel 1[0m _identify(src/aic/aic_utils/aic_training_interfaces) by extension 'colcon_meta'
[0.345s] [34mcolcon.colcon_core.package_identification[0m [1;30mLevel 1[0m _identify(src/aic/aic_utils/aic_training_interfaces) by extensions ['ros']
[0.345s] [34mcolcon.colcon_core.package_identification[0m [1;30mLevel 1[0m _identify(src/aic/aic_utils/aic_training_interfaces) by extension 'ros'
[0.345s] [34mcolcon.colcon_core.package_identification[0m [1;30mDEBUG[0m [32mPackage 'src/aic/aic_utils/aic_training_interfaces' with type 'ros.ament_cmake' and name 'aic_training_interfaces'[0m
[0.345s] [34mcolcon.colcon_core.package_identification[0m [1;30mLevel 1[0m _identify(src/aic/aic_utils/aic_training_utils) by extensions ['ignore', 'ignore_ament_install']
[0.345s] [34mcolcon.colcon_core.package_identification[0m [1;30mLevel 1[0m _identify(src/aic/aic_utils/aic_training_utils) by extension 'ignore'
[0.345s] [34mcolcon.colcon_core.package_identification[0m [1;30mLevel 1[0m _identify(src/aic/aic_utils/aic_training_utils) by extension 'ignore_ament_install'
[0.345s] [34mcolcon.colcon_core.package_identification[0m [1;30mLevel 1[0m _identify(src/aic/aic_utils/aic_training_utils) by extensions ['colcon_pkg']
[0.345s] [34mcolcon.colcon_core.package_identification[0m [1;30mLevel 1[0m _identify(src/aic/aic_utils/aic_training_utils) by extension 'colcon_pkg'
[0.345s] [34mcolcon.colcon_core.package_identification[0m [1;30mLevel 1[0m _identify(src/aic/aic_utils/aic_training_utils) by extensions ['colcon_meta']
[0.345s] [34mcolcon.colcon_core.package_identification[0m [1;30mLevel 1[0m _identify(src/aic/aic_utils/aic_training_utils) by extension 'colcon_meta'
[0.345s] [34mcolcon.colcon_core.package_identification[0m [1;30mLevel 1[0m _identify(src/aic/aic_utils/aic_training_utils) by extensions ['ros']
[0.345s] [34mcolcon.colcon_core.package_identification[0m [1;30mLevel 1[0m _identify(src/aic/aic_utils/aic_training_utils) by extension 'ros'
[0.346s] [34mcolcon.colcon_core.package_identification[0m [1;30mDEBUG[0m [32mPackage 'src/aic/aic_utils/aic_training_utils' with type 'ros.ament_cmake' and name 'aic_training_utils'[0m
[0.346s] [34mcolcon.colcon_core.package_identification[0m [1;30mLevel 1[0m _identify(src/aic/aic_utils/lerobot_robot_aic) by extensions ['ignore', 'ignore_ament_install']
[0.346s] [34mcolcon.colcon_core.package_identification[0m [1;30mLevel 1[0m _identify(src/aic/aic_utils/lerobot_robot_aic) by extension 'ignore'
[0.346s] [34mcolcon.colcon_core.package_identification[0m [1;30mLevel 1[0m _identify(src/aic/aic_utils/lerobot_robot_aic) by extension 'ignore_ament_install'
[0.346s] [34mcolcon.colcon_core.package_identification[0m [1;30mLevel 1[0m _identify(src/aic/aic_utils/lerobot_robot_aic) by extensions ['colcon_pkg']
[0.346s] [34mcolcon.colcon_core.package_identification[0m [1;30mLevel 1[0m _identify(src/aic/aic_utils/lerobot_robot_aic) by extension 'colcon_pkg'
[0.346s] [34mcolcon.colcon_core.package_identification[0m [1;30mLevel 1[0m _identify(src/aic/aic_utils/lerobot_robot_aic) by extensions ['colcon_meta']
[0.346s] [34mcolcon.colcon_core.package_identification[0m [1;30mLevel 1[0m _identify(src/aic/aic_utils/lerobot_robot_aic) by extension 'colcon_meta'
[0.346s] [34mcolcon.colcon_core.package_identification[0m [1;30mLevel 1[0m _identify(src/aic/aic_utils/lerobot_robot_aic) by extensions ['ros']
[0.346s] [34mcolcon.colcon_core.package_identification[0m [1;30mLevel 1[0m _identify(src/aic/aic_utils/lerobot_robot_aic) by extension 'ros'
[0.346s] [34mcolcon.colcon_core.package_identification[0m [1;30mDEBUG[0m [32mPackage 'src/aic/aic_utils/lerobot_robot_aic' with type 'ros.ament_python' and name 'lerobot_robot_aic'[0m
[0.346s] [34mcolcon.colcon_core.package_identification[0m [1;30mLevel 1[0m _identify(src/aic/build) by extensions ['ignore', 'ignore_ament_install']
[0.346s] [34mcolcon.colcon_core.package_identification[0m [1;30mLevel 1[0m _identify(src/aic/build) by extension 'ignore'
[0.346s] [34mcolcon.colcon_core.package_identification[0m [1;30mLevel 1[0m _identify(src/aic/build) ignored
[0.346s] [34mcolcon.colcon_core.package_identification[0m [1;30mLevel 1[0m _identify(src/aic/docker) by extensions ['ignore', 'ignore_ament_install']
[0.346s] [34mcolcon.colcon_core.package_identification[0m [1;30mLevel 1[0m _identify(src/aic/docker) by extension 'ignore'
[0.346s] [34mcolcon.colcon_core.package_identification[0m [1;30mLevel 1[0m _identify(src/aic/docker) by extension 'ignore_ament_install'
[0.346s] [34mcolcon.colcon_core.package_identification[0m [1;30mLevel 1[0m _identify(src/aic/docker) by extensions ['colcon_pkg']
[0.346s] [34mcolcon.colcon_core.package_identification[0m [1;30mLevel 1[0m _identify(src/aic/docker) by extension 'colcon_pkg'
[0.346s] [34mcolcon.colcon_core.package_identification[0m [1;30mLevel 1[0m _identify(src/aic/docker) by extensions ['colcon_meta']
[0.346s] [34mcolcon.colcon_core.package_identification[0m [1;30mLevel 1[0m _identify(src/aic/docker) by extension 'colcon_meta'
[0.346s] [34mcolcon.colcon_core.package_identification[0m [1;30mLevel 1[0m _identify(src/aic/docker) by extensions ['ros']
[0.346s] [34mcolcon.colcon_core.package_identification[0m [1;30mLevel 1[0m _identify(src/aic/docker) by extension 'ros'
[0.347s] [34mcolcon.colcon_core.package_identification[0m [1;30mLevel 1[0m _identify(src/aic/docker) by extensions ['cmake', 'python']
[0.347s] [34mcolcon.colcon_core.package_identification[0m [1;30mLevel 1[0m _identify(src/aic/docker) by extension 'cmake'
[0.347s] [34mcolcon.colcon_core.package_identification[0m [1;30mLevel 1[0m _identify(src/aic/docker) by extension 'python'
[0.347s] [34mcolcon.colcon_core.package_identification[0m [1;30mLevel 1[0m _identify(src/aic/docker) by extensions ['python_setup_py']
[0.347s] [34mcolcon.colcon_core.package_identification[0m [1;30mLevel 1[0m _identify(src/aic/docker) by extension 'python_setup_py'
[0.347s] [34mcolcon.colcon_core.package_identification[0m [1;30mLevel 1[0m _identify(src/aic/docker/aic_eval) by extensions ['ignore', 'ignore_ament_install']
[0.347s] [34mcolcon.colcon_core.package_identification[0m [1;30mLevel 1[0m _identify(src/aic/docker/aic_eval) by extension 'ignore'
[0.347s] [34mcolcon.colcon_core.package_identification[0m [1;30mLevel 1[0m _identify(src/aic/docker/aic_eval) by extension 'ignore_ament_install'
[0.347s] [34mcolcon.colcon_core.package_identification[0m [1;30mLevel 1[0m _identify(src/aic/docker/aic_eval) by extensions ['colcon_pkg']
[0.347s] [34mcolcon.colcon_core.package_identification[0m [1;30mLevel 1[0m _identify(src/aic/docker/aic_eval) by extension 'colcon_pkg'
[0.347s] [34mcolcon.colcon_core.package_identification[0m [1;30mLevel 1[0m _identify(src/aic/docker/aic_eval) by extensions ['colcon_meta']
[0.347s] [34mcolcon.colcon_core.package_identification[0m [1;30mLevel 1[0m _identify(src/aic/docker/aic_eval) by extension 'colcon_meta'
[0.347s] [34mcolcon.colcon_core.package_identification[0m [1;30mLevel 1[0m _identify(src/aic/docker/aic_eval) by extensions ['ros']
[0.347s] [34mcolcon.colcon_core.package_identification[0m [1;30mLevel 1[0m _identify(src/aic/docker/aic_eval) by extension 'ros'
[0.347s] [34mcolcon.colcon_core.package_identification[0m [1;30mLevel 1[0m _identify(src/aic/docker/aic_eval) by extensions ['cmake', 'python']
[0.347s] [34mcolcon.colcon_core.package_identification[0m [1;30mLevel 1[0m _identify(src/aic/docker/aic_eval) by extension 'cmake'
[0.347s] [34mcolcon.colcon_core.package_identification[0m [1;30mLevel 1[0m _identify(src/aic/docker/aic_eval) by extension 'python'
[0.347s] [34mcolcon.colcon_core.package_identification[0m [1;30mLevel 1[0m _identify(src/aic/docker/aic_eval) by extensions ['python_setup_py']
[0.347s] [34mcolcon.colcon_core.package_identification[0m [1;30mLevel 1[0m _identify(src/aic/docker/aic_eval) by extension 'python_setup_py'
[0.347s] [34mcolcon.colcon_core.package_identification[0m [1;30mLevel 1[0m _identify(src/aic/docker/aic_model) by extensions ['ignore', 'ignore_ament_install']
[0.347s] [34mcolcon.colcon_core.package_identification[0m [1;30mLevel 1[0m _identify(src/aic/docker/aic_model) by extension 'ignore'
[0.347s] [34mcolcon.colcon_core.package_identification[0m [1;30mLevel 1[0m _identify(src/aic/docker/aic_model) by extension 'ignore_ament_install'
[0.347s] [34mcolcon.colcon_core.package_identification[0m [1;30mLevel 1[0m _identify(src/aic/docker/aic_model) by extensions ['colcon_pkg']
[0.347s] [34mcolcon.colcon_core.package_identification[0m [1;30mLevel 1[0m _identify(src/aic/docker/aic_model) by extension 'colcon_pkg'
[0.347s] [34mcolcon.colcon_core.package_identification[0m [1;30mLevel 1[0m _identify(src/aic/docker/aic_model) by extensions ['colcon_meta']
[0.347s] [34mcolcon.colcon_core.package_identification[0m [1;30mLevel 1[0m _identify(src/aic/docker/aic_model) by extension 'colcon_meta'
[0.347s] [34mcolcon.colcon_core.package_identification[0m [1;30mLevel 1[0m _identify(src/aic/docker/aic_model) by extensions ['ros']
[0.347s] [34mcolcon.colcon_core.package_identification[0m [1;30mLevel 1[0m _identify(src/aic/docker/aic_model) by extension 'ros'
[0.347s] [34mcolcon.colcon_core.package_identification[0m [1;30mLevel 1[0m _identify(src/aic/docker/aic_model) by extensions ['cmake', 'python']
[0.347s] [34mcolcon.colcon_core.package_identification[0m [1;30mLevel 1[0m _identify(src/aic/docker/aic_model) by extension 'cmake'
[0.347s] [34mcolcon.colcon_core.package_identification[0m [1;30mLevel 1[0m _identify(src/aic/docker/aic_model) by extension 'python'
[0.347s] [34mcolcon.colcon_core.package_identification[0m [1;30mLevel 1[0m _identify(src/aic/docker/aic_model) by extensions ['python_setup_py']
[0.347s] [34mcolcon.colcon_core.package_identification[0m [1;30mLevel 1[0m _identify(src/aic/docker/aic_model) by extension 'python_setup_py'
[0.347s] [34mcolcon.colcon_core.package_identification[0m [1;30mLevel 1[0m _identify(src/aic/docker/rmw_zenohd) by extensions ['ignore', 'ignore_ament_install']
[0.347s] [34mcolcon.colcon_core.package_identification[0m [1;30mLevel 1[0m _identify(src/aic/docker/rmw_zenohd) by extension 'ignore'
[0.347s] [34mcolcon.colcon_core.package_identification[0m [1;30mLevel 1[0m _identify(src/aic/docker/rmw_zenohd) by extension 'ignore_ament_install'
[0.347s] [34mcolcon.colcon_core.package_identification[0m [1;30mLevel 1[0m _identify(src/aic/docker/rmw_zenohd) by extensions ['colcon_pkg']
[0.347s] [34mcolcon.colcon_core.package_identification[0m [1;30mLevel 1[0m _identify(src/aic/docker/rmw_zenohd) by extension 'colcon_pkg'
[0.347s] [34mcolcon.colcon_core.package_identification[0m [1;30mLevel 1[0m _identify(src/aic/docker/rmw_zenohd) by extensions ['colcon_meta']
[0.347s] [34mcolcon.colcon_core.package_identification[0m [1;30mLevel 1[0m _identify(src/aic/docker/rmw_zenohd) by extension 'colcon_meta'
[0.347s] [34mcolcon.colcon_core.package_identification[0m [1;30mLevel 1[0m _identify(src/aic/docker/rmw_zenohd) by extensions ['ros']
[0.347s] [34mcolcon.colcon_core.package_identification[0m [1;30mLevel 1[0m _identify(src/aic/docker/rmw_zenohd) by extension 'ros'
[0.347s] [34mcolcon.colcon_core.package_identification[0m [1;30mLevel 1[0m _identify(src/aic/docker/rmw_zenohd) by extensions ['cmake', 'python']
[0.347s] [34mcolcon.colcon_core.package_identification[0m [1;30mLevel 1[0m _identify(src/aic/docker/rmw_zenohd) by extension 'cmake'
[0.347s] [34mcolcon.colcon_core.package_identification[0m [1;30mLevel 1[0m _identify(src/aic/docker/rmw_zenohd) by extension 'python'
[0.347s] [34mcolcon.colcon_core.package_identification[0m [1;30mLevel 1[0m _identify(src/aic/docker/rmw_zenohd) by extensions ['python_setup_py']
[0.347s] [34mcolcon.colcon_core.package_identification[0m [1;30mLevel 1[0m _identify(src/aic/docker/rmw_zenohd) by extension 'python_setup_py'
[0.347s] [34mcolcon.colcon_core.package_identification[0m [1;30mLevel 1[0m _identify(src/aic/docs) by extensions ['ignore', 'ignore_ament_install']
[0.347s] [34mcolcon.colcon_core.package_identification[0m [1;30mLevel 1[0m _identify(src/aic/docs) by extension 'ignore'
[0.348s] [34mcolcon.colcon_core.package_identification[0m [1;30mLevel 1[0m _identify(src/aic/docs) by extension 'ignore_ament_install'
[0.348s] [34mcolcon.colcon_core.package_identification[0m [1;30mLevel 1[0m _identify(src/aic/docs) by extensions ['colcon_pkg']
[0.348s] [34mcolcon.colcon_core.package_identification[0m [1;30mLevel 1[0m _identify(src/aic/docs) by extension 'colcon_pkg'
[0.348s] [34mcolcon.colcon_core.package_identification[0m [1;30mLevel 1[0m _identify(src/aic/docs) by extensions ['colcon_meta']
[0.348s] [34mcolcon.colcon_core.package_identification[0m [1;30mLevel 1[0m _identify(src/aic/docs) by extension 'colcon_meta'
[0.348s] [34mcolcon.colcon_core.package_identification[0m [1;30mLevel 1[0m _identify(src/aic/docs) by extensions ['ros']
[0.348s] [34mcolcon.colcon_core.package_identification[0m [1;30mLevel 1[0m _identify(src/aic/docs) by extension 'ros'
[0.348s] [34mcolcon.colcon_core.package_identification[0m [1;30mLevel 1[0m _identify(src/aic/docs) by extensions ['cmake', 'python']
[0.348s] [34mcolcon.colcon_core.package_identification[0m [1;30mLevel 1[0m _identify(src/aic/docs) by extension 'cmake'
[0.348s] [34mcolcon.colcon_core.package_identification[0m [1;30mLevel 1[0m _identify(src/aic/docs) by extension 'python'
[0.348s] [34mcolcon.colcon_core.package_identification[0m [1;30mLevel 1[0m _identify(src/aic/docs) by extensions ['python_setup_py']
[0.348s] [34mcolcon.colcon_core.package_identification[0m [1;30mLevel 1[0m _identify(src/aic/docs) by extension 'python_setup_py'
[0.348s] [34mcolcon.colcon_core.package_identification[0m [1;30mLevel 1[0m _identify(src/aic/install) by extensions ['ignore', 'ignore_ament_install']
[0.348s] [34mcolcon.colcon_core.package_identification[0m [1;30mLevel 1[0m _identify(src/aic/install) by extension 'ignore'
[0.348s] [34mcolcon.colcon_core.package_identification[0m [1;30mLevel 1[0m _identify(src/aic/install) ignored
[0.348s] [34mcolcon.colcon_core.package_identification[0m [1;30mLevel 1[0m _identify(src/aic/log) by extensions ['ignore', 'ignore_ament_install']
[0.348s] [34mcolcon.colcon_core.package_identification[0m [1;30mLevel 1[0m _identify(src/aic/log) by extension 'ignore'
[0.348s] [34mcolcon.colcon_core.package_identification[0m [1;30mLevel 1[0m _identify(src/aic/log) ignored
[0.348s] [34mcolcon.colcon_core.package_identification[0m [1;30mLevel 1[0m _identify(src/aic/outputs) by extensions ['ignore', 'ignore_ament_install']
[0.348s] [34mcolcon.colcon_core.package_identification[0m [1;30mLevel 1[0m _identify(src/aic/outputs) by extension 'ignore'
[0.348s] [34mcolcon.colcon_core.package_identification[0m [1;30mLevel 1[0m _identify(src/aic/outputs) by extension 'ignore_ament_install'
[0.348s] [34mcolcon.colcon_core.package_identification[0m [1;30mLevel 1[0m _identify(src/aic/outputs) by extensions ['colcon_pkg']
[0.348s] [34mcolcon.colcon_core.package_identification[0m [1;30mLevel 1[0m _identify(src/aic/outputs) by extension 'colcon_pkg'
[0.348s] [34mcolcon.colcon_core.package_identification[0m [1;30mLevel 1[0m _identify(src/aic/outputs) by extensions ['colcon_meta']
[0.348s] [34mcolcon.colcon_core.package_identification[0m [1;30mLevel 1[0m _identify(src/aic/outputs) by extension 'colcon_meta'
[0.348s] [34mcolcon.colcon_core.package_identification[0m [1;30mLevel 1[0m _identify(src/aic/outputs) by extensions ['ros']
[0.348s] [34mcolcon.colcon_core.package_identification[0m [1;30mLevel 1[0m _identify(src/aic/outputs) by extension 'ros'
[0.348s] [34mcolcon.colcon_core.package_identification[0m [1;30mLevel 1[0m _identify(src/aic/outputs) by extensions ['cmake', 'python']
[0.348s] [34mcolcon.colcon_core.package_identification[0m [1;30mLevel 1[0m _identify(src/aic/outputs) by extension 'cmake'
[0.348s] [34mcolcon.colcon_core.package_identification[0m [1;30mLevel 1[0m _identify(src/aic/outputs) by extension 'python'
[0.348s] [34mcolcon.colcon_core.package_identification[0m [1;30mLevel 1[0m _identify(src/aic/outputs) by extensions ['python_setup_py']
[0.348s] [34mcolcon.colcon_core.package_identification[0m [1;30mLevel 1[0m _identify(src/aic/outputs) by extension 'python_setup_py'
[0.348s] [34mcolcon.colcon_core.package_identification[0m [1;30mLevel 1[0m _identify(src/aic/outputs/train) by extensions ['ignore', 'ignore_ament_install']
[0.348s] [34mcolcon.colcon_core.package_identification[0m [1;30mLevel 1[0m _identify(src/aic/outputs/train) by extension 'ignore'
[0.348s] [34mcolcon.colcon_core.package_identification[0m [1;30mLevel 1[0m _identify(src/aic/outputs/train) by extension 'ignore_ament_install'
[0.348s] [34mcolcon.colcon_core.package_identification[0m [1;30mLevel 1[0m _identify(src/aic/outputs/train) by extensions ['colcon_pkg']
[0.348s] [34mcolcon.colcon_core.package_identification[0m [1;30mLevel 1[0m _identify(src/aic/outputs/train) by extension 'colcon_pkg'
[0.348s] [34mcolcon.colcon_core.package_identification[0m [1;30mLevel 1[0m _identify(src/aic/outputs/train) by extensions ['colcon_meta']
[0.348s] [34mcolcon.colcon_core.package_identification[0m [1;30mLevel 1[0m _identify(src/aic/outputs/train) by extension 'colcon_meta'
[0.348s] [34mcolcon.colcon_core.package_identification[0m [1;30mLevel 1[0m _identify(src/aic/outputs/train) by extensions ['ros']
[0.348s] [34mcolcon.colcon_core.package_identification[0m [1;30mLevel 1[0m _identify(src/aic/outputs/train) by extension 'ros'
[0.349s] [34mcolcon.colcon_core.package_identification[0m [1;30mLevel 1[0m _identify(src/aic/outputs/train) by extensions ['cmake', 'python']
[0.349s] [34mcolcon.colcon_core.package_identification[0m [1;30mLevel 1[0m _identify(src/aic/outputs/train) by extension 'cmake'
[0.349s] [34mcolcon.colcon_core.package_identification[0m [1;30mLevel 1[0m _identify(src/aic/outputs/train) by extension 'python'
[0.349s] [34mcolcon.colcon_core.package_identification[0m [1;30mLevel 1[0m _identify(src/aic/outputs/train) by extensions ['python_setup_py']
[0.349s] [34mcolcon.colcon_core.package_identification[0m [1;30mLevel 1[0m _identify(src/aic/outputs/train) by extension 'python_setup_py'
[0.349s] [34mcolcon.colcon_core.package_identification[0m [1;30mLevel 1[0m _identify(src/aic/outputs/train/smolvla_aug_9_9:20) by extensions ['ignore', 'ignore_ament_install']
[0.349s] [34mcolcon.colcon_core.package_identification[0m [1;30mLevel 1[0m _identify(src/aic/outputs/train/smolvla_aug_9_9:20) by extension 'ignore'
[0.349s] [34mcolcon.colcon_core.package_identification[0m [1;30mLevel 1[0m _identify(src/aic/outputs/train/smolvla_aug_9_9:20) by extension 'ignore_ament_install'
[0.349s] [34mcolcon.colcon_core.package_identification[0m [1;30mLevel 1[0m _identify(src/aic/outputs/train/smolvla_aug_9_9:20) by extensions ['colcon_pkg']
[0.349s] [34mcolcon.colcon_core.package_identification[0m [1;30mLevel 1[0m _identify(src/aic/outputs/train/smolvla_aug_9_9:20) by extension 'colcon_pkg'
[0.349s] [34mcolcon.colcon_core.package_identification[0m [1;30mLevel 1[0m _identify(src/aic/outputs/train/smolvla_aug_9_9:20) by extensions ['colcon_meta']
[0.349s] [34mcolcon.colcon_core.package_identification[0m [1;30mLevel 1[0m _identify(src/aic/outputs/train/smolvla_aug_9_9:20) by extension 'colcon_meta'
[0.349s] [34mcolcon.colcon_core.package_identification[0m [1;30mLevel 1[0m _identify(src/aic/outputs/train/smolvla_aug_9_9:20) by extensions ['ros']
[0.349s] [34mcolcon.colcon_core.package_identification[0m [1;30mLevel 1[0m _identify(src/aic/outputs/train/smolvla_aug_9_9:20) by extension 'ros'
[0.349s] [34mcolcon.colcon_core.package_identification[0m [1;30mLevel 1[0m _identify(src/aic/outputs/train/smolvla_aug_9_9:20) by extensions ['cmake', 'python']
[0.349s] [34mcolcon.colcon_core.package_identification[0m [1;30mLevel 1[0m _identify(src/aic/outputs/train/smolvla_aug_9_9:20) by extension 'cmake'
[0.349s] [34mcolcon.colcon_core.package_identification[0m [1;30mLevel 1[0m _identify(src/aic/outputs/train/smolvla_aug_9_9:20) by extension 'python'
[0.349s] [34mcolcon.colcon_core.package_identification[0m [1;30mLevel 1[0m _identify(src/aic/outputs/train/smolvla_aug_9_9:20) by extensions ['python_setup_py']
[0.349s] [34mcolcon.colcon_core.package_identification[0m [1;30mLevel 1[0m _identify(src/aic/outputs/train/smolvla_aug_9_9:20) by extension 'python_setup_py'
[0.349s] [34mcolcon.colcon_core.package_identification[0m [1;30mLevel 1[0m _identify(src/aic/outputs/train/smolvla_aug_9_9:20/checkpoints) by extensions ['ignore', 'ignore_ament_install']
[0.349s] [34mcolcon.colcon_core.package_identification[0m [1;30mLevel 1[0m _identify(src/aic/outputs/train/smolvla_aug_9_9:20/checkpoints) by extension 'ignore'
[0.349s] [34mcolcon.colcon_core.package_identification[0m [1;30mLevel 1[0m _identify(src/aic/outputs/train/smolvla_aug_9_9:20/checkpoints) by extension 'ignore_ament_install'
[0.349s] [34mcolcon.colcon_core.package_identification[0m [1;30mLevel 1[0m _identify(src/aic/outputs/train/smolvla_aug_9_9:20/checkpoints) by extensions ['colcon_pkg']
[0.349s] [34mcolcon.colcon_core.package_identification[0m [1;30mLevel 1[0m _identify(src/aic/outputs/train/smolvla_aug_9_9:20/checkpoints) by extension 'colcon_pkg'
[0.349s] [34mcolcon.colcon_core.package_identification[0m [1;30mLevel 1[0m _identify(src/aic/outputs/train/smolvla_aug_9_9:20/checkpoints) by extensions ['colcon_meta']
[0.349s] [34mcolcon.colcon_core.package_identification[0m [1;30mLevel 1[0m _identify(src/aic/outputs/train/smolvla_aug_9_9:20/checkpoints) by extension 'colcon_meta'
[0.349s] [34mcolcon.colcon_core.package_identification[0m [1;30mLevel 1[0m _identify(src/aic/outputs/train/smolvla_aug_9_9:20/checkpoints) by extensions ['ros']
[0.349s] [34mcolcon.colcon_core.package_identification[0m [1;30mLevel 1[0m _identify(src/aic/outputs/train/smolvla_aug_9_9:20/checkpoints) by extension 'ros'
[0.349s] [34mcolcon.colcon_core.package_identification[0m [1;30mLevel 1[0m _identify(src/aic/outputs/train/smolvla_aug_9_9:20/checkpoints) by extensions ['cmake', 'python']
[0.349s] [34mcolcon.colcon_core.package_identification[0m [1;30mLevel 1[0m _identify(src/aic/outputs/train/smolvla_aug_9_9:20/checkpoints) by extension 'cmake'
[0.349s] [34mcolcon.colcon_core.package_identification[0m [1;30mLevel 1[0m _identify(src/aic/outputs/train/smolvla_aug_9_9:20/checkpoints) by extension 'python'
[0.349s] [34mcolcon.colcon_core.package_identification[0m [1;30mLevel 1[0m _identify(src/aic/outputs/train/smolvla_aug_9_9:20/checkpoints) by extensions ['python_setup_py']
[0.349s] [34mcolcon.colcon_core.package_identification[0m [1;30mLevel 1[0m _identify(src/aic/outputs/train/smolvla_aug_9_9:20/checkpoints) by extension 'python_setup_py'
[0.349s] [34mcolcon.colcon_core.package_identification[0m [1;30mLevel 1[0m _identify(src/aic/outputs/train/smolvla_aug_9_9:20/checkpoints/020000) by extensions ['ignore', 'ignore_ament_install']
[0.349s] [34mcolcon.colcon_core.package_identification[0m [1;30mLevel 1[0m _identify(src/aic/outputs/train/smolvla_aug_9_9:20/checkpoints/020000) by extension 'ignore'
[0.349s] [34mcolcon.colcon_core.package_identification[0m [1;30mLevel 1[0m _identify(src/aic/outputs/train/smolvla_aug_9_9:20/checkpoints/020000) by extension 'ignore_ament_install'
[0.349s] [34mcolcon.colcon_core.package_identification[0m [1;30mLevel 1[0m _identify(src/aic/outputs/train/smolvla_aug_9_9:20/checkpoints/020000) by extensions ['colcon_pkg']
[0.349s] [34mcolcon.colcon_core.package_identification[0m [1;30mLevel 1[0m _identify(src/aic/outputs/train/smolvla_aug_9_9:20/checkpoints/020000) by extension 'colcon_pkg'
[0.349s] [34mcolcon.colcon_core.package_identification[0m [1;30mLevel 1[0m _identify(src/aic/outputs/train/smolvla_aug_9_9:20/checkpoints/020000) by extensions ['colcon_meta']
[0.349s] [34mcolcon.colcon_core.package_identification[0m [1;30mLevel 1[0m _identify(src/aic/outputs/train/smolvla_aug_9_9:20/checkpoints/020000) by extension 'colcon_meta'
[0.349s] [34mcolcon.colcon_core.package_identification[0m [1;30mLevel 1[0m _identify(src/aic/outputs/train/smolvla_aug_9_9:20/checkpoints/020000) by extensions ['ros']
[0.349s] [34mcolcon.colcon_core.package_identification[0m [1;30mLevel 1[0m _identify(src/aic/outputs/train/smolvla_aug_9_9:20/checkpoints/020000) by extension 'ros'
[0.349s] [34mcolcon.colcon_core.package_identification[0m [1;30mLevel 1[0m _identify(src/aic/outputs/train/smolvla_aug_9_9:20/checkpoints/020000) by extensions ['cmake', 'python']
[0.349s] [34mcolcon.colcon_core.package_identification[0m [1;30mLevel 1[0m _identify(src/aic/outputs/train/smolvla_aug_9_9:20/checkpoints/020000) by extension 'cmake'
[0.349s] [34mcolcon.colcon_core.package_identification[0m [1;30mLevel 1[0m _identify(src/aic/outputs/train/smolvla_aug_9_9:20/checkpoints/020000) by extension 'python'
[0.349s] [34mcolcon.colcon_core.package_identification[0m [1;30mLevel 1[0m _identify(src/aic/outputs/train/smolvla_aug_9_9:20/checkpoints/020000) by extensions ['python_setup_py']
[0.349s] [34mcolcon.colcon_core.package_identification[0m [1;30mLevel 1[0m _identify(src/aic/outputs/train/smolvla_aug_9_9:20/checkpoints/020000) by extension 'python_setup_py'
[0.350s] [34mcolcon.colcon_core.package_identification[0m [1;30mLevel 1[0m _identify(src/aic/outputs/train/smolvla_aug_9_9:20/checkpoints/020000/pretrained_model) by extensions ['ignore', 'ignore_ament_install']
[0.350s] [34mcolcon.colcon_core.package_identification[0m [1;30mLevel 1[0m _identify(src/aic/outputs/train/smolvla_aug_9_9:20/checkpoints/020000/pretrained_model) by extension 'ignore'
[0.350s] [34mcolcon.colcon_core.package_identification[0m [1;30mLevel 1[0m _identify(src/aic/outputs/train/smolvla_aug_9_9:20/checkpoints/020000/pretrained_model) by extension 'ignore_ament_install'
[0.350s] [34mcolcon.colcon_core.package_identification[0m [1;30mLevel 1[0m _identify(src/aic/outputs/train/smolvla_aug_9_9:20/checkpoints/020000/pretrained_model) by extensions ['colcon_pkg']
[0.350s] [34mcolcon.colcon_core.package_identification[0m [1;30mLevel 1[0m _identify(src/aic/outputs/train/smolvla_aug_9_9:20/checkpoints/020000/pretrained_model) by extension 'colcon_pkg'
[0.350s] [34mcolcon.colcon_core.package_identification[0m [1;30mLevel 1[0m _identify(src/aic/outputs/train/smolvla_aug_9_9:20/checkpoints/020000/pretrained_model) by extensions ['colcon_meta']
[0.350s] [34mcolcon.colcon_core.package_identification[0m [1;30mLevel 1[0m _identify(src/aic/outputs/train/smolvla_aug_9_9:20/checkpoints/020000/pretrained_model) by extension 'colcon_meta'
[0.350s] [34mcolcon.colcon_core.package_identification[0m [1;30mLevel 1[0m _identify(src/aic/outputs/train/smolvla_aug_9_9:20/checkpoints/020000/pretrained_model) by extensions ['ros']
[0.350s] [34mcolcon.colcon_core.package_identification[0m [1;30mLevel 1[0m _identify(src/aic/outputs/train/smolvla_aug_9_9:20/checkpoints/020000/pretrained_model) by extension 'ros'
[0.350s] [34mcolcon.colcon_core.package_identification[0m [1;30mLevel 1[0m _identify(src/aic/outputs/train/smolvla_aug_9_9:20/checkpoints/020000/pretrained_model) by extensions ['cmake', 'python']
[0.350s] [34mcolcon.colcon_core.package_identification[0m [1;30mLevel 1[0m _identify(src/aic/outputs/train/smolvla_aug_9_9:20/checkpoints/020000/pretrained_model) by extension 'cmake'
[0.350s] [34mcolcon.colcon_core.package_identification[0m [1;30mLevel 1[0m _identify(src/aic/outputs/train/smolvla_aug_9_9:20/checkpoints/020000/pretrained_model) by extension 'python'
[0.350s] [34mcolcon.colcon_core.package_identification[0m [1;30mLevel 1[0m _identify(src/aic/outputs/train/smolvla_aug_9_9:20/checkpoints/020000/pretrained_model) by extensions ['python_setup_py']
[0.350s] [34mcolcon.colcon_core.package_identification[0m [1;30mLevel 1[0m _identify(src/aic/outputs/train/smolvla_aug_9_9:20/checkpoints/020000/pretrained_model) by extension 'python_setup_py'
[0.350s] [34mcolcon.colcon_core.package_identification[0m [1;30mLevel 1[0m _identify(src/aic/outputs/train/smolvla_aug_9_9:20/checkpoints/020000/training_state) by extensions ['ignore', 'ignore_ament_install']
[0.350s] [34mcolcon.colcon_core.package_identification[0m [1;30mLevel 1[0m _identify(src/aic/outputs/train/smolvla_aug_9_9:20/checkpoints/020000/training_state) by extension 'ignore'
[0.350s] [34mcolcon.colcon_core.package_identification[0m [1;30mLevel 1[0m _identify(src/aic/outputs/train/smolvla_aug_9_9:20/checkpoints/020000/training_state) by extension 'ignore_ament_install'
[0.350s] [34mcolcon.colcon_core.package_identification[0m [1;30mLevel 1[0m _identify(src/aic/outputs/train/smolvla_aug_9_9:20/checkpoints/020000/training_state) by extensions ['colcon_pkg']
[0.350s] [34mcolcon.colcon_core.package_identification[0m [1;30mLevel 1[0m _identify(src/aic/outputs/train/smolvla_aug_9_9:20/checkpoints/020000/training_state) by extension 'colcon_pkg'
[0.350s] [34mcolcon.colcon_core.package_identification[0m [1;30mLevel 1[0m _identify(src/aic/outputs/train/smolvla_aug_9_9:20/checkpoints/020000/training_state) by extensions ['colcon_meta']
[0.350s] [34mcolcon.colcon_core.package_identification[0m [1;30mLevel 1[0m _identify(src/aic/outputs/train/smolvla_aug_9_9:20/checkpoints/020000/training_state) by extension 'colcon_meta'
[0.350s] [34mcolcon.colcon_core.package_identification[0m [1;30mLevel 1[0m _identify(src/aic/outputs/train/smolvla_aug_9_9:20/checkpoints/020000/training_state) by extensions ['ros']
[0.350s] [34mcolcon.colcon_core.package_identification[0m [1;30mLevel 1[0m _identify(src/aic/outputs/train/smolvla_aug_9_9:20/checkpoints/020000/training_state) by extension 'ros'
[0.350s] [34mcolcon.colcon_core.package_identification[0m [1;30mLevel 1[0m _identify(src/aic/outputs/train/smolvla_aug_9_9:20/checkpoints/020000/training_state) by extensions ['cmake', 'python']
[0.350s] [34mcolcon.colcon_core.package_identification[0m [1;30mLevel 1[0m _identify(src/aic/outputs/train/smolvla_aug_9_9:20/checkpoints/020000/training_state) by extension 'cmake'
[0.350s] [34mcolcon.colcon_core.package_identification[0m [1;30mLevel 1[0m _identify(src/aic/outputs/train/smolvla_aug_9_9:20/checkpoints/020000/training_state) by extension 'python'
[0.350s] [34mcolcon.colcon_core.package_identification[0m [1;30mLevel 1[0m _identify(src/aic/outputs/train/smolvla_aug_9_9:20/checkpoints/020000/training_state) by extensions ['python_setup_py']
[0.350s] [34mcolcon.colcon_core.package_identification[0m [1;30mLevel 1[0m _identify(src/aic/outputs/train/smolvla_aug_9_9:20/checkpoints/020000/training_state) by extension 'python_setup_py'
[0.350s] [34mcolcon.colcon_core.package_identification[0m [1;30mLevel 1[0m _identify(src/aic/outputs/train/smolvla_aug_9_9:20/checkpoints/025000) by extensions ['ignore', 'ignore_ament_install']
[0.350s] [34mcolcon.colcon_core.package_identification[0m [1;30mLevel 1[0m _identify(src/aic/outputs/train/smolvla_aug_9_9:20/checkpoints/025000) by extension 'ignore'
[0.350s] [34mcolcon.colcon_core.package_identification[0m [1;30mLevel 1[0m _identify(src/aic/outputs/train/smolvla_aug_9_9:20/checkpoints/025000) by extension 'ignore_ament_install'
[0.350s] [34mcolcon.colcon_core.package_identification[0m [1;30mLevel 1[0m _identify(src/aic/outputs/train/smolvla_aug_9_9:20/checkpoints/025000) by extensions ['colcon_pkg']
[0.350s] [34mcolcon.colcon_core.package_identification[0m [1;30mLevel 1[0m _identify(src/aic/outputs/train/smolvla_aug_9_9:20/checkpoints/025000) by extension 'colcon_pkg'
[0.350s] [34mcolcon.colcon_core.package_identification[0m [1;30mLevel 1[0m _identify(src/aic/outputs/train/smolvla_aug_9_9:20/checkpoints/025000) by extensions ['colcon_meta']
[0.350s] [34mcolcon.colcon_core.package_identification[0m [1;30mLevel 1[0m _identify(src/aic/outputs/train/smolvla_aug_9_9:20/checkpoints/025000) by extension 'colcon_meta'
[0.350s] [34mcolcon.colcon_core.package_identification[0m [1;30mLevel 1[0m _identify(src/aic/outputs/train/smolvla_aug_9_9:20/checkpoints/025000) by extensions ['ros']
[0.350s] [34mcolcon.colcon_core.package_identification[0m [1;30mLevel 1[0m _identify(src/aic/outputs/train/smolvla_aug_9_9:20/checkpoints/025000) by extension 'ros'
[0.350s] [34mcolcon.colcon_core.package_identification[0m [1;30mLevel 1[0m _identify(src/aic/outputs/train/smolvla_aug_9_9:20/checkpoints/025000) by extensions ['cmake', 'python']
[0.350s] [34mcolcon.colcon_core.package_identification[0m [1;30mLevel 1[0m _identify(src/aic/outputs/train/smolvla_aug_9_9:20/checkpoints/025000) by extension 'cmake'
[0.350s] [34mcolcon.colcon_core.package_identification[0m [1;30mLevel 1[0m _identify(src/aic/outputs/train/smolvla_aug_9_9:20/checkpoints/025000) by extension 'python'
[0.350s] [34mcolcon.colcon_core.package_identification[0m [1;30mLevel 1[0m _identify(src/aic/outputs/train/smolvla_aug_9_9:20/checkpoints/025000) by extensions ['python_setup_py']
[0.350s] [34mcolcon.colcon_core.package_identification[0m [1;30mLevel 1[0m _identify(src/aic/outputs/train/smolvla_aug_9_9:20/checkpoints/025000) by extension 'python_setup_py'
[0.351s] [34mcolcon.colcon_core.package_identification[0m [1;30mLevel 1[0m _identify(src/aic/outputs/train/smolvla_aug_9_9:20/checkpoints/025000/pretrained_model) by extensions ['ignore', 'ignore_ament_install']
[0.351s] [34mcolcon.colcon_core.package_identification[0m [1;30mLevel 1[0m _identify(src/aic/outputs/train/smolvla_aug_9_9:20/checkpoints/025000/pretrained_model) by extension 'ignore'
[0.351s] [34mcolcon.colcon_core.package_identification[0m [1;30mLevel 1[0m _identify(src/aic/outputs/train/smolvla_aug_9_9:20/checkpoints/025000/pretrained_model) by extension 'ignore_ament_install'
[0.351s] [34mcolcon.colcon_core.package_identification[0m [1;30mLevel 1[0m _identify(src/aic/outputs/train/smolvla_aug_9_9:20/checkpoints/025000/pretrained_model) by extensions ['colcon_pkg']
[0.351s] [34mcolcon.colcon_core.package_identification[0m [1;30mLevel 1[0m _identify(src/aic/outputs/train/smolvla_aug_9_9:20/checkpoints/025000/pretrained_model) by extension 'colcon_pkg'
[0.351s] [34mcolcon.colcon_core.package_identification[0m [1;30mLevel 1[0m _identify(src/aic/outputs/train/smolvla_aug_9_9:20/checkpoints/025000/pretrained_model) by extensions ['colcon_meta']
[0.351s] [34mcolcon.colcon_core.package_identification[0m [1;30mLevel 1[0m _identify(src/aic/outputs/train/smolvla_aug_9_9:20/checkpoints/025000/pretrained_model) by extension 'colcon_meta'
[0.351s] [34mcolcon.colcon_core.package_identification[0m [1;30mLevel 1[0m _identify(src/aic/outputs/train/smolvla_aug_9_9:20/checkpoints/025000/pretrained_model) by extensions ['ros']
[0.351s] [34mcolcon.colcon_core.package_identification[0m [1;30mLevel 1[0m _identify(src/aic/outputs/train/smolvla_aug_9_9:20/checkpoints/025000/pretrained_model) by extension 'ros'
[0.351s] [34mcolcon.colcon_core.package_identification[0m [1;30mLevel 1[0m _identify(src/aic/outputs/train/smolvla_aug_9_9:20/checkpoints/025000/pretrained_model) by extensions ['cmake', 'python']
[0.351s] [34mcolcon.colcon_core.package_identification[0m [1;30mLevel 1[0m _identify(src/aic/outputs/train/smolvla_aug_9_9:20/checkpoints/025000/pretrained_model) by extension 'cmake'
[0.351s] [34mcolcon.colcon_core.package_identification[0m [1;30mLevel 1[0m _identify(src/aic/outputs/train/smolvla_aug_9_9:20/checkpoints/025000/pretrained_model) by extension 'python'
[0.351s] [34mcolcon.colcon_core.package_identification[0m [1;30mLevel 1[0m _identify(src/aic/outputs/train/smolvla_aug_9_9:20/checkpoints/025000/pretrained_model) by extensions ['python_setup_py']
[0.351s] [34mcolcon.colcon_core.package_identification[0m [1;30mLevel 1[0m _identify(src/aic/outputs/train/smolvla_aug_9_9:20/checkpoints/025000/pretrained_model) by extension 'python_setup_py'
[0.351s] [34mcolcon.colcon_core.package_identification[0m [1;30mLevel 1[0m _identify(src/aic/outputs/train/smolvla_aug_9_9:20/checkpoints/025000/training_state) by extensions ['ignore', 'ignore_ament_install']
[0.351s] [34mcolcon.colcon_core.package_identification[0m [1;30mLevel 1[0m _identify(src/aic/outputs/train/smolvla_aug_9_9:20/checkpoints/025000/training_state) by extension 'ignore'
[0.351s] [34mcolcon.colcon_core.package_identification[0m [1;30mLevel 1[0m _identify(src/aic/outputs/train/smolvla_aug_9_9:20/checkpoints/025000/training_state) by extension 'ignore_ament_install'
[0.351s] [34mcolcon.colcon_core.package_identification[0m [1;30mLevel 1[0m _identify(src/aic/outputs/train/smolvla_aug_9_9:20/checkpoints/025000/training_state) by extensions ['colcon_pkg']
[0.351s] [34mcolcon.colcon_core.package_identification[0m [1;30mLevel 1[0m _identify(src/aic/outputs/train/smolvla_aug_9_9:20/checkpoints/025000/training_state) by extension 'colcon_pkg'
[0.351s] [34mcolcon.colcon_core.package_identification[0m [1;30mLevel 1[0m _identify(src/aic/outputs/train/smolvla_aug_9_9:20/checkpoints/025000/training_state) by extensions ['colcon_meta']
[0.351s] [34mcolcon.colcon_core.package_identification[0m [1;30mLevel 1[0m _identify(src/aic/outputs/train/smolvla_aug_9_9:20/checkpoints/025000/training_state) by extension 'colcon_meta'
[0.351s] [34mcolcon.colcon_core.package_identification[0m [1;30mLevel 1[0m _identify(src/aic/outputs/train/smolvla_aug_9_9:20/checkpoints/025000/training_state) by extensions ['ros']
[0.351s] [34mcolcon.colcon_core.package_identification[0m [1;30mLevel 1[0m _identify(src/aic/outputs/train/smolvla_aug_9_9:20/checkpoints/025000/training_state) by extension 'ros'
[0.351s] [34mcolcon.colcon_core.package_identification[0m [1;30mLevel 1[0m _identify(src/aic/outputs/train/smolvla_aug_9_9:20/checkpoints/025000/training_state) by extensions ['cmake', 'python']
[0.351s] [34mcolcon.colcon_core.package_identification[0m [1;30mLevel 1[0m _identify(src/aic/outputs/train/smolvla_aug_9_9:20/checkpoints/025000/training_state) by extension 'cmake'
[0.351s] [34mcolcon.colcon_core.package_identification[0m [1;30mLevel 1[0m _identify(src/aic/outputs/train/smolvla_aug_9_9:20/checkpoints/025000/training_state) by extension 'python'
[0.351s] [34mcolcon.colcon_core.package_identification[0m [1;30mLevel 1[0m _identify(src/aic/outputs/train/smolvla_aug_9_9:20/checkpoints/025000/training_state) by extensions ['python_setup_py']
[0.351s] [34mcolcon.colcon_core.package_identification[0m [1;30mLevel 1[0m _identify(src/aic/outputs/train/smolvla_aug_9_9:20/checkpoints/025000/training_state) by extension 'python_setup_py'
[0.351s] [34mcolcon.colcon_core.package_identification[0m [1;30mLevel 1[0m _identify(src/aic/outputs/train/smolvla_aug_9_9:20/wandb) by extensions ['ignore', 'ignore_ament_install']
[0.351s] [34mcolcon.colcon_core.package_identification[0m [1;30mLevel 1[0m _identify(src/aic/outputs/train/smolvla_aug_9_9:20/wandb) by extension 'ignore'
[0.351s] [34mcolcon.colcon_core.package_identification[0m [1;30mLevel 1[0m _identify(src/aic/outputs/train/smolvla_aug_9_9:20/wandb) by extension 'ignore_ament_install'
[0.351s] [34mcolcon.colcon_core.package_identification[0m [1;30mLevel 1[0m _identify(src/aic/outputs/train/smolvla_aug_9_9:20/wandb) by extensions ['colcon_pkg']
[0.351s] [34mcolcon.colcon_core.package_identification[0m [1;30mLevel 1[0m _identify(src/aic/outputs/train/smolvla_aug_9_9:20/wandb) by extension 'colcon_pkg'
[0.351s] [34mcolcon.colcon_core.package_identification[0m [1;30mLevel 1[0m _identify(src/aic/outputs/train/smolvla_aug_9_9:20/wandb) by extensions ['colcon_meta']
[0.351s] [34mcolcon.colcon_core.package_identification[0m [1;30mLevel 1[0m _identify(src/aic/outputs/train/smolvla_aug_9_9:20/wandb) by extension 'colcon_meta'
[0.351s] [34mcolcon.colcon_core.package_identification[0m [1;30mLevel 1[0m _identify(src/aic/outputs/train/smolvla_aug_9_9:20/wandb) by extensions ['ros']
[0.351s] [34mcolcon.colcon_core.package_identification[0m [1;30mLevel 1[0m _identify(src/aic/outputs/train/smolvla_aug_9_9:20/wandb) by extension 'ros'
[0.351s] [34mcolcon.colcon_core.package_identification[0m [1;30mLevel 1[0m _identify(src/aic/outputs/train/smolvla_aug_9_9:20/wandb) by extensions ['cmake', 'python']
[0.351s] [34mcolcon.colcon_core.package_identification[0m [1;30mLevel 1[0m _identify(src/aic/outputs/train/smolvla_aug_9_9:20/wandb) by extension 'cmake'
[0.351s] [34mcolcon.colcon_core.package_identification[0m [1;30mLevel 1[0m _identify(src/aic/outputs/train/smolvla_aug_9_9:20/wandb) by extension 'python'
[0.351s] [34mcolcon.colcon_core.package_identification[0m [1;30mLevel 1[0m _identify(src/aic/outputs/train/smolvla_aug_9_9:20/wandb) by extensions ['python_setup_py']
[0.351s] [34mcolcon.colcon_core.package_identification[0m [1;30mLevel 1[0m _identify(src/aic/outputs/train/smolvla_aug_9_9:20/wandb) by extension 'python_setup_py'
[0.351s] [34mcolcon.colcon_core.package_identification[0m [1;30mLevel 1[0m _identify(src/aic/outputs/train/smolvla_aug_9_9:20/wandb/latest-run) by extensions ['ignore', 'ignore_ament_install']
[0.352s] [34mcolcon.colcon_core.package_identification[0m [1;30mLevel 1[0m _identify(src/aic/outputs/train/smolvla_aug_9_9:20/wandb/latest-run) by extension 'ignore'
[0.352s] [34mcolcon.colcon_core.package_identification[0m [1;30mLevel 1[0m _identify(src/aic/outputs/train/smolvla_aug_9_9:20/wandb/latest-run) by extension 'ignore_ament_install'
[0.352s] [34mcolcon.colcon_core.package_identification[0m [1;30mLevel 1[0m _identify(src/aic/outputs/train/smolvla_aug_9_9:20/wandb/latest-run) by extensions ['colcon_pkg']
[0.352s] [34mcolcon.colcon_core.package_identification[0m [1;30mLevel 1[0m _identify(src/aic/outputs/train/smolvla_aug_9_9:20/wandb/latest-run) by extension 'colcon_pkg'
[0.352s] [34mcolcon.colcon_core.package_identification[0m [1;30mLevel 1[0m _identify(src/aic/outputs/train/smolvla_aug_9_9:20/wandb/latest-run) by extensions ['colcon_meta']
[0.352s] [34mcolcon.colcon_core.package_identification[0m [1;30mLevel 1[0m _identify(src/aic/outputs/train/smolvla_aug_9_9:20/wandb/latest-run) by extension 'colcon_meta'
[0.352s] [34mcolcon.colcon_core.package_identification[0m [1;30mLevel 1[0m _identify(src/aic/outputs/train/smolvla_aug_9_9:20/wandb/latest-run) by extensions ['ros']
[0.352s] [34mcolcon.colcon_core.package_identification[0m [1;30mLevel 1[0m _identify(src/aic/outputs/train/smolvla_aug_9_9:20/wandb/latest-run) by extension 'ros'
[0.352s] [34mcolcon.colcon_core.package_identification[0m [1;30mLevel 1[0m _identify(src/aic/outputs/train/smolvla_aug_9_9:20/wandb/latest-run) by extensions ['cmake', 'python']
[0.352s] [34mcolcon.colcon_core.package_identification[0m [1;30mLevel 1[0m _identify(src/aic/outputs/train/smolvla_aug_9_9:20/wandb/latest-run) by extension 'cmake'
[0.352s] [34mcolcon.colcon_core.package_identification[0m [1;30mLevel 1[0m _identify(src/aic/outputs/train/smolvla_aug_9_9:20/wandb/latest-run) by extension 'python'
[0.352s] [34mcolcon.colcon_core.package_identification[0m [1;30mLevel 1[0m _identify(src/aic/outputs/train/smolvla_aug_9_9:20/wandb/latest-run) by extensions ['python_setup_py']
[0.352s] [34mcolcon.colcon_core.package_identification[0m [1;30mLevel 1[0m _identify(src/aic/outputs/train/smolvla_aug_9_9:20/wandb/latest-run) by extension 'python_setup_py'
[0.352s] [34mcolcon.colcon_core.package_identification[0m [1;30mLevel 1[0m _identify(src/aic/outputs/train/smolvla_aug_9_9:20/wandb/latest-run/files) by extensions ['ignore', 'ignore_ament_install']
[0.352s] [34mcolcon.colcon_core.package_identification[0m [1;30mLevel 1[0m _identify(src/aic/outputs/train/smolvla_aug_9_9:20/wandb/latest-run/files) by extension 'ignore'
[0.352s] [34mcolcon.colcon_core.package_identification[0m [1;30mLevel 1[0m _identify(src/aic/outputs/train/smolvla_aug_9_9:20/wandb/latest-run/files) by extension 'ignore_ament_install'
[0.352s] [34mcolcon.colcon_core.package_identification[0m [1;30mLevel 1[0m _identify(src/aic/outputs/train/smolvla_aug_9_9:20/wandb/latest-run/files) by extensions ['colcon_pkg']
[0.352s] [34mcolcon.colcon_core.package_identification[0m [1;30mLevel 1[0m _identify(src/aic/outputs/train/smolvla_aug_9_9:20/wandb/latest-run/files) by extension 'colcon_pkg'
[0.352s] [34mcolcon.colcon_core.package_identification[0m [1;30mLevel 1[0m _identify(src/aic/outputs/train/smolvla_aug_9_9:20/wandb/latest-run/files) by extensions ['colcon_meta']
[0.352s] [34mcolcon.colcon_core.package_identification[0m [1;30mLevel 1[0m _identify(src/aic/outputs/train/smolvla_aug_9_9:20/wandb/latest-run/files) by extension 'colcon_meta'
[0.352s] [34mcolcon.colcon_core.package_identification[0m [1;30mLevel 1[0m _identify(src/aic/outputs/train/smolvla_aug_9_9:20/wandb/latest-run/files) by extensions ['ros']
[0.352s] [34mcolcon.colcon_core.package_identification[0m [1;30mLevel 1[0m _identify(src/aic/outputs/train/smolvla_aug_9_9:20/wandb/latest-run/files) by extension 'ros'
[0.352s] [34mcolcon.colcon_core.package_identification[0m [1;30mLevel 1[0m _identify(src/aic/outputs/train/smolvla_aug_9_9:20/wandb/latest-run/files) by extensions ['cmake', 'python']
[0.352s] [34mcolcon.colcon_core.package_identification[0m [1;30mLevel 1[0m _identify(src/aic/outputs/train/smolvla_aug_9_9:20/wandb/latest-run/files) by extension 'cmake'
[0.352s] [34mcolcon.colcon_core.package_identification[0m [1;30mLevel 1[0m _identify(src/aic/outputs/train/smolvla_aug_9_9:20/wandb/latest-run/files) by extension 'python'
[0.352s] [34mcolcon.colcon_core.package_identification[0m [1;30mLevel 1[0m _identify(src/aic/outputs/train/smolvla_aug_9_9:20/wandb/latest-run/files) by extensions ['python_setup_py']
[0.352s] [34mcolcon.colcon_core.package_identification[0m [1;30mLevel 1[0m _identify(src/aic/outputs/train/smolvla_aug_9_9:20/wandb/latest-run/files) by extension 'python_setup_py'
[0.352s] [34mcolcon.colcon_core.package_identification[0m [1;30mLevel 1[0m _identify(src/aic/outputs/train/smolvla_aug_9_9:20/wandb/latest-run/logs) by extensions ['ignore', 'ignore_ament_install']
[0.352s] [34mcolcon.colcon_core.package_identification[0m [1;30mLevel 1[0m _identify(src/aic/outputs/train/smolvla_aug_9_9:20/wandb/latest-run/logs) by extension 'ignore'
[0.352s] [34mcolcon.colcon_core.package_identification[0m [1;30mLevel 1[0m _identify(src/aic/outputs/train/smolvla_aug_9_9:20/wandb/latest-run/logs) by extension 'ignore_ament_install'
[0.352s] [34mcolcon.colcon_core.package_identification[0m [1;30mLevel 1[0m _identify(src/aic/outputs/train/smolvla_aug_9_9:20/wandb/latest-run/logs) by extensions ['colcon_pkg']
[0.352s] [34mcolcon.colcon_core.package_identification[0m [1;30mLevel 1[0m _identify(src/aic/outputs/train/smolvla_aug_9_9:20/wandb/latest-run/logs) by extension 'colcon_pkg'
[0.352s] [34mcolcon.colcon_core.package_identification[0m [1;30mLevel 1[0m _identify(src/aic/outputs/train/smolvla_aug_9_9:20/wandb/latest-run/logs) by extensions ['colcon_meta']
[0.352s] [34mcolcon.colcon_core.package_identification[0m [1;30mLevel 1[0m _identify(src/aic/outputs/train/smolvla_aug_9_9:20/wandb/latest-run/logs) by extension 'colcon_meta'
[0.352s] [34mcolcon.colcon_core.package_identification[0m [1;30mLevel 1[0m _identify(src/aic/outputs/train/smolvla_aug_9_9:20/wandb/latest-run/logs) by extensions ['ros']
[0.352s] [34mcolcon.colcon_core.package_identification[0m [1;30mLevel 1[0m _identify(src/aic/outputs/train/smolvla_aug_9_9:20/wandb/latest-run/logs) by extension 'ros'
[0.352s] [34mcolcon.colcon_core.package_identification[0m [1;30mLevel 1[0m _identify(src/aic/outputs/train/smolvla_aug_9_9:20/wandb/latest-run/logs) by extensions ['cmake', 'python']
[0.352s] [34mcolcon.colcon_core.package_identification[0m [1;30mLevel 1[0m _identify(src/aic/outputs/train/smolvla_aug_9_9:20/wandb/latest-run/logs) by extension 'cmake'
[0.352s] [34mcolcon.colcon_core.package_identification[0m [1;30mLevel 1[0m _identify(src/aic/outputs/train/smolvla_aug_9_9:20/wandb/latest-run/logs) by extension 'python'
[0.352s] [34mcolcon.colcon_core.package_identification[0m [1;30mLevel 1[0m _identify(src/aic/outputs/train/smolvla_aug_9_9:20/wandb/latest-run/logs) by extensions ['python_setup_py']
[0.352s] [34mcolcon.colcon_core.package_identification[0m [1;30mLevel 1[0m _identify(src/aic/outputs/train/smolvla_aug_9_9:20/wandb/latest-run/logs) by extension 'python_setup_py'
[0.352s] [34mcolcon.colcon_core.package_identification[0m [1;30mLevel 1[0m _identify(src/aic/outputs/train/smolvla_aug_9_9:20/wandb/latest-run/tmp) by extensions ['ignore', 'ignore_ament_install']
[0.352s] [34mcolcon.colcon_core.package_identification[0m [1;30mLevel 1[0m _identify(src/aic/outputs/train/smolvla_aug_9_9:20/wandb/latest-run/tmp) by extension 'ignore'
[0.352s] [34mcolcon.colcon_core.package_identification[0m [1;30mLevel 1[0m _identify(src/aic/outputs/train/smolvla_aug_9_9:20/wandb/latest-run/tmp) by extension 'ignore_ament_install'
[0.353s] [34mcolcon.colcon_core.package_identification[0m [1;30mLevel 1[0m _identify(src/aic/outputs/train/smolvla_aug_9_9:20/wandb/latest-run/tmp) by extensions ['colcon_pkg']
[0.353s] [34mcolcon.colcon_core.package_identification[0m [1;30mLevel 1[0m _identify(src/aic/outputs/train/smolvla_aug_9_9:20/wandb/latest-run/tmp) by extension 'colcon_pkg'
[0.353s] [34mcolcon.colcon_core.package_identification[0m [1;30mLevel 1[0m _identify(src/aic/outputs/train/smolvla_aug_9_9:20/wandb/latest-run/tmp) by extensions ['colcon_meta']
[0.353s] [34mcolcon.colcon_core.package_identification[0m [1;30mLevel 1[0m _identify(src/aic/outputs/train/smolvla_aug_9_9:20/wandb/latest-run/tmp) by extension 'colcon_meta'
[0.353s] [34mcolcon.colcon_core.package_identification[0m [1;30mLevel 1[0m _identify(src/aic/outputs/train/smolvla_aug_9_9:20/wandb/latest-run/tmp) by extensions ['ros']
[0.353s] [34mcolcon.colcon_core.package_identification[0m [1;30mLevel 1[0m _identify(src/aic/outputs/train/smolvla_aug_9_9:20/wandb/latest-run/tmp) by extension 'ros'
[0.353s] [34mcolcon.colcon_core.package_identification[0m [1;30mLevel 1[0m _identify(src/aic/outputs/train/smolvla_aug_9_9:20/wandb/latest-run/tmp) by extensions ['cmake', 'python']
[0.353s] [34mcolcon.colcon_core.package_identification[0m [1;30mLevel 1[0m _identify(src/aic/outputs/train/smolvla_aug_9_9:20/wandb/latest-run/tmp) by extension 'cmake'
[0.353s] [34mcolcon.colcon_core.package_identification[0m [1;30mLevel 1[0m _identify(src/aic/outputs/train/smolvla_aug_9_9:20/wandb/latest-run/tmp) by extension 'python'
[0.353s] [34mcolcon.colcon_core.package_identification[0m [1;30mLevel 1[0m _identify(src/aic/outputs/train/smolvla_aug_9_9:20/wandb/latest-run/tmp) by extensions ['python_setup_py']
[0.353s] [34mcolcon.colcon_core.package_identification[0m [1;30mLevel 1[0m _identify(src/aic/outputs/train/smolvla_aug_9_9:20/wandb/latest-run/tmp) by extension 'python_setup_py'
[0.353s] [34mcolcon.colcon_core.package_identification[0m [1;30mLevel 1[0m _identify(src/aic/outputs/train/smolvla_aug_9_9:20/wandb/latest-run/tmp/code) by extensions ['ignore', 'ignore_ament_install']
[0.353s] [34mcolcon.colcon_core.package_identification[0m [1;30mLevel 1[0m _identify(src/aic/outputs/train/smolvla_aug_9_9:20/wandb/latest-run/tmp/code) by extension 'ignore'
[0.353s] [34mcolcon.colcon_core.package_identification[0m [1;30mLevel 1[0m _identify(src/aic/outputs/train/smolvla_aug_9_9:20/wandb/latest-run/tmp/code) by extension 'ignore_ament_install'
[0.353s] [34mcolcon.colcon_core.package_identification[0m [1;30mLevel 1[0m _identify(src/aic/outputs/train/smolvla_aug_9_9:20/wandb/latest-run/tmp/code) by extensions ['colcon_pkg']
[0.353s] [34mcolcon.colcon_core.package_identification[0m [1;30mLevel 1[0m _identify(src/aic/outputs/train/smolvla_aug_9_9:20/wandb/latest-run/tmp/code) by extension 'colcon_pkg'
[0.353s] [34mcolcon.colcon_core.package_identification[0m [1;30mLevel 1[0m _identify(src/aic/outputs/train/smolvla_aug_9_9:20/wandb/latest-run/tmp/code) by extensions ['colcon_meta']
[0.353s] [34mcolcon.colcon_core.package_identification[0m [1;30mLevel 1[0m _identify(src/aic/outputs/train/smolvla_aug_9_9:20/wandb/latest-run/tmp/code) by extension 'colcon_meta'
[0.353s] [34mcolcon.colcon_core.package_identification[0m [1;30mLevel 1[0m _identify(src/aic/outputs/train/smolvla_aug_9_9:20/wandb/latest-run/tmp/code) by extensions ['ros']
[0.353s] [34mcolcon.colcon_core.package_identification[0m [1;30mLevel 1[0m _identify(src/aic/outputs/train/smolvla_aug_9_9:20/wandb/latest-run/tmp/code) by extension 'ros'
[0.353s] [34mcolcon.colcon_core.package_identification[0m [1;30mLevel 1[0m _identify(src/aic/outputs/train/smolvla_aug_9_9:20/wandb/latest-run/tmp/code) by extensions ['cmake', 'python']
[0.353s] [34mcolcon.colcon_core.package_identification[0m [1;30mLevel 1[0m _identify(src/aic/outputs/train/smolvla_aug_9_9:20/wandb/latest-run/tmp/code) by extension 'cmake'
[0.353s] [34mcolcon.colcon_core.package_identification[0m [1;30mLevel 1[0m _identify(src/aic/outputs/train/smolvla_aug_9_9:20/wandb/latest-run/tmp/code) by extension 'python'
[0.353s] [34mcolcon.colcon_core.package_identification[0m [1;30mLevel 1[0m _identify(src/aic/outputs/train/smolvla_aug_9_9:20/wandb/latest-run/tmp/code) by extensions ['python_setup_py']
[0.353s] [34mcolcon.colcon_core.package_identification[0m [1;30mLevel 1[0m _identify(src/aic/outputs/train/smolvla_aug_9_9:20/wandb/latest-run/tmp/code) by extension 'python_setup_py'
[0.353s] [34mcolcon.colcon_core.package_discovery[0m [1;30mLevel 1[0m discover_packages(recursive) using defaults
[0.353s] [34mcolcon.colcon_core.package_discovery[0m [1;30mLevel 1[0m discover_packages(ignore) discover
[0.353s] [34mcolcon.colcon_core.package_discovery[0m [1;30mLevel 1[0m discover_packages(ignore) using defaults
[0.353s] [34mcolcon.colcon_core.package_discovery[0m [1;30mLevel 1[0m discover_packages(path) discover
[0.353s] [34mcolcon.colcon_core.package_discovery[0m [1;30mLevel 1[0m discover_packages(path) using defaults
[0.366s] [34mcolcon.colcon_core.verb[0m [1;30mLevel 5[0m set package 'aic_assets' build argument 'cmake_args' from command line to 'None'
[0.366s] [34mcolcon.colcon_core.verb[0m [1;30mLevel 5[0m set package 'aic_assets' build argument 'cmake_target' from command line to 'None'
[0.366s] [34mcolcon.colcon_core.verb[0m [1;30mLevel 5[0m set package 'aic_assets' build argument 'cmake_target_skip_unavailable' from command line to 'False'
[0.366s] [34mcolcon.colcon_core.verb[0m [1;30mLevel 5[0m set package 'aic_assets' build argument 'cmake_clean_cache' from command line to 'False'
[0.366s] [34mcolcon.colcon_core.verb[0m [1;30mLevel 5[0m set package 'aic_assets' build argument 'cmake_clean_first' from command line to 'False'
[0.366s] [34mcolcon.colcon_core.verb[0m [1;30mLevel 5[0m set package 'aic_assets' build argument 'cmake_force_configure' from command line to 'False'
[0.366s] [34mcolcon.colcon_core.verb[0m [1;30mLevel 5[0m set package 'aic_assets' build argument 'ament_cmake_args' from command line to 'None'
[0.366s] [34mcolcon.colcon_core.verb[0m [1;30mLevel 5[0m set package 'aic_assets' build argument 'catkin_cmake_args' from command line to 'None'
[0.366s] [34mcolcon.colcon_core.verb[0m [1;30mLevel 5[0m set package 'aic_assets' build argument 'catkin_skip_building_tests' from command line to 'False'
[0.366s] [34mcolcon.colcon_core.verb[0m [1;30mDEBUG[0m [32mBuilding package 'aic_assets' with the following arguments: {'ament_cmake_args': None, 'build_base': '/home/radhae/ws_aic/build/aic_assets', 'catkin_cmake_args': None, 'catkin_skip_building_tests': False, 'cmake_args': None, 'cmake_clean_cache': False, 'cmake_clean_first': False, 'cmake_force_configure': False, 'cmake_target': None, 'cmake_target_skip_unavailable': False, 'install_base': '/home/radhae/ws_aic/install/aic_assets', 'merge_install': False, 'path': '/home/radhae/ws_aic/src/aic/aic_assets', 'symlink_install': False, 'test_result_base': None}[0m
[0.366s] [34mcolcon.colcon_core.verb[0m [1;30mLevel 5[0m set package 'aic_control_interfaces' build argument 'cmake_args' from command line to 'None'
[0.366s] [34mcolcon.colcon_core.verb[0m [1;30mLevel 5[0m set package 'aic_control_interfaces' build argument 'cmake_target' from command line to 'None'
[0.366s] [34mcolcon.colcon_core.verb[0m [1;30mLevel 5[0m set package 'aic_control_interfaces' build argument 'cmake_target_skip_unavailable' from command line to 'False'
[0.366s] [34mcolcon.colcon_core.verb[0m [1;30mLevel 5[0m set package 'aic_control_interfaces' build argument 'cmake_clean_cache' from command line to 'False'
[0.366s] [34mcolcon.colcon_core.verb[0m [1;30mLevel 5[0m set package 'aic_control_interfaces' build argument 'cmake_clean_first' from command line to 'False'
[0.366s] [34mcolcon.colcon_core.verb[0m [1;30mLevel 5[0m set package 'aic_control_interfaces' build argument 'cmake_force_configure' from command line to 'False'
[0.366s] [34mcolcon.colcon_core.verb[0m [1;30mLevel 5[0m set package 'aic_control_interfaces' build argument 'ament_cmake_args' from command line to 'None'
[0.366s] [34mcolcon.colcon_core.verb[0m [1;30mLevel 5[0m set package 'aic_control_interfaces' build argument 'catkin_cmake_args' from command line to 'None'
[0.366s] [34mcolcon.colcon_core.verb[0m [1;30mLevel 5[0m set package 'aic_control_interfaces' build argument 'catkin_skip_building_tests' from command line to 'False'
[0.366s] [34mcolcon.colcon_core.verb[0m [1;30mDEBUG[0m [32mBuilding package 'aic_control_interfaces' with the following arguments: {'ament_cmake_args': None, 'build_base': '/home/radhae/ws_aic/build/aic_control_interfaces', 'catkin_cmake_args': None, 'catkin_skip_building_tests': False, 'cmake_args': None, 'cmake_clean_cache': False, 'cmake_clean_first': False, 'cmake_force_configure': False, 'cmake_target': None, 'cmake_target_skip_unavailable': False, 'install_base': '/home/radhae/ws_aic/install/aic_control_interfaces', 'merge_install': False, 'path': '/home/radhae/ws_aic/src/aic/aic_interfaces/aic_control_interfaces', 'symlink_install': False, 'test_result_base': None}[0m
[0.367s] [34mcolcon.colcon_core.verb[0m [1;30mLevel 5[0m set package 'aic_engine_interfaces' build argument 'cmake_args' from command line to 'None'
[0.367s] [34mcolcon.colcon_core.verb[0m [1;30mLevel 5[0m set package 'aic_engine_interfaces' build argument 'cmake_target' from command line to 'None'
[0.367s] [34mcolcon.colcon_core.verb[0m [1;30mLevel 5[0m set package 'aic_engine_interfaces' build argument 'cmake_target_skip_unavailable' from command line to 'False'
[0.367s] [34mcolcon.colcon_core.verb[0m [1;30mLevel 5[0m set package 'aic_engine_interfaces' build argument 'cmake_clean_cache' from command line to 'False'
[0.367s] [34mcolcon.colcon_core.verb[0m [1;30mLevel 5[0m set package 'aic_engine_interfaces' build argument 'cmake_clean_first' from command line to 'False'
[0.367s] [34mcolcon.colcon_core.verb[0m [1;30mLevel 5[0m set package 'aic_engine_interfaces' build argument 'cmake_force_configure' from command line to 'False'
[0.367s] [34mcolcon.colcon_core.verb[0m [1;30mLevel 5[0m set package 'aic_engine_interfaces' build argument 'ament_cmake_args' from command line to 'None'
[0.367s] [34mcolcon.colcon_core.verb[0m [1;30mLevel 5[0m set package 'aic_engine_interfaces' build argument 'catkin_cmake_args' from command line to 'None'
[0.367s] [34mcolcon.colcon_core.verb[0m [1;30mLevel 5[0m set package 'aic_engine_interfaces' build argument 'catkin_skip_building_tests' from command line to 'False'
[0.367s] [34mcolcon.colcon_core.verb[0m [1;30mDEBUG[0m [32mBuilding package 'aic_engine_interfaces' with the following arguments: {'ament_cmake_args': None, 'build_base': '/home/radhae/ws_aic/build/aic_engine_interfaces', 'catkin_cmake_args': None, 'catkin_skip_building_tests': False, 'cmake_args': None, 'cmake_clean_cache': False, 'cmake_clean_first': False, 'cmake_force_configure': False, 'cmake_target': None, 'cmake_target_skip_unavailable': False, 'install_base': '/home/radhae/ws_aic/install/aic_engine_interfaces', 'merge_install': False, 'path': '/home/radhae/ws_aic/src/aic/aic_interfaces/aic_engine_interfaces', 'symlink_install': False, 'test_result_base': None}[0m
[0.367s] [34mcolcon.colcon_core.verb[0m [1;30mLevel 5[0m set package 'aic_task_interfaces' build argument 'cmake_args' from command line to 'None'
[0.367s] [34mcolcon.colcon_core.verb[0m [1;30mLevel 5[0m set package 'aic_task_interfaces' build argument 'cmake_target' from command line to 'None'
[0.367s] [34mcolcon.colcon_core.verb[0m [1;30mLevel 5[0m set package 'aic_task_interfaces' build argument 'cmake_target_skip_unavailable' from command line to 'False'
[0.367s] [34mcolcon.colcon_core.verb[0m [1;30mLevel 5[0m set package 'aic_task_interfaces' build argument 'cmake_clean_cache' from command line to 'False'
[0.367s] [34mcolcon.colcon_core.verb[0m [1;30mLevel 5[0m set package 'aic_task_interfaces' build argument 'cmake_clean_first' from command line to 'False'
[0.367s] [34mcolcon.colcon_core.verb[0m [1;30mLevel 5[0m set package 'aic_task_interfaces' build argument 'cmake_force_configure' from command line to 'False'
[0.367s] [34mcolcon.colcon_core.verb[0m [1;30mLevel 5[0m set package 'aic_task_interfaces' build argument 'ament_cmake_args' from command line to 'None'
[0.367s] [34mcolcon.colcon_core.verb[0m [1;30mLevel 5[0m set package 'aic_task_interfaces' build argument 'catkin_cmake_args' from command line to 'None'
[0.367s] [34mcolcon.colcon_core.verb[0m [1;30mLevel 5[0m set package 'aic_task_interfaces' build argument 'catkin_skip_building_tests' from command line to 'False'
[0.367s] [34mcolcon.colcon_core.verb[0m [1;30mDEBUG[0m [32mBuilding package 'aic_task_interfaces' with the following arguments: {'ament_cmake_args': None, 'build_base': '/home/radhae/ws_aic/build/aic_task_interfaces', 'catkin_cmake_args': None, 'catkin_skip_building_tests': False, 'cmake_args': None, 'cmake_clean_cache': False, 'cmake_clean_first': False, 'cmake_force_configure': False, 'cmake_target': None, 'cmake_target_skip_unavailable': False, 'install_base': '/home/radhae/ws_aic/install/aic_task_interfaces', 'merge_install': False, 'path': '/home/radhae/ws_aic/src/aic/aic_interfaces/aic_task_interfaces', 'symlink_install': False, 'test_result_base': None}[0m
[0.367s] [34mcolcon.colcon_core.verb[0m [1;30mLevel 5[0m set package 'aic_training_interfaces' build argument 'cmake_args' from command line to 'None'
[0.367s] [34mcolcon.colcon_core.verb[0m [1;30mLevel 5[0m set package 'aic_training_interfaces' build argument 'cmake_target' from command line to 'None'
[0.367s] [34mcolcon.colcon_core.verb[0m [1;30mLevel 5[0m set package 'aic_training_interfaces' build argument 'cmake_target_skip_unavailable' from command line to 'False'
[0.367s] [34mcolcon.colcon_core.verb[0m [1;30mLevel 5[0m set package 'aic_training_interfaces' build argument 'cmake_clean_cache' from command line to 'False'
[0.367s] [34mcolcon.colcon_core.verb[0m [1;30mLevel 5[0m set package 'aic_training_interfaces' build argument 'cmake_clean_first' from command line to 'False'
[0.367s] [34mcolcon.colcon_core.verb[0m [1;30mLevel 5[0m set package 'aic_training_interfaces' build argument 'cmake_force_configure' from command line to 'False'
[0.367s] [34mcolcon.colcon_core.verb[0m [1;30mLevel 5[0m set package 'aic_training_interfaces' build argument 'ament_cmake_args' from command line to 'None'
[0.367s] [34mcolcon.colcon_core.verb[0m [1;30mLevel 5[0m set package 'aic_training_interfaces' build argument 'catkin_cmake_args' from command line to 'None'
[0.367s] [34mcolcon.colcon_core.verb[0m [1;30mLevel 5[0m set package 'aic_training_interfaces' build argument 'catkin_skip_building_tests' from command line to 'False'
[0.367s] [34mcolcon.colcon_core.verb[0m [1;30mDEBUG[0m [32mBuilding package 'aic_training_interfaces' with the following arguments: {'ament_cmake_args': None, 'build_base': '/home/radhae/ws_aic/build/aic_training_interfaces', 'catkin_cmake_args': None, 'catkin_skip_building_tests': False, 'cmake_args': None, 'cmake_clean_cache': False, 'cmake_clean_first': False, 'cmake_force_configure': False, 'cmake_target': None, 'cmake_target_skip_unavailable': False, 'install_base': '/home/radhae/ws_aic/install/aic_training_interfaces', 'merge_install': False, 'path': '/home/radhae/ws_aic/src/aic/aic_utils/aic_training_interfaces', 'symlink_install': False, 'test_result_base': None}[0m
[0.367s] [34mcolcon.colcon_core.verb[0m [1;30mLevel 5[0m set package 'aic_controller' build argument 'cmake_args' from command line to 'None'
[0.367s] [34mcolcon.colcon_core.verb[0m [1;30mLevel 5[0m set package 'aic_controller' build argument 'cmake_target' from command line to 'None'
[0.367s] [34mcolcon.colcon_core.verb[0m [1;30mLevel 5[0m set package 'aic_controller' build argument 'cmake_target_skip_unavailable' from command line to 'False'
[0.367s] [34mcolcon.colcon_core.verb[0m [1;30mLevel 5[0m set package 'aic_controller' build argument 'cmake_clean_cache' from command line to 'False'
[0.367s] [34mcolcon.colcon_core.verb[0m [1;30mLevel 5[0m set package 'aic_controller' build argument 'cmake_clean_first' from command line to 'False'
[0.367s] [34mcolcon.colcon_core.verb[0m [1;30mLevel 5[0m set package 'aic_controller' build argument 'cmake_force_configure' from command line to 'False'
[0.367s] [34mcolcon.colcon_core.verb[0m [1;30mLevel 5[0m set package 'aic_controller' build argument 'ament_cmake_args' from command line to 'None'
[0.367s] [34mcolcon.colcon_core.verb[0m [1;30mLevel 5[0m set package 'aic_controller' build argument 'catkin_cmake_args' from command line to 'None'
[0.367s] [34mcolcon.colcon_core.verb[0m [1;30mLevel 5[0m set package 'aic_controller' build argument 'catkin_skip_building_tests' from command line to 'False'
[0.367s] [34mcolcon.colcon_core.verb[0m [1;30mDEBUG[0m [32mBuilding package 'aic_controller' with the following arguments: {'ament_cmake_args': None, 'build_base': '/home/radhae/ws_aic/build/aic_controller', 'catkin_cmake_args': None, 'catkin_skip_building_tests': False, 'cmake_args': None, 'cmake_clean_cache': False, 'cmake_clean_first': False, 'cmake_force_configure': False, 'cmake_target': None, 'cmake_target_skip_unavailable': False, 'install_base': '/home/radhae/ws_aic/install/aic_controller', 'merge_install': False, 'path': '/home/radhae/ws_aic/src/aic/aic_controller', 'symlink_install': False, 'test_result_base': None}[0m
[0.367s] [34mcolcon.colcon_core.verb[0m [1;30mLevel 5[0m set package 'aic_gazebo' build argument 'cmake_args' from command line to 'None'
[0.367s] [34mcolcon.colcon_core.verb[0m [1;30mLevel 5[0m set package 'aic_gazebo' build argument 'cmake_target' from command line to 'None'
[0.367s] [34mcolcon.colcon_core.verb[0m [1;30mLevel 5[0m set package 'aic_gazebo' build argument 'cmake_target_skip_unavailable' from command line to 'False'
[0.367s] [34mcolcon.colcon_core.verb[0m [1;30mLevel 5[0m set package 'aic_gazebo' build argument 'cmake_clean_cache' from command line to 'False'
[0.367s] [34mcolcon.colcon_core.verb[0m [1;30mLevel 5[0m set package 'aic_gazebo' build argument 'cmake_clean_first' from command line to 'False'
[0.367s] [34mcolcon.colcon_core.verb[0m [1;30mLevel 5[0m set package 'aic_gazebo' build argument 'cmake_force_configure' from command line to 'False'
[0.367s] [34mcolcon.colcon_core.verb[0m [1;30mLevel 5[0m set package 'aic_gazebo' build argument 'ament_cmake_args' from command line to 'None'
[0.367s] [34mcolcon.colcon_core.verb[0m [1;30mLevel 5[0m set package 'aic_gazebo' build argument 'catkin_cmake_args' from command line to 'None'
[0.367s] [34mcolcon.colcon_core.verb[0m [1;30mLevel 5[0m set package 'aic_gazebo' build argument 'catkin_skip_building_tests' from command line to 'False'
[0.367s] [34mcolcon.colcon_core.verb[0m [1;30mDEBUG[0m [32mBuilding package 'aic_gazebo' with the following arguments: {'ament_cmake_args': None, 'build_base': '/home/radhae/ws_aic/build/aic_gazebo', 'catkin_cmake_args': None, 'catkin_skip_building_tests': False, 'cmake_args': None, 'cmake_clean_cache': False, 'cmake_clean_first': False, 'cmake_force_configure': False, 'cmake_target': None, 'cmake_target_skip_unavailable': False, 'install_base': '/home/radhae/ws_aic/install/aic_gazebo', 'merge_install': False, 'path': '/home/radhae/ws_aic/src/aic/aic_gazebo', 'symlink_install': False, 'test_result_base': None}[0m
[0.368s] [34mcolcon.colcon_core.verb[0m [1;30mLevel 5[0m set package 'aic_model_interfaces' build argument 'cmake_args' from command line to 'None'
[0.368s] [34mcolcon.colcon_core.verb[0m [1;30mLevel 5[0m set package 'aic_model_interfaces' build argument 'cmake_target' from command line to 'None'
[0.368s] [34mcolcon.colcon_core.verb[0m [1;30mLevel 5[0m set package 'aic_model_interfaces' build argument 'cmake_target_skip_unavailable' from command line to 'False'
[0.368s] [34mcolcon.colcon_core.verb[0m [1;30mLevel 5[0m set package 'aic_model_interfaces' build argument 'cmake_clean_cache' from command line to 'False'
[0.368s] [34mcolcon.colcon_core.verb[0m [1;30mLevel 5[0m set package 'aic_model_interfaces' build argument 'cmake_clean_first' from command line to 'False'
[0.368s] [34mcolcon.colcon_core.verb[0m [1;30mLevel 5[0m set package 'aic_model_interfaces' build argument 'cmake_force_configure' from command line to 'False'
[0.368s] [34mcolcon.colcon_core.verb[0m [1;30mLevel 5[0m set package 'aic_model_interfaces' build argument 'ament_cmake_args' from command line to 'None'
[0.368s] [34mcolcon.colcon_core.verb[0m [1;30mLevel 5[0m set package 'aic_model_interfaces' build argument 'catkin_cmake_args' from command line to 'None'
[0.368s] [34mcolcon.colcon_core.verb[0m [1;30mLevel 5[0m set package 'aic_model_interfaces' build argument 'catkin_skip_building_tests' from command line to 'False'
[0.368s] [34mcolcon.colcon_core.verb[0m [1;30mDEBUG[0m [32mBuilding package 'aic_model_interfaces' with the following arguments: {'ament_cmake_args': None, 'build_base': '/home/radhae/ws_aic/build/aic_model_interfaces', 'catkin_cmake_args': None, 'catkin_skip_building_tests': False, 'cmake_args': None, 'cmake_clean_cache': False, 'cmake_clean_first': False, 'cmake_force_configure': False, 'cmake_target': None, 'cmake_target_skip_unavailable': False, 'install_base': '/home/radhae/ws_aic/install/aic_model_interfaces', 'merge_install': False, 'path': '/home/radhae/ws_aic/src/aic/aic_interfaces/aic_model_interfaces', 'symlink_install': False, 'test_result_base': None}[0m
[0.368s] [34mcolcon.colcon_core.verb[0m [1;30mLevel 5[0m set package 'aic_scoring' build argument 'cmake_args' from command line to 'None'
[0.368s] [34mcolcon.colcon_core.verb[0m [1;30mLevel 5[0m set package 'aic_scoring' build argument 'cmake_target' from command line to 'None'
[0.368s] [34mcolcon.colcon_core.verb[0m [1;30mLevel 5[0m set package 'aic_scoring' build argument 'cmake_target_skip_unavailable' from command line to 'False'
[0.368s] [34mcolcon.colcon_core.verb[0m [1;30mLevel 5[0m set package 'aic_scoring' build argument 'cmake_clean_cache' from command line to 'False'
[0.368s] [34mcolcon.colcon_core.verb[0m [1;30mLevel 5[0m set package 'aic_scoring' build argument 'cmake_clean_first' from command line to 'False'
[0.368s] [34mcolcon.colcon_core.verb[0m [1;30mLevel 5[0m set package 'aic_scoring' build argument 'cmake_force_configure' from command line to 'False'
[0.368s] [34mcolcon.colcon_core.verb[0m [1;30mLevel 5[0m set package 'aic_scoring' build argument 'ament_cmake_args' from command line to 'None'
[0.368s] [34mcolcon.colcon_core.verb[0m [1;30mLevel 5[0m set package 'aic_scoring' build argument 'catkin_cmake_args' from command line to 'None'
[0.368s] [34mcolcon.colcon_core.verb[0m [1;30mLevel 5[0m set package 'aic_scoring' build argument 'catkin_skip_building_tests' from command line to 'False'
[0.368s] [34mcolcon.colcon_core.verb[0m [1;30mDEBUG[0m [32mBuilding package 'aic_scoring' with the following arguments: {'ament_cmake_args': None, 'build_base': '/home/radhae/ws_aic/build/aic_scoring', 'catkin_cmake_args': None, 'catkin_skip_building_tests': False, 'cmake_args': None, 'cmake_clean_cache': False, 'cmake_clean_first': False, 'cmake_force_configure': False, 'cmake_target': None, 'cmake_target_skip_unavailable': False, 'install_base': '/home/radhae/ws_aic/install/aic_scoring', 'merge_install': False, 'path': '/home/radhae/ws_aic/src/aic/aic_scoring', 'symlink_install': False, 'test_result_base': None}[0m
[0.368s] [34mcolcon.colcon_core.verb[0m [1;30mLevel 5[0m set package 'aic_teleoperation' build argument 'cmake_args' from command line to 'None'
[0.368s] [34mcolcon.colcon_core.verb[0m [1;30mLevel 5[0m set package 'aic_teleoperation' build argument 'cmake_target' from command line to 'None'
[0.368s] [34mcolcon.colcon_core.verb[0m [1;30mLevel 5[0m set package 'aic_teleoperation' build argument 'cmake_target_skip_unavailable' from command line to 'False'
[0.368s] [34mcolcon.colcon_core.verb[0m [1;30mLevel 5[0m set package 'aic_teleoperation' build argument 'cmake_clean_cache' from command line to 'False'
[0.368s] [34mcolcon.colcon_core.verb[0m [1;30mLevel 5[0m set package 'aic_teleoperation' build argument 'cmake_clean_first' from command line to 'False'
[0.368s] [34mcolcon.colcon_core.verb[0m [1;30mLevel 5[0m set package 'aic_teleoperation' build argument 'cmake_force_configure' from command line to 'False'
[0.368s] [34mcolcon.colcon_core.verb[0m [1;30mLevel 5[0m set package 'aic_teleoperation' build argument 'ament_cmake_args' from command line to 'None'
[0.368s] [34mcolcon.colcon_core.verb[0m [1;30mLevel 5[0m set package 'aic_teleoperation' build argument 'catkin_cmake_args' from command line to 'None'
[0.368s] [34mcolcon.colcon_core.verb[0m [1;30mLevel 5[0m set package 'aic_teleoperation' build argument 'catkin_skip_building_tests' from command line to 'False'
[0.368s] [34mcolcon.colcon_core.verb[0m [1;30mDEBUG[0m [32mBuilding package 'aic_teleoperation' with the following arguments: {'ament_cmake_args': None, 'build_base': '/home/radhae/ws_aic/build/aic_teleoperation', 'catkin_cmake_args': None, 'catkin_skip_building_tests': False, 'cmake_args': None, 'cmake_clean_cache': False, 'cmake_clean_first': False, 'cmake_force_configure': False, 'cmake_target': None, 'cmake_target_skip_unavailable': False, 'install_base': '/home/radhae/ws_aic/install/aic_teleoperation', 'merge_install': False, 'path': '/home/radhae/ws_aic/src/aic/aic_utils/aic_teleoperation', 'symlink_install': False, 'test_result_base': None}[0m
[0.368s] [34mcolcon.colcon_core.verb[0m [1;30mLevel 5[0m set package 'lerobot_robot_aic' build argument 'cmake_args' from command line to 'None'
[0.368s] [34mcolcon.colcon_core.verb[0m [1;30mLevel 5[0m set package 'lerobot_robot_aic' build argument 'cmake_target' from command line to 'None'
[0.368s] [34mcolcon.colcon_core.verb[0m [1;30mLevel 5[0m set package 'lerobot_robot_aic' build argument 'cmake_target_skip_unavailable' from command line to 'False'
[0.368s] [34mcolcon.colcon_core.verb[0m [1;30mLevel 5[0m set package 'lerobot_robot_aic' build argument 'cmake_clean_cache' from command line to 'False'
[0.368s] [34mcolcon.colcon_core.verb[0m [1;30mLevel 5[0m set package 'lerobot_robot_aic' build argument 'cmake_clean_first' from command line to 'False'
[0.368s] [34mcolcon.colcon_core.verb[0m [1;30mLevel 5[0m set package 'lerobot_robot_aic' build argument 'cmake_force_configure' from command line to 'False'
[0.368s] [34mcolcon.colcon_core.verb[0m [1;30mLevel 5[0m set package 'lerobot_robot_aic' build argument 'ament_cmake_args' from command line to 'None'
[0.368s] [34mcolcon.colcon_core.verb[0m [1;30mLevel 5[0m set package 'lerobot_robot_aic' build argument 'catkin_cmake_args' from command line to 'None'
[0.368s] [34mcolcon.colcon_core.verb[0m [1;30mLevel 5[0m set package 'lerobot_robot_aic' build argument 'catkin_skip_building_tests' from command line to 'False'
[0.368s] [34mcolcon.colcon_core.verb[0m [1;30mDEBUG[0m [32mBuilding package 'lerobot_robot_aic' with the following arguments: {'ament_cmake_args': None, 'build_base': '/home/radhae/ws_aic/build/lerobot_robot_aic', 'catkin_cmake_args': None, 'catkin_skip_building_tests': False, 'cmake_args': None, 'cmake_clean_cache': False, 'cmake_clean_first': False, 'cmake_force_configure': False, 'cmake_target': None, 'cmake_target_skip_unavailable': False, 'install_base': '/home/radhae/ws_aic/install/lerobot_robot_aic', 'merge_install': False, 'path': '/home/radhae/ws_aic/src/aic/aic_utils/lerobot_robot_aic', 'symlink_install': False, 'test_result_base': None}[0m
[0.368s] [34mcolcon.colcon_core.verb[0m [1;30mLevel 5[0m set package 'aic_adapter' build argument 'cmake_args' from command line to 'None'
[0.368s] [34mcolcon.colcon_core.verb[0m [1;30mLevel 5[0m set package 'aic_adapter' build argument 'cmake_target' from command line to 'None'
[0.368s] [34mcolcon.colcon_core.verb[0m [1;30mLevel 5[0m set package 'aic_adapter' build argument 'cmake_target_skip_unavailable' from command line to 'False'
[0.368s] [34mcolcon.colcon_core.verb[0m [1;30mLevel 5[0m set package 'aic_adapter' build argument 'cmake_clean_cache' from command line to 'False'
[0.368s] [34mcolcon.colcon_core.verb[0m [1;30mLevel 5[0m set package 'aic_adapter' build argument 'cmake_clean_first' from command line to 'False'
[0.368s] [34mcolcon.colcon_core.verb[0m [1;30mLevel 5[0m set package 'aic_adapter' build argument 'cmake_force_configure' from command line to 'False'
[0.368s] [34mcolcon.colcon_core.verb[0m [1;30mLevel 5[0m set package 'aic_adapter' build argument 'ament_cmake_args' from command line to 'None'
[0.368s] [34mcolcon.colcon_core.verb[0m [1;30mLevel 5[0m set package 'aic_adapter' build argument 'catkin_cmake_args' from command line to 'None'
[0.368s] [34mcolcon.colcon_core.verb[0m [1;30mLevel 5[0m set package 'aic_adapter' build argument 'catkin_skip_building_tests' from command line to 'False'
[0.368s] [34mcolcon.colcon_core.verb[0m [1;30mDEBUG[0m [32mBuilding package 'aic_adapter' with the following arguments: {'ament_cmake_args': None, 'build_base': '/home/radhae/ws_aic/build/aic_adapter', 'catkin_cmake_args': None, 'catkin_skip_building_tests': False, 'cmake_args': None, 'cmake_clean_cache': False, 'cmake_clean_first': False, 'cmake_force_configure': False, 'cmake_target': None, 'cmake_target_skip_unavailable': False, 'install_base': '/home/radhae/ws_aic/install/aic_adapter', 'merge_install': False, 'path': '/home/radhae/ws_aic/src/aic/aic_adapter', 'symlink_install': False, 'test_result_base': None}[0m
[0.369s] [34mcolcon.colcon_core.verb[0m [1;30mLevel 5[0m set package 'aic_description' build argument 'cmake_args' from command line to 'None'
[0.369s] [34mcolcon.colcon_core.verb[0m [1;30mLevel 5[0m set package 'aic_description' build argument 'cmake_target' from command line to 'None'
[0.369s] [34mcolcon.colcon_core.verb[0m [1;30mLevel 5[0m set package 'aic_description' build argument 'cmake_target_skip_unavailable' from command line to 'False'
[0.369s] [34mcolcon.colcon_core.verb[0m [1;30mLevel 5[0m set package 'aic_description' build argument 'cmake_clean_cache' from command line to 'False'
[0.369s] [34mcolcon.colcon_core.verb[0m [1;30mLevel 5[0m set package 'aic_description' build argument 'cmake_clean_first' from command line to 'False'
[0.369s] [34mcolcon.colcon_core.verb[0m [1;30mLevel 5[0m set package 'aic_description' build argument 'cmake_force_configure' from command line to 'False'
[0.369s] [34mcolcon.colcon_core.verb[0m [1;30mLevel 5[0m set package 'aic_description' build argument 'ament_cmake_args' from command line to 'None'
[0.369s] [34mcolcon.colcon_core.verb[0m [1;30mLevel 5[0m set package 'aic_description' build argument 'catkin_cmake_args' from command line to 'None'
[0.369s] [34mcolcon.colcon_core.verb[0m [1;30mLevel 5[0m set package 'aic_description' build argument 'catkin_skip_building_tests' from command line to 'False'
[0.369s] [34mcolcon.colcon_core.verb[0m [1;30mDEBUG[0m [32mBuilding package 'aic_description' with the following arguments: {'ament_cmake_args': None, 'build_base': '/home/radhae/ws_aic/build/aic_description', 'catkin_cmake_args': None, 'catkin_skip_building_tests': False, 'cmake_args': None, 'cmake_clean_cache': False, 'cmake_clean_first': False, 'cmake_force_configure': False, 'cmake_target': None, 'cmake_target_skip_unavailable': False, 'install_base': '/home/radhae/ws_aic/install/aic_description', 'merge_install': False, 'path': '/home/radhae/ws_aic/src/aic/aic_description', 'symlink_install': False, 'test_result_base': None}[0m
[0.369s] [34mcolcon.colcon_core.verb[0m [1;30mLevel 5[0m set package 'aic_engine' build argument 'cmake_args' from command line to 'None'
[0.369s] [34mcolcon.colcon_core.verb[0m [1;30mLevel 5[0m set package 'aic_engine' build argument 'cmake_target' from command line to 'None'
[0.369s] [34mcolcon.colcon_core.verb[0m [1;30mLevel 5[0m set package 'aic_engine' build argument 'cmake_target_skip_unavailable' from command line to 'False'
[0.369s] [34mcolcon.colcon_core.verb[0m [1;30mLevel 5[0m set package 'aic_engine' build argument 'cmake_clean_cache' from command line to 'False'
[0.369s] [34mcolcon.colcon_core.verb[0m [1;30mLevel 5[0m set package 'aic_engine' build argument 'cmake_clean_first' from command line to 'False'
[0.369s] [34mcolcon.colcon_core.verb[0m [1;30mLevel 5[0m set package 'aic_engine' build argument 'cmake_force_configure' from command line to 'False'
[0.369s] [34mcolcon.colcon_core.verb[0m [1;30mLevel 5[0m set package 'aic_engine' build argument 'ament_cmake_args' from command line to 'None'
[0.369s] [34mcolcon.colcon_core.verb[0m [1;30mLevel 5[0m set package 'aic_engine' build argument 'catkin_cmake_args' from command line to 'None'
[0.369s] [34mcolcon.colcon_core.verb[0m [1;30mLevel 5[0m set package 'aic_engine' build argument 'catkin_skip_building_tests' from command line to 'False'
[0.369s] [34mcolcon.colcon_core.verb[0m [1;30mDEBUG[0m [32mBuilding package 'aic_engine' with the following arguments: {'ament_cmake_args': None, 'build_base': '/home/radhae/ws_aic/build/aic_engine', 'catkin_cmake_args': None, 'catkin_skip_building_tests': False, 'cmake_args': None, 'cmake_clean_cache': False, 'cmake_clean_first': False, 'cmake_force_configure': False, 'cmake_target': None, 'cmake_target_skip_unavailable': False, 'install_base': '/home/radhae/ws_aic/install/aic_engine', 'merge_install': False, 'path': '/home/radhae/ws_aic/src/aic/aic_engine', 'symlink_install': False, 'test_result_base': None}[0m
[0.369s] [34mcolcon.colcon_core.verb[0m [1;30mLevel 5[0m set package 'aic_model' build argument 'cmake_args' from command line to 'None'
[0.369s] [34mcolcon.colcon_core.verb[0m [1;30mLevel 5[0m set package 'aic_model' build argument 'cmake_target' from command line to 'None'
[0.369s] [34mcolcon.colcon_core.verb[0m [1;30mLevel 5[0m set package 'aic_model' build argument 'cmake_target_skip_unavailable' from command line to 'False'
[0.369s] [34mcolcon.colcon_core.verb[0m [1;30mLevel 5[0m set package 'aic_model' build argument 'cmake_clean_cache' from command line to 'False'
[0.369s] [34mcolcon.colcon_core.verb[0m [1;30mLevel 5[0m set package 'aic_model' build argument 'cmake_clean_first' from command line to 'False'
[0.369s] [34mcolcon.colcon_core.verb[0m [1;30mLevel 5[0m set package 'aic_model' build argument 'cmake_force_configure' from command line to 'False'
[0.369s] [34mcolcon.colcon_core.verb[0m [1;30mLevel 5[0m set package 'aic_model' build argument 'ament_cmake_args' from command line to 'None'
[0.369s] [34mcolcon.colcon_core.verb[0m [1;30mLevel 5[0m set package 'aic_model' build argument 'catkin_cmake_args' from command line to 'None'
[0.369s] [34mcolcon.colcon_core.verb[0m [1;30mLevel 5[0m set package 'aic_model' build argument 'catkin_skip_building_tests' from command line to 'False'
[0.369s] [34mcolcon.colcon_core.verb[0m [1;30mDEBUG[0m [32mBuilding package 'aic_model' with the following arguments: {'ament_cmake_args': None, 'build_base': '/home/radhae/ws_aic/build/aic_model', 'catkin_cmake_args': None, 'catkin_skip_building_tests': False, 'cmake_args': None, 'cmake_clean_cache': False, 'cmake_clean_first': False, 'cmake_force_configure': False, 'cmake_target': None, 'cmake_target_skip_unavailable': False, 'install_base': '/home/radhae/ws_aic/install/aic_model', 'merge_install': False, 'path': '/home/radhae/ws_aic/src/aic/aic_model', 'symlink_install': False, 'test_result_base': None}[0m
[0.369s] [34mcolcon.colcon_core.verb[0m [1;30mLevel 5[0m set package 'aic_bringup' build argument 'cmake_args' from command line to 'None'
[0.369s] [34mcolcon.colcon_core.verb[0m [1;30mLevel 5[0m set package 'aic_bringup' build argument 'cmake_target' from command line to 'None'
[0.369s] [34mcolcon.colcon_core.verb[0m [1;30mLevel 5[0m set package 'aic_bringup' build argument 'cmake_target_skip_unavailable' from command line to 'False'
[0.369s] [34mcolcon.colcon_core.verb[0m [1;30mLevel 5[0m set package 'aic_bringup' build argument 'cmake_clean_cache' from command line to 'False'
[0.369s] [34mcolcon.colcon_core.verb[0m [1;30mLevel 5[0m set package 'aic_bringup' build argument 'cmake_clean_first' from command line to 'False'
[0.369s] [34mcolcon.colcon_core.verb[0m [1;30mLevel 5[0m set package 'aic_bringup' build argument 'cmake_force_configure' from command line to 'False'
[0.369s] [34mcolcon.colcon_core.verb[0m [1;30mLevel 5[0m set package 'aic_bringup' build argument 'ament_cmake_args' from command line to 'None'
[0.369s] [34mcolcon.colcon_core.verb[0m [1;30mLevel 5[0m set package 'aic_bringup' build argument 'catkin_cmake_args' from command line to 'None'
[0.369s] [34mcolcon.colcon_core.verb[0m [1;30mLevel 5[0m set package 'aic_bringup' build argument 'catkin_skip_building_tests' from command line to 'False'
[0.369s] [34mcolcon.colcon_core.verb[0m [1;30mDEBUG[0m [32mBuilding package 'aic_bringup' with the following arguments: {'ament_cmake_args': None, 'build_base': '/home/radhae/ws_aic/build/aic_bringup', 'catkin_cmake_args': None, 'catkin_skip_building_tests': False, 'cmake_args': None, 'cmake_clean_cache': False, 'cmake_clean_first': False, 'cmake_force_configure': False, 'cmake_target': None, 'cmake_target_skip_unavailable': False, 'install_base': '/home/radhae/ws_aic/install/aic_bringup', 'merge_install': False, 'path': '/home/radhae/ws_aic/src/aic/aic_bringup', 'symlink_install': False, 'test_result_base': None}[0m
[0.369s] [34mcolcon.colcon_core.verb[0m [1;30mLevel 5[0m set package 'aic_example_policies' build argument 'cmake_args' from command line to 'None'
[0.369s] [34mcolcon.colcon_core.verb[0m [1;30mLevel 5[0m set package 'aic_example_policies' build argument 'cmake_target' from command line to 'None'
[0.369s] [34mcolcon.colcon_core.verb[0m [1;30mLevel 5[0m set package 'aic_example_policies' build argument 'cmake_target_skip_unavailable' from command line to 'False'
[0.369s] [34mcolcon.colcon_core.verb[0m [1;30mLevel 5[0m set package 'aic_example_policies' build argument 'cmake_clean_cache' from command line to 'False'
[0.369s] [34mcolcon.colcon_core.verb[0m [1;30mLevel 5[0m set package 'aic_example_policies' build argument 'cmake_clean_first' from command line to 'False'
[0.369s] [34mcolcon.colcon_core.verb[0m [1;30mLevel 5[0m set package 'aic_example_policies' build argument 'cmake_force_configure' from command line to 'False'
[0.369s] [34mcolcon.colcon_core.verb[0m [1;30mLevel 5[0m set package 'aic_example_policies' build argument 'ament_cmake_args' from command line to 'None'
[0.369s] [34mcolcon.colcon_core.verb[0m [1;30mLevel 5[0m set package 'aic_example_policies' build argument 'catkin_cmake_args' from command line to 'None'
[0.369s] [34mcolcon.colcon_core.verb[0m [1;30mLevel 5[0m set package 'aic_example_policies' build argument 'catkin_skip_building_tests' from command line to 'False'
[0.369s] [34mcolcon.colcon_core.verb[0m [1;30mDEBUG[0m [32mBuilding package 'aic_example_policies' with the following arguments: {'ament_cmake_args': None, 'build_base': '/home/radhae/ws_aic/build/aic_example_policies', 'catkin_cmake_args': None, 'catkin_skip_building_tests': False, 'cmake_args': None, 'cmake_clean_cache': False, 'cmake_clean_first': False, 'cmake_force_configure': False, 'cmake_target': None, 'cmake_target_skip_unavailable': False, 'install_base': '/home/radhae/ws_aic/install/aic_example_policies', 'merge_install': False, 'path': '/home/radhae/ws_aic/src/aic/aic_example_policies', 'symlink_install': False, 'test_result_base': None}[0m
[0.370s] [34mcolcon.colcon_core.verb[0m [1;30mLevel 5[0m set package 'aic_mujoco' build argument 'cmake_args' from command line to 'None'
[0.370s] [34mcolcon.colcon_core.verb[0m [1;30mLevel 5[0m set package 'aic_mujoco' build argument 'cmake_target' from command line to 'None'
[0.370s] [34mcolcon.colcon_core.verb[0m [1;30mLevel 5[0m set package 'aic_mujoco' build argument 'cmake_target_skip_unavailable' from command line to 'False'
[0.370s] [34mcolcon.colcon_core.verb[0m [1;30mLevel 5[0m set package 'aic_mujoco' build argument 'cmake_clean_cache' from command line to 'False'
[0.370s] [34mcolcon.colcon_core.verb[0m [1;30mLevel 5[0m set package 'aic_mujoco' build argument 'cmake_clean_first' from command line to 'False'
[0.370s] [34mcolcon.colcon_core.verb[0m [1;30mLevel 5[0m set package 'aic_mujoco' build argument 'cmake_force_configure' from command line to 'False'
[0.370s] [34mcolcon.colcon_core.verb[0m [1;30mLevel 5[0m set package 'aic_mujoco' build argument 'ament_cmake_args' from command line to 'None'
[0.370s] [34mcolcon.colcon_core.verb[0m [1;30mLevel 5[0m set package 'aic_mujoco' build argument 'catkin_cmake_args' from command line to 'None'
[0.370s] [34mcolcon.colcon_core.verb[0m [1;30mLevel 5[0m set package 'aic_mujoco' build argument 'catkin_skip_building_tests' from command line to 'False'
[0.370s] [34mcolcon.colcon_core.verb[0m [1;30mDEBUG[0m [32mBuilding package 'aic_mujoco' with the following arguments: {'ament_cmake_args': None, 'build_base': '/home/radhae/ws_aic/build/aic_mujoco', 'catkin_cmake_args': None, 'catkin_skip_building_tests': False, 'cmake_args': None, 'cmake_clean_cache': False, 'cmake_clean_first': False, 'cmake_force_configure': False, 'cmake_target': None, 'cmake_target_skip_unavailable': False, 'install_base': '/home/radhae/ws_aic/install/aic_mujoco', 'merge_install': False, 'path': '/home/radhae/ws_aic/src/aic/aic_utils/aic_mujoco', 'symlink_install': False, 'test_result_base': None}[0m
[0.370s] [34mcolcon.colcon_core.verb[0m [1;30mLevel 5[0m set package 'aic_training_utils' build argument 'cmake_args' from command line to 'None'
[0.370s] [34mcolcon.colcon_core.verb[0m [1;30mLevel 5[0m set package 'aic_training_utils' build argument 'cmake_target' from command line to 'None'
[0.370s] [34mcolcon.colcon_core.verb[0m [1;30mLevel 5[0m set package 'aic_training_utils' build argument 'cmake_target_skip_unavailable' from command line to 'False'
[0.370s] [34mcolcon.colcon_core.verb[0m [1;30mLevel 5[0m set package 'aic_training_utils' build argument 'cmake_clean_cache' from command line to 'False'
[0.370s] [34mcolcon.colcon_core.verb[0m [1;30mLevel 5[0m set package 'aic_training_utils' build argument 'cmake_clean_first' from command line to 'False'
[0.370s] [34mcolcon.colcon_core.verb[0m [1;30mLevel 5[0m set package 'aic_training_utils' build argument 'cmake_force_configure' from command line to 'False'
[0.370s] [34mcolcon.colcon_core.verb[0m [1;30mLevel 5[0m set package 'aic_training_utils' build argument 'ament_cmake_args' from command line to 'None'
[0.370s] [34mcolcon.colcon_core.verb[0m [1;30mLevel 5[0m set package 'aic_training_utils' build argument 'catkin_cmake_args' from command line to 'None'
[0.370s] [34mcolcon.colcon_core.verb[0m [1;30mLevel 5[0m set package 'aic_training_utils' build argument 'catkin_skip_building_tests' from command line to 'False'
[0.370s] [34mcolcon.colcon_core.verb[0m [1;30mDEBUG[0m [32mBuilding package 'aic_training_utils' with the following arguments: {'ament_cmake_args': None, 'build_base': '/home/radhae/ws_aic/build/aic_training_utils', 'catkin_cmake_args': None, 'catkin_skip_building_tests': False, 'cmake_args': None, 'cmake_clean_cache': False, 'cmake_clean_first': False, 'cmake_force_configure': False, 'cmake_target': None, 'cmake_target_skip_unavailable': False, 'install_base': '/home/radhae/ws_aic/install/aic_training_utils', 'merge_install': False, 'path': '/home/radhae/ws_aic/src/aic/aic_utils/aic_training_utils', 'symlink_install': False, 'test_result_base': None}[0m
[0.370s] [34mcolcon.colcon_core.executor[0m [1;30mINFO[0m Executing jobs using 'parallel' executor
[0.370s] [34mcolcon.colcon_parallel_executor.executor.parallel[0m [1;30mDEBUG[0m [32mrun_until_complete[0m
[0.371s] [34mcolcon.colcon_ros.task.ament_cmake.build[0m [1;30mINFO[0m Building ROS package in '/home/radhae/ws_aic/src/aic/aic_interfaces/aic_control_interfaces' with build type 'ament_cmake'
[0.371s] [34mcolcon.colcon_cmake.task.cmake.build[0m [1;30mINFO[0m Building CMake package in '/home/radhae/ws_aic/src/aic/aic_interfaces/aic_control_interfaces'
[0.372s] [34mcolcon.colcon_core.plugin_system[0m [1;30mINFO[0m Skipping extension 'colcon_core.shell.bat': Not used on non-Windows systems
[0.372s] [34mcolcon.colcon_core.shell[0m [1;30mINFO[0m Skip shell extension 'powershell' for command environment: Not usable outside of PowerShell
[0.372s] [34mcolcon.colcon_core.shell[0m [1;30mDEBUG[0m [32mSkip shell extension 'dsv' for command environment[0m
[0.373s] [34mcolcon.colcon_ros.prefix_path.ament[0m [1;30mWARNING[0m [33mThe path '/opt/ros/humble' in the environment variable AMENT_PREFIX_PATH doesn't exist[0m
[0.378s] [34mcolcon.colcon_ros.task.ament_cmake.build[0m [1;30mINFO[0m Building ROS package in '/home/radhae/ws_aic/src/aic/aic_interfaces/aic_engine_interfaces' with build type 'ament_cmake'
[0.378s] [34mcolcon.colcon_cmake.task.cmake.build[0m [1;30mINFO[0m Building CMake package in '/home/radhae/ws_aic/src/aic/aic_interfaces/aic_engine_interfaces'
[0.379s] [34mcolcon.colcon_core.shell[0m [1;30mINFO[0m Skip shell extension 'powershell' for command environment: Not usable outside of PowerShell
[0.379s] [34mcolcon.colcon_core.shell[0m [1;30mDEBUG[0m [32mSkip shell extension 'dsv' for command environment[0m
[0.387s] [34mcolcon.colcon_ros.task.ament_cmake.build[0m [1;30mINFO[0m Building ROS package in '/home/radhae/ws_aic/src/aic/aic_interfaces/aic_task_interfaces' with build type 'ament_cmake'
[0.387s] [34mcolcon.colcon_cmake.task.cmake.build[0m [1;30mINFO[0m Building CMake package in '/home/radhae/ws_aic/src/aic/aic_interfaces/aic_task_interfaces'
[0.387s] [34mcolcon.colcon_core.shell[0m [1;30mINFO[0m Skip shell extension 'powershell' for command environment: Not usable outside of PowerShell
[0.387s] [34mcolcon.colcon_core.shell[0m [1;30mDEBUG[0m [32mSkip shell extension 'dsv' for command environment[0m
[0.395s] [34mcolcon.colcon_ros.task.ament_cmake.build[0m [1;30mINFO[0m Building ROS package in '/home/radhae/ws_aic/src/aic/aic_assets' with build type 'ament_cmake'
[0.395s] [34mcolcon.colcon_cmake.task.cmake.build[0m [1;30mINFO[0m Building CMake package in '/home/radhae/ws_aic/src/aic/aic_assets'
[0.395s] [34mcolcon.colcon_core.shell[0m [1;30mINFO[0m Skip shell extension 'powershell' for command environment: Not usable outside of PowerShell
[0.396s] [34mcolcon.colcon_core.shell[0m [1;30mDEBUG[0m [32mSkip shell extension 'dsv' for command environment[0m
[0.404s] [34mcolcon.colcon_ros.task.ament_cmake.build[0m [1;30mINFO[0m Building ROS package in '/home/radhae/ws_aic/src/aic/aic_utils/aic_training_interfaces' with build type 'ament_cmake'
[0.404s] [34mcolcon.colcon_cmake.task.cmake.build[0m [1;30mINFO[0m Building CMake package in '/home/radhae/ws_aic/src/aic/aic_utils/aic_training_interfaces'
[0.404s] [34mcolcon.colcon_core.shell[0m [1;30mINFO[0m Skip shell extension 'powershell' for command environment: Not usable outside of PowerShell
[0.404s] [34mcolcon.colcon_core.shell[0m [1;30mDEBUG[0m [32mSkip shell extension 'dsv' for command environment[0m
[0.415s] [34mcolcon.colcon_core.event_handler.log_command[0m [1;30mDEBUG[0m [32mInvoking command in '/home/radhae/ws_aic/build/aic_control_interfaces': CMAKE_PREFIX_PATH=${CMAKE_PREFIX_PATH}:/opt/ros/kilted:/home/radhae/ws_aic/src/aic/.pixi/envs/default:/home/radhae/cognipilot/cranium/install/b3rb_ros_line_follower:/opt/ros/humble PS1=\[\e]0;\u@\h: \w\a\]${debian_chroot:+($debian_chroot)}\[\033[01;32m\]\u@\h\[\033[00m\]:\[\033[01;34m\]\w\[\033[00m\]\$ /home/radhae/ws_aic/src/aic/.pixi/envs/default/bin/cmake /home/radhae/ws_aic/src/aic/aic_interfaces/aic_control_interfaces -DCMAKE_INSTALL_PREFIX=/home/radhae/ws_aic/install/aic_control_interfaces[0m
[0.426s] [34mcolcon.colcon_core.event_handler.log_command[0m [1;30mDEBUG[0m [32mInvoking command in '/home/radhae/ws_aic/build/aic_engine_interfaces': CMAKE_PREFIX_PATH=${CMAKE_PREFIX_PATH}:/opt/ros/kilted:/home/radhae/ws_aic/src/aic/.pixi/envs/default:/home/radhae/cognipilot/cranium/install/b3rb_ros_line_follower:/opt/ros/humble PS1=\[\e]0;\u@\h: \w\a\]${debian_chroot:+($debian_chroot)}\[\033[01;32m\]\u@\h\[\033[00m\]:\[\033[01;34m\]\w\[\033[00m\]\$ /home/radhae/ws_aic/src/aic/.pixi/envs/default/bin/cmake /home/radhae/ws_aic/src/aic/aic_interfaces/aic_engine_interfaces -DCMAKE_INSTALL_PREFIX=/home/radhae/ws_aic/install/aic_engine_interfaces[0m
[0.436s] [34mcolcon.colcon_core.event_handler.log_command[0m [1;30mDEBUG[0m [32mInvoking command in '/home/radhae/ws_aic/build/aic_task_interfaces': CMAKE_PREFIX_PATH=${CMAKE_PREFIX_PATH}:/opt/ros/kilted:/home/radhae/ws_aic/src/aic/.pixi/envs/default:/home/radhae/cognipilot/cranium/install/b3rb_ros_line_follower:/opt/ros/humble PS1=\[\e]0;\u@\h: \w\a\]${debian_chroot:+($debian_chroot)}\[\033[01;32m\]\u@\h\[\033[00m\]:\[\033[01;34m\]\w\[\033[00m\]\$ /home/radhae/ws_aic/src/aic/.pixi/envs/default/bin/cmake /home/radhae/ws_aic/src/aic/aic_interfaces/aic_task_interfaces -DCMAKE_INSTALL_PREFIX=/home/radhae/ws_aic/install/aic_task_interfaces[0m
[0.440s] [34mcolcon.colcon_core.event_handler.log_command[0m [1;30mDEBUG[0m [32mInvoking command in '/home/radhae/ws_aic/build/aic_assets': CMAKE_PREFIX_PATH=${CMAKE_PREFIX_PATH}:/opt/ros/kilted:/home/radhae/ws_aic/src/aic/.pixi/envs/default:/home/radhae/cognipilot/cranium/install/b3rb_ros_line_follower:/opt/ros/humble PS1=\[\e]0;\u@\h: \w\a\]${debian_chroot:+($debian_chroot)}\[\033[01;32m\]\u@\h\[\033[00m\]:\[\033[01;34m\]\w\[\033[00m\]\$ /home/radhae/ws_aic/src/aic/.pixi/envs/default/bin/cmake --build /home/radhae/ws_aic/build/aic_assets -- -j12 -l12[0m
[0.454s] [34mcolcon.colcon_core.event_handler.log_command[0m [1;30mDEBUG[0m [32mInvoking command in '/home/radhae/ws_aic/build/aic_training_interfaces': CMAKE_PREFIX_PATH=${CMAKE_PREFIX_PATH}:/opt/ros/kilted:/home/radhae/ws_aic/src/aic/.pixi/envs/default:/home/radhae/cognipilot/cranium/install/b3rb_ros_line_follower:/opt/ros/humble PS1=\[\e]0;\u@\h: \w\a\]${debian_chroot:+($debian_chroot)}\[\033[01;32m\]\u@\h\[\033[00m\]:\[\033[01;34m\]\w\[\033[00m\]\$ /home/radhae/ws_aic/src/aic/.pixi/envs/default/bin/cmake /home/radhae/ws_aic/src/aic/aic_utils/aic_training_interfaces -DCMAKE_INSTALL_PREFIX=/home/radhae/ws_aic/install/aic_training_interfaces[0m
[0.714s] [34mcolcon.colcon_core.event_handler.log_command[0m [1;30mDEBUG[0m [32mInvoked command in '/home/radhae/ws_aic/build/aic_assets' returned '0': CMAKE_PREFIX_PATH=${CMAKE_PREFIX_PATH}:/opt/ros/kilted:/home/radhae/ws_aic/src/aic/.pixi/envs/default:/home/radhae/cognipilot/cranium/install/b3rb_ros_line_follower:/opt/ros/humble PS1=\[\e]0;\u@\h: \w\a\]${debian_chroot:+($debian_chroot)}\[\033[01;32m\]\u@\h\[\033[00m\]:\[\033[01;34m\]\w\[\033[00m\]\$ /home/radhae/ws_aic/src/aic/.pixi/envs/default/bin/cmake --build /home/radhae/ws_aic/build/aic_assets -- -j12 -l12[0m
[0.900s] [34mcolcon.colcon_core.event_handler.log_command[0m [1;30mDEBUG[0m [32mInvoking command in '/home/radhae/ws_aic/build/aic_assets': CMAKE_PREFIX_PATH=${CMAKE_PREFIX_PATH}:/opt/ros/kilted:/home/radhae/ws_aic/src/aic/.pixi/envs/default:/home/radhae/cognipilot/cranium/install/b3rb_ros_line_follower:/opt/ros/humble PS1=\[\e]0;\u@\h: \w\a\]${debian_chroot:+($debian_chroot)}\[\033[01;32m\]\u@\h\[\033[00m\]:\[\033[01;34m\]\w\[\033[00m\]\$ /home/radhae/ws_aic/src/aic/.pixi/envs/default/bin/cmake --install /home/radhae/ws_aic/build/aic_assets[0m
[1.093s] [34mcolcon.colcon_core.environment[0m [1;30mLevel 1[0m create_environment_scripts_only(aic_assets)
[1.093s] [34mcolcon.colcon_core.event_handler.log_command[0m [1;30mDEBUG[0m [32mInvoked command in '/home/radhae/ws_aic/build/aic_assets' returned '0': CMAKE_PREFIX_PATH=${CMAKE_PREFIX_PATH}:/opt/ros/kilted:/home/radhae/ws_aic/src/aic/.pixi/envs/default:/home/radhae/cognipilot/cranium/install/b3rb_ros_line_follower:/opt/ros/humble PS1=\[\e]0;\u@\h: \w\a\]${debian_chroot:+($debian_chroot)}\[\033[01;32m\]\u@\h\[\033[00m\]:\[\033[01;34m\]\w\[\033[00m\]\$ /home/radhae/ws_aic/src/aic/.pixi/envs/default/bin/cmake --install /home/radhae/ws_aic/build/aic_assets[0m
[1.096s] [34mcolcon.colcon_core.environment[0m [1;30mLevel 1[0m checking '/home/radhae/ws_aic/install/aic_assets' for CMake module files
[1.097s] [34mcolcon.colcon_core.environment[0m [1;30mLevel 1[0m checking '/home/radhae/ws_aic/install/aic_assets' for CMake config files
[1.097s] [34mcolcon.colcon_core.shell[0m [1;30mLevel 1[0m create_environment_hook('aic_assets', 'cmake_prefix_path')
[1.097s] [34mcolcon.colcon_core.shell[0m [1;30mINFO[0m Creating environment hook '/home/radhae/ws_aic/install/aic_assets/share/aic_assets/hook/cmake_prefix_path.ps1'
[1.098s] [34mcolcon.colcon_core.shell[0m [1;30mINFO[0m Creating environment descriptor '/home/radhae/ws_aic/install/aic_assets/share/aic_assets/hook/cmake_prefix_path.dsv'
[1.099s] [34mcolcon.colcon_core.shell[0m [1;30mINFO[0m Creating environment hook '/home/radhae/ws_aic/install/aic_assets/share/aic_assets/hook/cmake_prefix_path.sh'
[1.100s] [34mcolcon.colcon_core.environment[0m [1;30mLevel 1[0m checking '/home/radhae/ws_aic/install/aic_assets/bin'
[1.100s] [34mcolcon.colcon_core.environment[0m [1;30mLevel 1[0m checking '/home/radhae/ws_aic/install/aic_assets/lib/pkgconfig/aic_assets.pc'
[1.101s] [34mcolcon.colcon_core.environment[0m [1;30mLevel 1[0m checking '/home/radhae/ws_aic/install/aic_assets/lib/python3.12/site-packages'
[1.101s] [34mcolcon.colcon_core.environment[0m [1;30mLevel 1[0m checking '/home/radhae/ws_aic/install/aic_assets/bin'
[1.102s] [34mcolcon.colcon_core.shell[0m [1;30mINFO[0m Creating package script '/home/radhae/ws_aic/install/aic_assets/share/aic_assets/package.ps1'
[1.103s] [34mcolcon.colcon_core.shell[0m [1;30mINFO[0m Creating package descriptor '/home/radhae/ws_aic/install/aic_assets/share/aic_assets/package.dsv'
[1.103s] [34mcolcon.colcon_core.shell[0m [1;30mINFO[0m Creating package script '/home/radhae/ws_aic/install/aic_assets/share/aic_assets/package.sh'
[1.104s] [34mcolcon.colcon_core.shell[0m [1;30mINFO[0m Creating package script '/home/radhae/ws_aic/install/aic_assets/share/aic_assets/package.bash'
[1.104s] [34mcolcon.colcon_core.shell[0m [1;30mINFO[0m Creating package script '/home/radhae/ws_aic/install/aic_assets/share/aic_assets/package.zsh'
[1.105s] [34mcolcon.colcon_core.environment[0m [1;30mLevel 1[0m create_file_with_runtime_dependencies(/home/radhae/ws_aic/install/aic_assets/share/colcon-core/packages/aic_assets)
[1.105s] [34mcolcon.colcon_core.environment[0m [1;30mLevel 1[0m create_environment_scripts_only(aic_assets)
[1.105s] [34mcolcon.colcon_core.environment[0m [1;30mLevel 1[0m checking '/home/radhae/ws_aic/install/aic_assets' for CMake module files
[1.106s] [34mcolcon.colcon_core.environment[0m [1;30mLevel 1[0m checking '/home/radhae/ws_aic/install/aic_assets' for CMake config files
[1.106s] [34mcolcon.colcon_core.shell[0m [1;30mLevel 1[0m create_environment_hook('aic_assets', 'cmake_prefix_path')
[1.106s] [34mcolcon.colcon_core.shell[0m [1;30mINFO[0m Creating environment hook '/home/radhae/ws_aic/install/aic_assets/share/aic_assets/hook/cmake_prefix_path.ps1'
[1.106s] [34mcolcon.colcon_core.shell[0m [1;30mINFO[0m Creating environment descriptor '/home/radhae/ws_aic/install/aic_assets/share/aic_assets/hook/cmake_prefix_path.dsv'
[1.107s] [34mcolcon.colcon_core.shell[0m [1;30mINFO[0m Creating environment hook '/home/radhae/ws_aic/install/aic_assets/share/aic_assets/hook/cmake_prefix_path.sh'
[1.107s] [34mcolcon.colcon_core.environment[0m [1;30mLevel 1[0m checking '/home/radhae/ws_aic/install/aic_assets/bin'
[1.107s] [34mcolcon.colcon_core.environment[0m [1;30mLevel 1[0m checking '/home/radhae/ws_aic/install/aic_assets/lib/pkgconfig/aic_assets.pc'
[1.108s] [34mcolcon.colcon_core.environment[0m [1;30mLevel 1[0m checking '/home/radhae/ws_aic/install/aic_assets/lib/python3.12/site-packages'
[1.108s] [34mcolcon.colcon_core.environment[0m [1;30mLevel 1[0m checking '/home/radhae/ws_aic/install/aic_assets/bin'
[1.108s] [34mcolcon.colcon_core.shell[0m [1;30mINFO[0m Creating package script '/home/radhae/ws_aic/install/aic_assets/share/aic_assets/package.ps1'
[1.109s] [34mcolcon.colcon_core.shell[0m [1;30mINFO[0m Creating package descriptor '/home/radhae/ws_aic/install/aic_assets/share/aic_assets/package.dsv'
[1.109s] [34mcolcon.colcon_core.shell[0m [1;30mINFO[0m Creating package script '/home/radhae/ws_aic/install/aic_assets/share/aic_assets/package.sh'
[1.110s] [34mcolcon.colcon_core.shell[0m [1;30mINFO[0m Creating package script '/home/radhae/ws_aic/install/aic_assets/share/aic_assets/package.bash'
[1.110s] [34mcolcon.colcon_core.shell[0m [1;30mINFO[0m Creating package script '/home/radhae/ws_aic/install/aic_assets/share/aic_assets/package.zsh'
[1.110s] [34mcolcon.colcon_core.environment[0m [1;30mLevel 1[0m create_file_with_runtime_dependencies(/home/radhae/ws_aic/install/aic_assets/share/colcon-core/packages/aic_assets)
[6.610s] [34mcolcon.colcon_core.event_handler.log_command[0m [1;30mDEBUG[0m [32mInvoked command in '/home/radhae/ws_aic/build/aic_training_interfaces' returned '0': CMAKE_PREFIX_PATH=${CMAKE_PREFIX_PATH}:/opt/ros/kilted:/home/radhae/ws_aic/src/aic/.pixi/envs/default:/home/radhae/cognipilot/cranium/install/b3rb_ros_line_follower:/opt/ros/humble PS1=\[\e]0;\u@\h: \w\a\]${debian_chroot:+($debian_chroot)}\[\033[01;32m\]\u@\h\[\033[00m\]:\[\033[01;34m\]\w\[\033[00m\]\$ /home/radhae/ws_aic/src/aic/.pixi/envs/default/bin/cmake /home/radhae/ws_aic/src/aic/aic_utils/aic_training_interfaces -DCMAKE_INSTALL_PREFIX=/home/radhae/ws_aic/install/aic_training_interfaces[0m
[6.611s] [34mcolcon.colcon_core.event_handler.log_command[0m [1;30mDEBUG[0m [32mInvoking command in '/home/radhae/ws_aic/build/aic_training_interfaces': CMAKE_PREFIX_PATH=${CMAKE_PREFIX_PATH}:/opt/ros/kilted:/home/radhae/ws_aic/src/aic/.pixi/envs/default:/home/radhae/cognipilot/cranium/install/b3rb_ros_line_follower:/opt/ros/humble PS1=\[\e]0;\u@\h: \w\a\]${debian_chroot:+($debian_chroot)}\[\033[01;32m\]\u@\h\[\033[00m\]:\[\033[01;34m\]\w\[\033[00m\]\$ /home/radhae/ws_aic/src/aic/.pixi/envs/default/bin/cmake --build /home/radhae/ws_aic/build/aic_training_interfaces -- -j12 -l12[0m
[7.021s] [34mcolcon.colcon_core.event_handler.log_command[0m [1;30mDEBUG[0m [32mInvoked command in '/home/radhae/ws_aic/build/aic_task_interfaces' returned '0': CMAKE_PREFIX_PATH=${CMAKE_PREFIX_PATH}:/opt/ros/kilted:/home/radhae/ws_aic/src/aic/.pixi/envs/default:/home/radhae/cognipilot/cranium/install/b3rb_ros_line_follower:/opt/ros/humble PS1=\[\e]0;\u@\h: \w\a\]${debian_chroot:+($debian_chroot)}\[\033[01;32m\]\u@\h\[\033[00m\]:\[\033[01;34m\]\w\[\033[00m\]\$ /home/radhae/ws_aic/src/aic/.pixi/envs/default/bin/cmake /home/radhae/ws_aic/src/aic/aic_interfaces/aic_task_interfaces -DCMAKE_INSTALL_PREFIX=/home/radhae/ws_aic/install/aic_task_interfaces[0m
[7.023s] [34mcolcon.colcon_core.event_handler.log_command[0m [1;30mDEBUG[0m [32mInvoking command in '/home/radhae/ws_aic/build/aic_task_interfaces': CMAKE_PREFIX_PATH=${CMAKE_PREFIX_PATH}:/opt/ros/kilted:/home/radhae/ws_aic/src/aic/.pixi/envs/default:/home/radhae/cognipilot/cranium/install/b3rb_ros_line_follower:/opt/ros/humble PS1=\[\e]0;\u@\h: \w\a\]${debian_chroot:+($debian_chroot)}\[\033[01;32m\]\u@\h\[\033[00m\]:\[\033[01;34m\]\w\[\033[00m\]\$ /home/radhae/ws_aic/src/aic/.pixi/envs/default/bin/cmake --build /home/radhae/ws_aic/build/aic_task_interfaces -- -j12 -l12[0m
[7.196s] [34mcolcon.colcon_core.event_handler.log_command[0m [1;30mDEBUG[0m [32mInvoked command in '/home/radhae/ws_aic/build/aic_engine_interfaces' returned '0': CMAKE_PREFIX_PATH=${CMAKE_PREFIX_PATH}:/opt/ros/kilted:/home/radhae/ws_aic/src/aic/.pixi/envs/default:/home/radhae/cognipilot/cranium/install/b3rb_ros_line_follower:/opt/ros/humble PS1=\[\e]0;\u@\h: \w\a\]${debian_chroot:+($debian_chroot)}\[\033[01;32m\]\u@\h\[\033[00m\]:\[\033[01;34m\]\w\[\033[00m\]\$ /home/radhae/ws_aic/src/aic/.pixi/envs/default/bin/cmake /home/radhae/ws_aic/src/aic/aic_interfaces/aic_engine_interfaces -DCMAKE_INSTALL_PREFIX=/home/radhae/ws_aic/install/aic_engine_interfaces[0m
[7.197s] [34mcolcon.colcon_core.event_handler.log_command[0m [1;30mDEBUG[0m [32mInvoking command in '/home/radhae/ws_aic/build/aic_engine_interfaces': CMAKE_PREFIX_PATH=${CMAKE_PREFIX_PATH}:/opt/ros/kilted:/home/radhae/ws_aic/src/aic/.pixi/envs/default:/home/radhae/cognipilot/cranium/install/b3rb_ros_line_follower:/opt/ros/humble PS1=\[\e]0;\u@\h: \w\a\]${debian_chroot:+($debian_chroot)}\[\033[01;32m\]\u@\h\[\033[00m\]:\[\033[01;34m\]\w\[\033[00m\]\$ /home/radhae/ws_aic/src/aic/.pixi/envs/default/bin/cmake --build /home/radhae/ws_aic/build/aic_engine_interfaces -- -j12 -l12[0m
[7.532s] [34mcolcon.colcon_core.event_handler.log_command[0m [1;30mDEBUG[0m [32mInvoked command in '/home/radhae/ws_aic/build/aic_control_interfaces' returned '0': CMAKE_PREFIX_PATH=${CMAKE_PREFIX_PATH}:/opt/ros/kilted:/home/radhae/ws_aic/src/aic/.pixi/envs/default:/home/radhae/cognipilot/cranium/install/b3rb_ros_line_follower:/opt/ros/humble PS1=\[\e]0;\u@\h: \w\a\]${debian_chroot:+($debian_chroot)}\[\033[01;32m\]\u@\h\[\033[00m\]:\[\033[01;34m\]\w\[\033[00m\]\$ /home/radhae/ws_aic/src/aic/.pixi/envs/default/bin/cmake /home/radhae/ws_aic/src/aic/aic_interfaces/aic_control_interfaces -DCMAKE_INSTALL_PREFIX=/home/radhae/ws_aic/install/aic_control_interfaces[0m
[7.534s] [34mcolcon.colcon_core.event_handler.log_command[0m [1;30mDEBUG[0m [32mInvoking command in '/home/radhae/ws_aic/build/aic_control_interfaces': CMAKE_PREFIX_PATH=${CMAKE_PREFIX_PATH}:/opt/ros/kilted:/home/radhae/ws_aic/src/aic/.pixi/envs/default:/home/radhae/cognipilot/cranium/install/b3rb_ros_line_follower:/opt/ros/humble PS1=\[\e]0;\u@\h: \w\a\]${debian_chroot:+($debian_chroot)}\[\033[01;32m\]\u@\h\[\033[00m\]:\[\033[01;34m\]\w\[\033[00m\]\$ /home/radhae/ws_aic/src/aic/.pixi/envs/default/bin/cmake --build /home/radhae/ws_aic/build/aic_control_interfaces -- -j12 -l12[0m
[15.623s] [34mcolcon.colcon_core.event_handler.log_command[0m [1;30mDEBUG[0m [32mInvoked command in '/home/radhae/ws_aic/build/aic_training_interfaces' returned '0': CMAKE_PREFIX_PATH=${CMAKE_PREFIX_PATH}:/opt/ros/kilted:/home/radhae/ws_aic/src/aic/.pixi/envs/default:/home/radhae/cognipilot/cranium/install/b3rb_ros_line_follower:/opt/ros/humble PS1=\[\e]0;\u@\h: \w\a\]${debian_chroot:+($debian_chroot)}\[\033[01;32m\]\u@\h\[\033[00m\]:\[\033[01;34m\]\w\[\033[00m\]\$ /home/radhae/ws_aic/src/aic/.pixi/envs/default/bin/cmake --build /home/radhae/ws_aic/build/aic_training_interfaces -- -j12 -l12[0m
[15.625s] [34mcolcon.colcon_core.event_handler.log_command[0m [1;30mDEBUG[0m [32mInvoking command in '/home/radhae/ws_aic/build/aic_training_interfaces': CMAKE_PREFIX_PATH=${CMAKE_PREFIX_PATH}:/opt/ros/kilted:/home/radhae/ws_aic/src/aic/.pixi/envs/default:/home/radhae/cognipilot/cranium/install/b3rb_ros_line_follower:/opt/ros/humble PS1=\[\e]0;\u@\h: \w\a\]${debian_chroot:+($debian_chroot)}\[\033[01;32m\]\u@\h\[\033[00m\]:\[\033[01;34m\]\w\[\033[00m\]\$ /home/radhae/ws_aic/src/aic/.pixi/envs/default/bin/cmake --install /home/radhae/ws_aic/build/aic_training_interfaces[0m
[16.005s] [34mcolcon.colcon_core.environment[0m [1;30mLevel 1[0m create_environment_scripts_only(aic_training_interfaces)
[16.005s] [34mcolcon.colcon_core.environment[0m [1;30mLevel 1[0m checking '/home/radhae/ws_aic/install/aic_training_interfaces' for CMake module files
[16.006s] [34mcolcon.colcon_core.event_handler.log_command[0m [1;30mDEBUG[0m [32mInvoked command in '/home/radhae/ws_aic/build/aic_training_interfaces' returned '0': CMAKE_PREFIX_PATH=${CMAKE_PREFIX_PATH}:/opt/ros/kilted:/home/radhae/ws_aic/src/aic/.pixi/envs/default:/home/radhae/cognipilot/cranium/install/b3rb_ros_line_follower:/opt/ros/humble PS1=\[\e]0;\u@\h: \w\a\]${debian_chroot:+($debian_chroot)}\[\033[01;32m\]\u@\h\[\033[00m\]:\[\033[01;34m\]\w\[\033[00m\]\$ /home/radhae/ws_aic/src/aic/.pixi/envs/default/bin/cmake --install /home/radhae/ws_aic/build/aic_training_interfaces[0m
[16.006s] [34mcolcon.colcon_core.environment[0m [1;30mLevel 1[0m checking '/home/radhae/ws_aic/install/aic_training_interfaces' for CMake config files
[16.007s] [34mcolcon.colcon_core.shell[0m [1;30mLevel 1[0m create_environment_hook('aic_training_interfaces', 'cmake_prefix_path')
[16.007s] [34mcolcon.colcon_core.shell[0m [1;30mINFO[0m Creating environment hook '/home/radhae/ws_aic/install/aic_training_interfaces/share/aic_training_interfaces/hook/cmake_prefix_path.ps1'
[16.007s] [34mcolcon.colcon_core.shell[0m [1;30mINFO[0m Creating environment descriptor '/home/radhae/ws_aic/install/aic_training_interfaces/share/aic_training_interfaces/hook/cmake_prefix_path.dsv'
[16.008s] [34mcolcon.colcon_core.shell[0m [1;30mINFO[0m Creating environment hook '/home/radhae/ws_aic/install/aic_training_interfaces/share/aic_training_interfaces/hook/cmake_prefix_path.sh'
[16.008s] [34mcolcon.colcon_core.environment[0m [1;30mLevel 1[0m checking '/home/radhae/ws_aic/install/aic_training_interfaces/lib'
[16.008s] [34mcolcon.colcon_core.shell[0m [1;30mLevel 1[0m create_environment_hook('aic_training_interfaces', 'ld_library_path_lib')
[16.008s] [34mcolcon.colcon_core.shell[0m [1;30mINFO[0m Creating environment hook '/home/radhae/ws_aic/install/aic_training_interfaces/share/aic_training_interfaces/hook/ld_library_path_lib.ps1'
[16.009s] [34mcolcon.colcon_core.shell[0m [1;30mINFO[0m Creating environment descriptor '/home/radhae/ws_aic/install/aic_training_interfaces/share/aic_training_interfaces/hook/ld_library_path_lib.dsv'
[16.009s] [34mcolcon.colcon_core.shell[0m [1;30mINFO[0m Creating environment hook '/home/radhae/ws_aic/install/aic_training_interfaces/share/aic_training_interfaces/hook/ld_library_path_lib.sh'
[16.009s] [34mcolcon.colcon_core.environment[0m [1;30mLevel 1[0m checking '/home/radhae/ws_aic/install/aic_training_interfaces/bin'
[16.009s] [34mcolcon.colcon_core.environment[0m [1;30mLevel 1[0m checking '/home/radhae/ws_aic/install/aic_training_interfaces/lib/pkgconfig/aic_training_interfaces.pc'
[16.010s] [34mcolcon.colcon_core.environment[0m [1;30mLevel 1[0m checking '/home/radhae/ws_aic/install/aic_training_interfaces/lib/python3.12/site-packages'
[16.010s] [34mcolcon.colcon_core.shell[0m [1;30mLevel 1[0m create_environment_hook('aic_training_interfaces', 'pythonpath')
[16.010s] [34mcolcon.colcon_core.shell[0m [1;30mINFO[0m Creating environment hook '/home/radhae/ws_aic/install/aic_training_interfaces/share/aic_training_interfaces/hook/pythonpath.ps1'
[16.010s] [34mcolcon.colcon_core.shell[0m [1;30mINFO[0m Creating environment descriptor '/home/radhae/ws_aic/install/aic_training_interfaces/share/aic_training_interfaces/hook/pythonpath.dsv'
[16.011s] [34mcolcon.colcon_core.shell[0m [1;30mINFO[0m Creating environment hook '/home/radhae/ws_aic/install/aic_training_interfaces/share/aic_training_interfaces/hook/pythonpath.sh'
[16.011s] [34mcolcon.colcon_core.environment[0m [1;30mLevel 1[0m checking '/home/radhae/ws_aic/install/aic_training_interfaces/bin'
[16.011s] [34mcolcon.colcon_core.shell[0m [1;30mINFO[0m Creating package script '/home/radhae/ws_aic/install/aic_training_interfaces/share/aic_training_interfaces/package.ps1'
[16.012s] [34mcolcon.colcon_core.shell[0m [1;30mINFO[0m Creating package descriptor '/home/radhae/ws_aic/install/aic_training_interfaces/share/aic_training_interfaces/package.dsv'
[16.012s] [34mcolcon.colcon_core.shell[0m [1;30mINFO[0m Creating package script '/home/radhae/ws_aic/install/aic_training_interfaces/share/aic_training_interfaces/package.sh'
[16.013s] [34mcolcon.colcon_core.shell[0m [1;30mINFO[0m Creating package script '/home/radhae/ws_aic/install/aic_training_interfaces/share/aic_training_interfaces/package.bash'
[16.013s] [34mcolcon.colcon_core.shell[0m [1;30mINFO[0m Creating package script '/home/radhae/ws_aic/install/aic_training_interfaces/share/aic_training_interfaces/package.zsh'
[16.013s] [34mcolcon.colcon_core.environment[0m [1;30mLevel 1[0m create_file_with_runtime_dependencies(/home/radhae/ws_aic/install/aic_training_interfaces/share/colcon-core/packages/aic_training_interfaces)
[16.014s] [34mcolcon.colcon_core.environment[0m [1;30mLevel 1[0m create_environment_scripts_only(aic_training_interfaces)
[16.014s] [34mcolcon.colcon_core.environment[0m [1;30mLevel 1[0m checking '/home/radhae/ws_aic/install/aic_training_interfaces' for CMake module files
[16.015s] [34mcolcon.colcon_core.environment[0m [1;30mLevel 1[0m checking '/home/radhae/ws_aic/install/aic_training_interfaces' for CMake config files
[16.015s] [34mcolcon.colcon_core.shell[0m [1;30mLevel 1[0m create_environment_hook('aic_training_interfaces', 'cmake_prefix_path')
[16.015s] [34mcolcon.colcon_core.shell[0m [1;30mINFO[0m Creating environment hook '/home/radhae/ws_aic/install/aic_training_interfaces/share/aic_training_interfaces/hook/cmake_prefix_path.ps1'
[16.016s] [34mcolcon.colcon_core.shell[0m [1;30mINFO[0m Creating environment descriptor '/home/radhae/ws_aic/install/aic_training_interfaces/share/aic_training_interfaces/hook/cmake_prefix_path.dsv'
[16.016s] [34mcolcon.colcon_core.shell[0m [1;30mINFO[0m Creating environment hook '/home/radhae/ws_aic/install/aic_training_interfaces/share/aic_training_interfaces/hook/cmake_prefix_path.sh'
[16.017s] [34mcolcon.colcon_core.environment[0m [1;30mLevel 1[0m checking '/home/radhae/ws_aic/install/aic_training_interfaces/lib'
[16.017s] [34mcolcon.colcon_core.shell[0m [1;30mLevel 1[0m create_environment_hook('aic_training_interfaces', 'ld_library_path_lib')
[16.017s] [34mcolcon.colcon_core.shell[0m [1;30mINFO[0m Creating environment hook '/home/radhae/ws_aic/install/aic_training_interfaces/share/aic_training_interfaces/hook/ld_library_path_lib.ps1'
[16.017s] [34mcolcon.colcon_core.shell[0m [1;30mINFO[0m Creating environment descriptor '/home/radhae/ws_aic/install/aic_training_interfaces/share/aic_training_interfaces/hook/ld_library_path_lib.dsv'
[16.018s] [34mcolcon.colcon_core.shell[0m [1;30mINFO[0m Creating environment hook '/home/radhae/ws_aic/install/aic_training_interfaces/share/aic_training_interfaces/hook/ld_library_path_lib.sh'
[16.018s] [34mcolcon.colcon_core.environment[0m [1;30mLevel 1[0m checking '/home/radhae/ws_aic/install/aic_training_interfaces/bin'
[16.018s] [34mcolcon.colcon_core.environment[0m [1;30mLevel 1[0m checking '/home/radhae/ws_aic/install/aic_training_interfaces/lib/pkgconfig/aic_training_interfaces.pc'
[16.018s] [34mcolcon.colcon_core.environment[0m [1;30mLevel 1[0m checking '/home/radhae/ws_aic/install/aic_training_interfaces/lib/python3.12/site-packages'
[16.019s] [34mcolcon.colcon_core.shell[0m [1;30mLevel 1[0m create_environment_hook('aic_training_interfaces', 'pythonpath')
[16.019s] [34mcolcon.colcon_core.shell[0m [1;30mINFO[0m Creating environment hook '/home/radhae/ws_aic/install/aic_training_interfaces/share/aic_training_interfaces/hook/pythonpath.ps1'
[16.019s] [34mcolcon.colcon_core.shell[0m [1;30mINFO[0m Creating environment descriptor '/home/radhae/ws_aic/install/aic_training_interfaces/share/aic_training_interfaces/hook/pythonpath.dsv'
[16.019s] [34mcolcon.colcon_core.shell[0m [1;30mINFO[0m Creating environment hook '/home/radhae/ws_aic/install/aic_training_interfaces/share/aic_training_interfaces/hook/pythonpath.sh'
[16.020s] [34mcolcon.colcon_core.environment[0m [1;30mLevel 1[0m checking '/home/radhae/ws_aic/install/aic_training_interfaces/bin'
[16.020s] [34mcolcon.colcon_core.shell[0m [1;30mINFO[0m Creating package script '/home/radhae/ws_aic/install/aic_training_interfaces/share/aic_training_interfaces/package.ps1'
[16.021s] [34mcolcon.colcon_core.shell[0m [1;30mINFO[0m Creating package descriptor '/home/radhae/ws_aic/install/aic_training_interfaces/share/aic_training_interfaces/package.dsv'
[16.022s] [34mcolcon.colcon_core.shell[0m [1;30mINFO[0m Creating package script '/home/radhae/ws_aic/install/aic_training_interfaces/share/aic_training_interfaces/package.sh'
[16.022s] [34mcolcon.colcon_core.shell[0m [1;30mINFO[0m Creating package script '/home/radhae/ws_aic/install/aic_training_interfaces/share/aic_training_interfaces/package.bash'
[16.022s] [34mcolcon.colcon_core.shell[0m [1;30mINFO[0m Creating package script '/home/radhae/ws_aic/install/aic_training_interfaces/share/aic_training_interfaces/package.zsh'
[16.023s] [34mcolcon.colcon_core.environment[0m [1;30mLevel 1[0m create_file_with_runtime_dependencies(/home/radhae/ws_aic/install/aic_training_interfaces/share/colcon-core/packages/aic_training_interfaces)
[16.391s] [34mcolcon.colcon_core.event_handler.log_command[0m [1;30mDEBUG[0m [32mInvoked command in '/home/radhae/ws_aic/build/aic_engine_interfaces' returned '0': CMAKE_PREFIX_PATH=${CMAKE_PREFIX_PATH}:/opt/ros/kilted:/home/radhae/ws_aic/src/aic/.pixi/envs/default:/home/radhae/cognipilot/cranium/install/b3rb_ros_line_follower:/opt/ros/humble PS1=\[\e]0;\u@\h: \w\a\]${debian_chroot:+($debian_chroot)}\[\033[01;32m\]\u@\h\[\033[00m\]:\[\033[01;34m\]\w\[\033[00m\]\$ /home/radhae/ws_aic/src/aic/.pixi/envs/default/bin/cmake --build /home/radhae/ws_aic/build/aic_engine_interfaces -- -j12 -l12[0m
[16.393s] [34mcolcon.colcon_core.event_handler.log_command[0m [1;30mDEBUG[0m [32mInvoking command in '/home/radhae/ws_aic/build/aic_engine_interfaces': CMAKE_PREFIX_PATH=${CMAKE_PREFIX_PATH}:/opt/ros/kilted:/home/radhae/ws_aic/src/aic/.pixi/envs/default:/home/radhae/cognipilot/cranium/install/b3rb_ros_line_follower:/opt/ros/humble PS1=\[\e]0;\u@\h: \w\a\]${debian_chroot:+($debian_chroot)}\[\033[01;32m\]\u@\h\[\033[00m\]:\[\033[01;34m\]\w\[\033[00m\]\$ /home/radhae/ws_aic/src/aic/.pixi/envs/default/bin/cmake --install /home/radhae/ws_aic/build/aic_engine_interfaces[0m
[16.683s] [34mcolcon.colcon_core.environment[0m [1;30mLevel 1[0m create_environment_scripts_only(aic_engine_interfaces)
[16.683s] [34mcolcon.colcon_core.environment[0m [1;30mLevel 1[0m checking '/home/radhae/ws_aic/install/aic_engine_interfaces' for CMake module files
[16.683s] [34mcolcon.colcon_core.event_handler.log_command[0m [1;30mDEBUG[0m [32mInvoked command in '/home/radhae/ws_aic/build/aic_engine_interfaces' returned '0': CMAKE_PREFIX_PATH=${CMAKE_PREFIX_PATH}:/opt/ros/kilted:/home/radhae/ws_aic/src/aic/.pixi/envs/default:/home/radhae/cognipilot/cranium/install/b3rb_ros_line_follower:/opt/ros/humble PS1=\[\e]0;\u@\h: \w\a\]${debian_chroot:+($debian_chroot)}\[\033[01;32m\]\u@\h\[\033[00m\]:\[\033[01;34m\]\w\[\033[00m\]\$ /home/radhae/ws_aic/src/aic/.pixi/envs/default/bin/cmake --install /home/radhae/ws_aic/build/aic_engine_interfaces[0m
[16.684s] [34mcolcon.colcon_core.environment[0m [1;30mLevel 1[0m checking '/home/radhae/ws_aic/install/aic_engine_interfaces' for CMake config files
[16.684s] [34mcolcon.colcon_core.shell[0m [1;30mLevel 1[0m create_environment_hook('aic_engine_interfaces', 'cmake_prefix_path')
[16.685s] [34mcolcon.colcon_core.shell[0m [1;30mINFO[0m Creating environment hook '/home/radhae/ws_aic/install/aic_engine_interfaces/share/aic_engine_interfaces/hook/cmake_prefix_path.ps1'
[16.685s] [34mcolcon.colcon_core.shell[0m [1;30mINFO[0m Creating environment descriptor '/home/radhae/ws_aic/install/aic_engine_interfaces/share/aic_engine_interfaces/hook/cmake_prefix_path.dsv'
[16.685s] [34mcolcon.colcon_core.shell[0m [1;30mINFO[0m Creating environment hook '/home/radhae/ws_aic/install/aic_engine_interfaces/share/aic_engine_interfaces/hook/cmake_prefix_path.sh'
[16.686s] [34mcolcon.colcon_core.environment[0m [1;30mLevel 1[0m checking '/home/radhae/ws_aic/install/aic_engine_interfaces/lib'
[16.686s] [34mcolcon.colcon_core.shell[0m [1;30mLevel 1[0m create_environment_hook('aic_engine_interfaces', 'ld_library_path_lib')
[16.686s] [34mcolcon.colcon_core.shell[0m [1;30mINFO[0m Creating environment hook '/home/radhae/ws_aic/install/aic_engine_interfaces/share/aic_engine_interfaces/hook/ld_library_path_lib.ps1'
[16.687s] [34mcolcon.colcon_core.shell[0m [1;30mINFO[0m Creating environment descriptor '/home/radhae/ws_aic/install/aic_engine_interfaces/share/aic_engine_interfaces/hook/ld_library_path_lib.dsv'
[16.687s] [34mcolcon.colcon_core.shell[0m [1;30mINFO[0m Creating environment hook '/home/radhae/ws_aic/install/aic_engine_interfaces/share/aic_engine_interfaces/hook/ld_library_path_lib.sh'
[16.687s] [34mcolcon.colcon_core.environment[0m [1;30mLevel 1[0m checking '/home/radhae/ws_aic/install/aic_engine_interfaces/bin'
[16.687s] [34mcolcon.colcon_core.environment[0m [1;30mLevel 1[0m checking '/home/radhae/ws_aic/install/aic_engine_interfaces/lib/pkgconfig/aic_engine_interfaces.pc'
[16.688s] [34mcolcon.colcon_core.environment[0m [1;30mLevel 1[0m checking '/home/radhae/ws_aic/install/aic_engine_interfaces/lib/python3.12/site-packages'
[16.688s] [34mcolcon.colcon_core.shell[0m [1;30mLevel 1[0m create_environment_hook('aic_engine_interfaces', 'pythonpath')
[16.688s] [34mcolcon.colcon_core.shell[0m [1;30mINFO[0m Creating environment hook '/home/radhae/ws_aic/install/aic_engine_interfaces/share/aic_engine_interfaces/hook/pythonpath.ps1'
[16.688s] [34mcolcon.colcon_core.shell[0m [1;30mINFO[0m Creating environment descriptor '/home/radhae/ws_aic/install/aic_engine_interfaces/share/aic_engine_interfaces/hook/pythonpath.dsv'
[16.688s] [34mcolcon.colcon_core.shell[0m [1;30mINFO[0m Creating environment hook '/home/radhae/ws_aic/install/aic_engine_interfaces/share/aic_engine_interfaces/hook/pythonpath.sh'
[16.689s] [34mcolcon.colcon_core.environment[0m [1;30mLevel 1[0m checking '/home/radhae/ws_aic/install/aic_engine_interfaces/bin'
[16.689s] [34mcolcon.colcon_core.shell[0m [1;30mINFO[0m Creating package script '/home/radhae/ws_aic/install/aic_engine_interfaces/share/aic_engine_interfaces/package.ps1'
[16.690s] [34mcolcon.colcon_core.shell[0m [1;30mINFO[0m Creating package descriptor '/home/radhae/ws_aic/install/aic_engine_interfaces/share/aic_engine_interfaces/package.dsv'
[16.690s] [34mcolcon.colcon_core.shell[0m [1;30mINFO[0m Creating package script '/home/radhae/ws_aic/install/aic_engine_interfaces/share/aic_engine_interfaces/package.sh'
[16.690s] [34mcolcon.colcon_core.shell[0m [1;30mINFO[0m Creating package script '/home/radhae/ws_aic/install/aic_engine_interfaces/share/aic_engine_interfaces/package.bash'
[16.690s] [34mcolcon.colcon_core.shell[0m [1;30mINFO[0m Creating package script '/home/radhae/ws_aic/install/aic_engine_interfaces/share/aic_engine_interfaces/package.zsh'
[16.691s] [34mcolcon.colcon_core.environment[0m [1;30mLevel 1[0m create_file_with_runtime_dependencies(/home/radhae/ws_aic/install/aic_engine_interfaces/share/colcon-core/packages/aic_engine_interfaces)
[16.691s] [34mcolcon.colcon_core.environment[0m [1;30mLevel 1[0m create_environment_scripts_only(aic_engine_interfaces)
[16.691s] [34mcolcon.colcon_core.environment[0m [1;30mLevel 1[0m checking '/home/radhae/ws_aic/install/aic_engine_interfaces' for CMake module files
[16.691s] [34mcolcon.colcon_core.environment[0m [1;30mLevel 1[0m checking '/home/radhae/ws_aic/install/aic_engine_interfaces' for CMake config files
[16.692s] [34mcolcon.colcon_core.shell[0m [1;30mLevel 1[0m create_environment_hook('aic_engine_interfaces', 'cmake_prefix_path')
[16.692s] [34mcolcon.colcon_core.shell[0m [1;30mINFO[0m Creating environment hook '/home/radhae/ws_aic/install/aic_engine_interfaces/share/aic_engine_interfaces/hook/cmake_prefix_path.ps1'
[16.692s] [34mcolcon.colcon_core.shell[0m [1;30mINFO[0m Creating environment descriptor '/home/radhae/ws_aic/install/aic_engine_interfaces/share/aic_engine_interfaces/hook/cmake_prefix_path.dsv'
[16.693s] [34mcolcon.colcon_core.shell[0m [1;30mINFO[0m Creating environment hook '/home/radhae/ws_aic/install/aic_engine_interfaces/share/aic_engine_interfaces/hook/cmake_prefix_path.sh'
[16.693s] [34mcolcon.colcon_core.environment[0m [1;30mLevel 1[0m checking '/home/radhae/ws_aic/install/aic_engine_interfaces/lib'
[16.693s] [34mcolcon.colcon_core.shell[0m [1;30mLevel 1[0m create_environment_hook('aic_engine_interfaces', 'ld_library_path_lib')
[16.693s] [34mcolcon.colcon_core.shell[0m [1;30mINFO[0m Creating environment hook '/home/radhae/ws_aic/install/aic_engine_interfaces/share/aic_engine_interfaces/hook/ld_library_path_lib.ps1'
[16.693s] [34mcolcon.colcon_core.shell[0m [1;30mINFO[0m Creating environment descriptor '/home/radhae/ws_aic/install/aic_engine_interfaces/share/aic_engine_interfaces/hook/ld_library_path_lib.dsv'
[16.694s] [34mcolcon.colcon_core.shell[0m [1;30mINFO[0m Creating environment hook '/home/radhae/ws_aic/install/aic_engine_interfaces/share/aic_engine_interfaces/hook/ld_library_path_lib.sh'
[16.694s] [34mcolcon.colcon_core.environment[0m [1;30mLevel 1[0m checking '/home/radhae/ws_aic/install/aic_engine_interfaces/bin'
[16.694s] [34mcolcon.colcon_core.environment[0m [1;30mLevel 1[0m checking '/home/radhae/ws_aic/install/aic_engine_interfaces/lib/pkgconfig/aic_engine_interfaces.pc'
[16.694s] [34mcolcon.colcon_core.environment[0m [1;30mLevel 1[0m checking '/home/radhae/ws_aic/install/aic_engine_interfaces/lib/python3.12/site-packages'
[16.694s] [34mcolcon.colcon_core.shell[0m [1;30mLevel 1[0m create_environment_hook('aic_engine_interfaces', 'pythonpath')
[16.694s] [34mcolcon.colcon_core.shell[0m [1;30mINFO[0m Creating environment hook '/home/radhae/ws_aic/install/aic_engine_interfaces/share/aic_engine_interfaces/hook/pythonpath.ps1'
[16.694s] [34mcolcon.colcon_core.shell[0m [1;30mINFO[0m Creating environment descriptor '/home/radhae/ws_aic/install/aic_engine_interfaces/share/aic_engine_interfaces/hook/pythonpath.dsv'
[16.695s] [34mcolcon.colcon_core.shell[0m [1;30mINFO[0m Creating environment hook '/home/radhae/ws_aic/install/aic_engine_interfaces/share/aic_engine_interfaces/hook/pythonpath.sh'
[16.695s] [34mcolcon.colcon_core.environment[0m [1;30mLevel 1[0m checking '/home/radhae/ws_aic/install/aic_engine_interfaces/bin'
[16.696s] [34mcolcon.colcon_core.shell[0m [1;30mINFO[0m Creating package script '/home/radhae/ws_aic/install/aic_engine_interfaces/share/aic_engine_interfaces/package.ps1'
[16.696s] [34mcolcon.colcon_core.shell[0m [1;30mINFO[0m Creating package descriptor '/home/radhae/ws_aic/install/aic_engine_interfaces/share/aic_engine_interfaces/package.dsv'
[16.697s] [34mcolcon.colcon_core.shell[0m [1;30mINFO[0m Creating package script '/home/radhae/ws_aic/install/aic_engine_interfaces/share/aic_engine_interfaces/package.sh'
[16.697s] [34mcolcon.colcon_core.shell[0m [1;30mINFO[0m Creating package script '/home/radhae/ws_aic/install/aic_engine_interfaces/share/aic_engine_interfaces/package.bash'
[16.697s] [34mcolcon.colcon_core.shell[0m [1;30mINFO[0m Creating package script '/home/radhae/ws_aic/install/aic_engine_interfaces/share/aic_engine_interfaces/package.zsh'
[16.698s] [34mcolcon.colcon_core.environment[0m [1;30mLevel 1[0m create_file_with_runtime_dependencies(/home/radhae/ws_aic/install/aic_engine_interfaces/share/colcon-core/packages/aic_engine_interfaces)
[16.699s] [34mcolcon.colcon_ros.task.ament_cmake.build[0m [1;30mINFO[0m Building ROS package in '/home/radhae/ws_aic/src/aic/aic_gazebo' with build type 'ament_cmake'
[16.699s] [34mcolcon.colcon_cmake.task.cmake.build[0m [1;30mINFO[0m Building CMake package in '/home/radhae/ws_aic/src/aic/aic_gazebo'
[16.700s] [34mcolcon.colcon_core.shell[0m [1;30mINFO[0m Skip shell extension 'powershell' for command environment: Not usable outside of PowerShell
[16.700s] [34mcolcon.colcon_core.shell[0m [1;30mDEBUG[0m [32mSkip shell extension 'dsv' for command environment[0m
[16.776s] [34mcolcon.colcon_core.event_handler.log_command[0m [1;30mDEBUG[0m [32mInvoking command in '/home/radhae/ws_aic/build/aic_gazebo': AMENT_PREFIX_PATH=/home/radhae/ws_aic/install/aic_engine_interfaces:${AMENT_PREFIX_PATH} CMAKE_PREFIX_PATH=/home/radhae/ws_aic/install/aic_engine_interfaces:/opt/ros/kilted/opt/sdformat_vendor:/opt/ros/kilted/opt/gz_transport_vendor:/opt/ros/kilted/opt/gz_msgs_vendor:/opt/ros/kilted/opt/gz_math_vendor:/opt/ros/kilted/opt/gz_utils_vendor:/opt/ros/kilted/opt/gz_tools_vendor:/opt/ros/kilted/opt/gz_ogre_next_vendor:/opt/ros/kilted/opt/gz_dartsim_vendor:/opt/ros/kilted/opt/gz_cmake_vendor:/home/radhae/ws_aic/src/aic/install/aic_task_interfaces:/home/radhae/ws_aic/src/aic/install/aic_description:/home/radhae/ws_aic/src/aic/install/aic_engine_interfaces:/home/radhae/ws_aic/src/aic/install/aic_control_interfaces:/home/radhae/ws_aic/src/aic/install/aic_assets:/home/radhae/cognipilot/cranium/install/synapse_ros:/home/radhae/cognipilot/cranium/install/synapse_gz:/home/radhae/cognipilot/cranium/install/synapse_tinyframe:/home/radhae/cognipilot/cranium/install/synapse_protobuf:/home/radhae/cognipilot/cranium/install/corti:/home/radhae/cognipilot/cranium/install/synapse_msgs:/home/radhae/cognipilot/cranium/install/dream_world:/home/radhae/cognipilot/cranium/install/cerebri_bringup:/home/radhae/cognipilot/cranium/install/b3rb_simulator:/home/radhae/cognipilot/cranium/install/b3rb_desktop:/home/radhae/cognipilot/cranium/install/b3rb_rviz:/home/radhae/cognipilot/cranium/install/b3rb_nav2:/home/radhae/cognipilot/cranium/install/b3rb_gz_resource:/home/radhae/cognipilot/cranium/install/b3rb_gz_bringup:/home/radhae/cognipilot/cranium/install/b3rb_description:/opt/ros/kilted:/home/radhae/ws_aic/src/aic/.pixi/envs/default:/home/radhae/cognipilot/cranium/install/b3rb_ros_line_follower:/opt/ros/humble LD_LIBRARY_PATH=/home/radhae/ws_aic/install/aic_engine_interfaces/lib:${LD_LIBRARY_PATH} PS1=\[\e]0;\u@\h: \w\a\]${debian_chroot:+($debian_chroot)}\[\033[01;32m\]\u@\h\[\033[00m\]:\[\033[01;34m\]\w\[\033[00m\]\$ PYTHONPATH=/home/radhae/ws_aic/install/aic_engine_interfaces/lib/python3.12/site-packages:${PYTHONPATH} /home/radhae/ws_aic/src/aic/.pixi/envs/default/bin/cmake /home/radhae/ws_aic/src/aic/aic_gazebo -DCMAKE_INSTALL_PREFIX=/home/radhae/ws_aic/install/aic_gazebo[0m
[16.795s] [34mcolcon.colcon_core.event_handler.log_command[0m [1;30mDEBUG[0m [32mInvoked command in '/home/radhae/ws_aic/build/aic_task_interfaces' returned '0': CMAKE_PREFIX_PATH=${CMAKE_PREFIX_PATH}:/opt/ros/kilted:/home/radhae/ws_aic/src/aic/.pixi/envs/default:/home/radhae/cognipilot/cranium/install/b3rb_ros_line_follower:/opt/ros/humble PS1=\[\e]0;\u@\h: \w\a\]${debian_chroot:+($debian_chroot)}\[\033[01;32m\]\u@\h\[\033[00m\]:\[\033[01;34m\]\w\[\033[00m\]\$ /home/radhae/ws_aic/src/aic/.pixi/envs/default/bin/cmake --build /home/radhae/ws_aic/build/aic_task_interfaces -- -j12 -l12[0m
[16.796s] [34mcolcon.colcon_core.event_handler.log_command[0m [1;30mDEBUG[0m [32mInvoking command in '/home/radhae/ws_aic/build/aic_task_interfaces': CMAKE_PREFIX_PATH=${CMAKE_PREFIX_PATH}:/opt/ros/kilted:/home/radhae/ws_aic/src/aic/.pixi/envs/default:/home/radhae/cognipilot/cranium/install/b3rb_ros_line_follower:/opt/ros/humble PS1=\[\e]0;\u@\h: \w\a\]${debian_chroot:+($debian_chroot)}\[\033[01;32m\]\u@\h\[\033[00m\]:\[\033[01;34m\]\w\[\033[00m\]\$ /home/radhae/ws_aic/src/aic/.pixi/envs/default/bin/cmake --install /home/radhae/ws_aic/build/aic_task_interfaces[0m
[17.085s] [34mcolcon.colcon_core.environment[0m [1;30mLevel 1[0m create_environment_scripts_only(aic_task_interfaces)
[17.085s] [34mcolcon.colcon_core.environment[0m [1;30mLevel 1[0m checking '/home/radhae/ws_aic/install/aic_task_interfaces' for CMake module files
[17.086s] [34mcolcon.colcon_core.event_handler.log_command[0m [1;30mDEBUG[0m [32mInvoked command in '/home/radhae/ws_aic/build/aic_task_interfaces' returned '0': CMAKE_PREFIX_PATH=${CMAKE_PREFIX_PATH}:/opt/ros/kilted:/home/radhae/ws_aic/src/aic/.pixi/envs/default:/home/radhae/cognipilot/cranium/install/b3rb_ros_line_follower:/opt/ros/humble PS1=\[\e]0;\u@\h: \w\a\]${debian_chroot:+($debian_chroot)}\[\033[01;32m\]\u@\h\[\033[00m\]:\[\033[01;34m\]\w\[\033[00m\]\$ /home/radhae/ws_aic/src/aic/.pixi/envs/default/bin/cmake --install /home/radhae/ws_aic/build/aic_task_interfaces[0m
[17.086s] [34mcolcon.colcon_core.environment[0m [1;30mLevel 1[0m checking '/home/radhae/ws_aic/install/aic_task_interfaces' for CMake config files
[17.087s] [34mcolcon.colcon_core.shell[0m [1;30mLevel 1[0m create_environment_hook('aic_task_interfaces', 'cmake_prefix_path')
[17.087s] [34mcolcon.colcon_core.shell[0m [1;30mINFO[0m Creating environment hook '/home/radhae/ws_aic/install/aic_task_interfaces/share/aic_task_interfaces/hook/cmake_prefix_path.ps1'
[17.087s] [34mcolcon.colcon_core.shell[0m [1;30mINFO[0m Creating environment descriptor '/home/radhae/ws_aic/install/aic_task_interfaces/share/aic_task_interfaces/hook/cmake_prefix_path.dsv'
[17.088s] [34mcolcon.colcon_core.shell[0m [1;30mINFO[0m Creating environment hook '/home/radhae/ws_aic/install/aic_task_interfaces/share/aic_task_interfaces/hook/cmake_prefix_path.sh'
[17.088s] [34mcolcon.colcon_core.environment[0m [1;30mLevel 1[0m checking '/home/radhae/ws_aic/install/aic_task_interfaces/lib'
[17.088s] [34mcolcon.colcon_core.shell[0m [1;30mLevel 1[0m create_environment_hook('aic_task_interfaces', 'ld_library_path_lib')
[17.088s] [34mcolcon.colcon_core.shell[0m [1;30mINFO[0m Creating environment hook '/home/radhae/ws_aic/install/aic_task_interfaces/share/aic_task_interfaces/hook/ld_library_path_lib.ps1'
[17.089s] [34mcolcon.colcon_core.shell[0m [1;30mINFO[0m Creating environment descriptor '/home/radhae/ws_aic/install/aic_task_interfaces/share/aic_task_interfaces/hook/ld_library_path_lib.dsv'
[17.089s] [34mcolcon.colcon_core.shell[0m [1;30mINFO[0m Creating environment hook '/home/radhae/ws_aic/install/aic_task_interfaces/share/aic_task_interfaces/hook/ld_library_path_lib.sh'
[17.089s] [34mcolcon.colcon_core.environment[0m [1;30mLevel 1[0m checking '/home/radhae/ws_aic/install/aic_task_interfaces/bin'
[17.089s] [34mcolcon.colcon_core.environment[0m [1;30mLevel 1[0m checking '/home/radhae/ws_aic/install/aic_task_interfaces/lib/pkgconfig/aic_task_interfaces.pc'
[17.090s] [34mcolcon.colcon_core.environment[0m [1;30mLevel 1[0m checking '/home/radhae/ws_aic/install/aic_task_interfaces/lib/python3.12/site-packages'
[17.090s] [34mcolcon.colcon_core.shell[0m [1;30mLevel 1[0m create_environment_hook('aic_task_interfaces', 'pythonpath')
[17.090s] [34mcolcon.colcon_core.shell[0m [1;30mINFO[0m Creating environment hook '/home/radhae/ws_aic/install/aic_task_interfaces/share/aic_task_interfaces/hook/pythonpath.ps1'
[17.090s] [34mcolcon.colcon_core.shell[0m [1;30mINFO[0m Creating environment descriptor '/home/radhae/ws_aic/install/aic_task_interfaces/share/aic_task_interfaces/hook/pythonpath.dsv'
[17.090s] [34mcolcon.colcon_core.shell[0m [1;30mINFO[0m Creating environment hook '/home/radhae/ws_aic/install/aic_task_interfaces/share/aic_task_interfaces/hook/pythonpath.sh'
[17.091s] [34mcolcon.colcon_core.environment[0m [1;30mLevel 1[0m checking '/home/radhae/ws_aic/install/aic_task_interfaces/bin'
[17.091s] [34mcolcon.colcon_core.shell[0m [1;30mINFO[0m Creating package script '/home/radhae/ws_aic/install/aic_task_interfaces/share/aic_task_interfaces/package.ps1'
[17.092s] [34mcolcon.colcon_core.shell[0m [1;30mINFO[0m Creating package descriptor '/home/radhae/ws_aic/install/aic_task_interfaces/share/aic_task_interfaces/package.dsv'
[17.092s] [34mcolcon.colcon_core.shell[0m [1;30mINFO[0m Creating package script '/home/radhae/ws_aic/install/aic_task_interfaces/share/aic_task_interfaces/package.sh'
[17.092s] [34mcolcon.colcon_core.shell[0m [1;30mINFO[0m Creating package script '/home/radhae/ws_aic/install/aic_task_interfaces/share/aic_task_interfaces/package.bash'
[17.093s] [34mcolcon.colcon_core.shell[0m [1;30mINFO[0m Creating package script '/home/radhae/ws_aic/install/aic_task_interfaces/share/aic_task_interfaces/package.zsh'
[17.093s] [34mcolcon.colcon_core.environment[0m [1;30mLevel 1[0m create_file_with_runtime_dependencies(/home/radhae/ws_aic/install/aic_task_interfaces/share/colcon-core/packages/aic_task_interfaces)
[17.094s] [34mcolcon.colcon_core.environment[0m [1;30mLevel 1[0m create_environment_scripts_only(aic_task_interfaces)
[17.095s] [34mcolcon.colcon_core.environment[0m [1;30mLevel 1[0m checking '/home/radhae/ws_aic/install/aic_task_interfaces' for CMake module files
[17.095s] [34mcolcon.colcon_core.environment[0m [1;30mLevel 1[0m checking '/home/radhae/ws_aic/install/aic_task_interfaces' for CMake config files
[17.096s] [34mcolcon.colcon_core.shell[0m [1;30mLevel 1[0m create_environment_hook('aic_task_interfaces', 'cmake_prefix_path')
[17.096s] [34mcolcon.colcon_core.shell[0m [1;30mINFO[0m Creating environment hook '/home/radhae/ws_aic/install/aic_task_interfaces/share/aic_task_interfaces/hook/cmake_prefix_path.ps1'
[17.097s] [34mcolcon.colcon_core.shell[0m [1;30mINFO[0m Creating environment descriptor '/home/radhae/ws_aic/install/aic_task_interfaces/share/aic_task_interfaces/hook/cmake_prefix_path.dsv'
[17.097s] [34mcolcon.colcon_core.shell[0m [1;30mINFO[0m Creating environment hook '/home/radhae/ws_aic/install/aic_task_interfaces/share/aic_task_interfaces/hook/cmake_prefix_path.sh'
[17.097s] [34mcolcon.colcon_core.environment[0m [1;30mLevel 1[0m checking '/home/radhae/ws_aic/install/aic_task_interfaces/lib'
[17.097s] [34mcolcon.colcon_core.shell[0m [1;30mLevel 1[0m create_environment_hook('aic_task_interfaces', 'ld_library_path_lib')
[17.098s] [34mcolcon.colcon_core.shell[0m [1;30mINFO[0m Creating environment hook '/home/radhae/ws_aic/install/aic_task_interfaces/share/aic_task_interfaces/hook/ld_library_path_lib.ps1'
[17.098s] [34mcolcon.colcon_core.shell[0m [1;30mINFO[0m Creating environment descriptor '/home/radhae/ws_aic/install/aic_task_interfaces/share/aic_task_interfaces/hook/ld_library_path_lib.dsv'
[17.098s] [34mcolcon.colcon_core.shell[0m [1;30mINFO[0m Creating environment hook '/home/radhae/ws_aic/install/aic_task_interfaces/share/aic_task_interfaces/hook/ld_library_path_lib.sh'
[17.099s] [34mcolcon.colcon_core.environment[0m [1;30mLevel 1[0m checking '/home/radhae/ws_aic/install/aic_task_interfaces/bin'
[17.099s] [34mcolcon.colcon_core.environment[0m [1;30mLevel 1[0m checking '/home/radhae/ws_aic/install/aic_task_interfaces/lib/pkgconfig/aic_task_interfaces.pc'
[17.099s] [34mcolcon.colcon_core.environment[0m [1;30mLevel 1[0m checking '/home/radhae/ws_aic/install/aic_task_interfaces/lib/python3.12/site-packages'
[17.100s] [34mcolcon.colcon_core.shell[0m [1;30mLevel 1[0m create_environment_hook('aic_task_interfaces', 'pythonpath')
[17.100s] [34mcolcon.colcon_core.shell[0m [1;30mINFO[0m Creating environment hook '/home/radhae/ws_aic/install/aic_task_interfaces/share/aic_task_interfaces/hook/pythonpath.ps1'
[17.100s] [34mcolcon.colcon_core.shell[0m [1;30mINFO[0m Creating environment descriptor '/home/radhae/ws_aic/install/aic_task_interfaces/share/aic_task_interfaces/hook/pythonpath.dsv'
[17.101s] [34mcolcon.colcon_core.shell[0m [1;30mINFO[0m Creating environment hook '/home/radhae/ws_aic/install/aic_task_interfaces/share/aic_task_interfaces/hook/pythonpath.sh'
[17.101s] [34mcolcon.colcon_core.environment[0m [1;30mLevel 1[0m checking '/home/radhae/ws_aic/install/aic_task_interfaces/bin'
[17.101s] [34mcolcon.colcon_core.shell[0m [1;30mINFO[0m Creating package script '/home/radhae/ws_aic/install/aic_task_interfaces/share/aic_task_interfaces/package.ps1'
[17.102s] [34mcolcon.colcon_core.shell[0m [1;30mINFO[0m Creating package descriptor '/home/radhae/ws_aic/install/aic_task_interfaces/share/aic_task_interfaces/package.dsv'
[17.102s] [34mcolcon.colcon_core.shell[0m [1;30mINFO[0m Creating package script '/home/radhae/ws_aic/install/aic_task_interfaces/share/aic_task_interfaces/package.sh'
[17.103s] [34mcolcon.colcon_core.shell[0m [1;30mINFO[0m Creating package script '/home/radhae/ws_aic/install/aic_task_interfaces/share/aic_task_interfaces/package.bash'
[17.103s] [34mcolcon.colcon_core.shell[0m [1;30mINFO[0m Creating package script '/home/radhae/ws_aic/install/aic_task_interfaces/share/aic_task_interfaces/package.zsh'
[17.104s] [34mcolcon.colcon_core.environment[0m [1;30mLevel 1[0m create_file_with_runtime_dependencies(/home/radhae/ws_aic/install/aic_task_interfaces/share/colcon-core/packages/aic_task_interfaces)
[18.698s] [34mcolcon.colcon_core.event_handler.log_command[0m [1;30mDEBUG[0m [32mInvoked command in '/home/radhae/ws_aic/build/aic_control_interfaces' returned '0': CMAKE_PREFIX_PATH=${CMAKE_PREFIX_PATH}:/opt/ros/kilted:/home/radhae/ws_aic/src/aic/.pixi/envs/default:/home/radhae/cognipilot/cranium/install/b3rb_ros_line_follower:/opt/ros/humble PS1=\[\e]0;\u@\h: \w\a\]${debian_chroot:+($debian_chroot)}\[\033[01;32m\]\u@\h\[\033[00m\]:\[\033[01;34m\]\w\[\033[00m\]\$ /home/radhae/ws_aic/src/aic/.pixi/envs/default/bin/cmake --build /home/radhae/ws_aic/build/aic_control_interfaces -- -j12 -l12[0m
[18.699s] [34mcolcon.colcon_core.event_handler.log_command[0m [1;30mDEBUG[0m [32mInvoking command in '/home/radhae/ws_aic/build/aic_control_interfaces': CMAKE_PREFIX_PATH=${CMAKE_PREFIX_PATH}:/opt/ros/kilted:/home/radhae/ws_aic/src/aic/.pixi/envs/default:/home/radhae/cognipilot/cranium/install/b3rb_ros_line_follower:/opt/ros/humble PS1=\[\e]0;\u@\h: \w\a\]${debian_chroot:+($debian_chroot)}\[\033[01;32m\]\u@\h\[\033[00m\]:\[\033[01;34m\]\w\[\033[00m\]\$ /home/radhae/ws_aic/src/aic/.pixi/envs/default/bin/cmake --install /home/radhae/ws_aic/build/aic_control_interfaces[0m
[18.970s] [34mcolcon.colcon_core.environment[0m [1;30mLevel 1[0m create_environment_scripts_only(aic_control_interfaces)
[18.970s] [34mcolcon.colcon_core.environment[0m [1;30mLevel 1[0m checking '/home/radhae/ws_aic/install/aic_control_interfaces' for CMake module files
[18.971s] [34mcolcon.colcon_core.event_handler.log_command[0m [1;30mDEBUG[0m [32mInvoked command in '/home/radhae/ws_aic/build/aic_control_interfaces' returned '0': CMAKE_PREFIX_PATH=${CMAKE_PREFIX_PATH}:/opt/ros/kilted:/home/radhae/ws_aic/src/aic/.pixi/envs/default:/home/radhae/cognipilot/cranium/install/b3rb_ros_line_follower:/opt/ros/humble PS1=\[\e]0;\u@\h: \w\a\]${debian_chroot:+($debian_chroot)}\[\033[01;32m\]\u@\h\[\033[00m\]:\[\033[01;34m\]\w\[\033[00m\]\$ /home/radhae/ws_aic/src/aic/.pixi/envs/default/bin/cmake --install /home/radhae/ws_aic/build/aic_control_interfaces[0m
[18.971s] [34mcolcon.colcon_core.environment[0m [1;30mLevel 1[0m checking '/home/radhae/ws_aic/install/aic_control_interfaces' for CMake config files
[18.972s] [34mcolcon.colcon_core.shell[0m [1;30mLevel 1[0m create_environment_hook('aic_control_interfaces', 'cmake_prefix_path')
[18.972s] [34mcolcon.colcon_core.shell[0m [1;30mINFO[0m Creating environment hook '/home/radhae/ws_aic/install/aic_control_interfaces/share/aic_control_interfaces/hook/cmake_prefix_path.ps1'
[18.972s] [34mcolcon.colcon_core.shell[0m [1;30mINFO[0m Creating environment descriptor '/home/radhae/ws_aic/install/aic_control_interfaces/share/aic_control_interfaces/hook/cmake_prefix_path.dsv'
[18.973s] [34mcolcon.colcon_core.shell[0m [1;30mINFO[0m Creating environment hook '/home/radhae/ws_aic/install/aic_control_interfaces/share/aic_control_interfaces/hook/cmake_prefix_path.sh'
[18.973s] [34mcolcon.colcon_core.environment[0m [1;30mLevel 1[0m checking '/home/radhae/ws_aic/install/aic_control_interfaces/lib'
[18.973s] [34mcolcon.colcon_core.shell[0m [1;30mLevel 1[0m create_environment_hook('aic_control_interfaces', 'ld_library_path_lib')
[18.973s] [34mcolcon.colcon_core.shell[0m [1;30mINFO[0m Creating environment hook '/home/radhae/ws_aic/install/aic_control_interfaces/share/aic_control_interfaces/hook/ld_library_path_lib.ps1'
[18.974s] [34mcolcon.colcon_core.shell[0m [1;30mINFO[0m Creating environment descriptor '/home/radhae/ws_aic/install/aic_control_interfaces/share/aic_control_interfaces/hook/ld_library_path_lib.dsv'
[18.974s] [34mcolcon.colcon_core.shell[0m [1;30mINFO[0m Creating environment hook '/home/radhae/ws_aic/install/aic_control_interfaces/share/aic_control_interfaces/hook/ld_library_path_lib.sh'
[18.974s] [34mcolcon.colcon_core.environment[0m [1;30mLevel 1[0m checking '/home/radhae/ws_aic/install/aic_control_interfaces/bin'
[18.974s] [34mcolcon.colcon_core.environment[0m [1;30mLevel 1[0m checking '/home/radhae/ws_aic/install/aic_control_interfaces/lib/pkgconfig/aic_control_interfaces.pc'
[18.974s] [34mcolcon.colcon_core.environment[0m [1;30mLevel 1[0m checking '/home/radhae/ws_aic/install/aic_control_interfaces/lib/python3.12/site-packages'
[18.974s] [34mcolcon.colcon_core.shell[0m [1;30mLevel 1[0m create_environment_hook('aic_control_interfaces', 'pythonpath')
[18.975s] [34mcolcon.colcon_core.shell[0m [1;30mINFO[0m Creating environment hook '/home/radhae/ws_aic/install/aic_control_interfaces/share/aic_control_interfaces/hook/pythonpath.ps1'
[18.975s] [34mcolcon.colcon_core.shell[0m [1;30mINFO[0m Creating environment descriptor '/home/radhae/ws_aic/install/aic_control_interfaces/share/aic_control_interfaces/hook/pythonpath.dsv'
[18.975s] [34mcolcon.colcon_core.shell[0m [1;30mINFO[0m Creating environment hook '/home/radhae/ws_aic/install/aic_control_interfaces/share/aic_control_interfaces/hook/pythonpath.sh'
[18.975s] [34mcolcon.colcon_core.environment[0m [1;30mLevel 1[0m checking '/home/radhae/ws_aic/install/aic_control_interfaces/bin'
[18.976s] [34mcolcon.colcon_core.shell[0m [1;30mINFO[0m Creating package script '/home/radhae/ws_aic/install/aic_control_interfaces/share/aic_control_interfaces/package.ps1'
[18.976s] [34mcolcon.colcon_core.shell[0m [1;30mINFO[0m Creating package descriptor '/home/radhae/ws_aic/install/aic_control_interfaces/share/aic_control_interfaces/package.dsv'
[18.976s] [34mcolcon.colcon_core.shell[0m [1;30mINFO[0m Creating package script '/home/radhae/ws_aic/install/aic_control_interfaces/share/aic_control_interfaces/package.sh'
[18.977s] [34mcolcon.colcon_core.shell[0m [1;30mINFO[0m Creating package script '/home/radhae/ws_aic/install/aic_control_interfaces/share/aic_control_interfaces/package.bash'
[18.977s] [34mcolcon.colcon_core.shell[0m [1;30mINFO[0m Creating package script '/home/radhae/ws_aic/install/aic_control_interfaces/share/aic_control_interfaces/package.zsh'
[18.977s] [34mcolcon.colcon_core.environment[0m [1;30mLevel 1[0m create_file_with_runtime_dependencies(/home/radhae/ws_aic/install/aic_control_interfaces/share/colcon-core/packages/aic_control_interfaces)
[18.978s] [34mcolcon.colcon_core.environment[0m [1;30mLevel 1[0m create_environment_scripts_only(aic_control_interfaces)
[18.978s] [34mcolcon.colcon_core.environment[0m [1;30mLevel 1[0m checking '/home/radhae/ws_aic/install/aic_control_interfaces' for CMake module files
[18.978s] [34mcolcon.colcon_core.environment[0m [1;30mLevel 1[0m checking '/home/radhae/ws_aic/install/aic_control_interfaces' for CMake config files
[18.979s] [34mcolcon.colcon_core.shell[0m [1;30mLevel 1[0m create_environment_hook('aic_control_interfaces', 'cmake_prefix_path')
[18.979s] [34mcolcon.colcon_core.shell[0m [1;30mINFO[0m Creating environment hook '/home/radhae/ws_aic/install/aic_control_interfaces/share/aic_control_interfaces/hook/cmake_prefix_path.ps1'
[18.979s] [34mcolcon.colcon_core.shell[0m [1;30mINFO[0m Creating environment descriptor '/home/radhae/ws_aic/install/aic_control_interfaces/share/aic_control_interfaces/hook/cmake_prefix_path.dsv'
[18.980s] [34mcolcon.colcon_core.shell[0m [1;30mINFO[0m Creating environment hook '/home/radhae/ws_aic/install/aic_control_interfaces/share/aic_control_interfaces/hook/cmake_prefix_path.sh'
[18.981s] [34mcolcon.colcon_core.environment[0m [1;30mLevel 1[0m checking '/home/radhae/ws_aic/install/aic_control_interfaces/lib'
[18.981s] [34mcolcon.colcon_core.shell[0m [1;30mLevel 1[0m create_environment_hook('aic_control_interfaces', 'ld_library_path_lib')
[18.981s] [34mcolcon.colcon_core.shell[0m [1;30mINFO[0m Creating environment hook '/home/radhae/ws_aic/install/aic_control_interfaces/share/aic_control_interfaces/hook/ld_library_path_lib.ps1'
[18.981s] [34mcolcon.colcon_core.shell[0m [1;30mINFO[0m Creating environment descriptor '/home/radhae/ws_aic/install/aic_control_interfaces/share/aic_control_interfaces/hook/ld_library_path_lib.dsv'
[18.981s] [34mcolcon.colcon_core.shell[0m [1;30mINFO[0m Creating environment hook '/home/radhae/ws_aic/install/aic_control_interfaces/share/aic_control_interfaces/hook/ld_library_path_lib.sh'
[18.982s] [34mcolcon.colcon_core.environment[0m [1;30mLevel 1[0m checking '/home/radhae/ws_aic/install/aic_control_interfaces/bin'
[18.982s] [34mcolcon.colcon_core.environment[0m [1;30mLevel 1[0m checking '/home/radhae/ws_aic/install/aic_control_interfaces/lib/pkgconfig/aic_control_interfaces.pc'
[18.982s] [34mcolcon.colcon_core.environment[0m [1;30mLevel 1[0m checking '/home/radhae/ws_aic/install/aic_control_interfaces/lib/python3.12/site-packages'
[18.982s] [34mcolcon.colcon_core.shell[0m [1;30mLevel 1[0m create_environment_hook('aic_control_interfaces', 'pythonpath')
[18.982s] [34mcolcon.colcon_core.shell[0m [1;30mINFO[0m Creating environment hook '/home/radhae/ws_aic/install/aic_control_interfaces/share/aic_control_interfaces/hook/pythonpath.ps1'
[18.982s] [34mcolcon.colcon_core.shell[0m [1;30mINFO[0m Creating environment descriptor '/home/radhae/ws_aic/install/aic_control_interfaces/share/aic_control_interfaces/hook/pythonpath.dsv'
[18.982s] [34mcolcon.colcon_core.shell[0m [1;30mINFO[0m Creating environment hook '/home/radhae/ws_aic/install/aic_control_interfaces/share/aic_control_interfaces/hook/pythonpath.sh'
[18.983s] [34mcolcon.colcon_core.environment[0m [1;30mLevel 1[0m checking '/home/radhae/ws_aic/install/aic_control_interfaces/bin'
[18.983s] [34mcolcon.colcon_core.shell[0m [1;30mINFO[0m Creating package script '/home/radhae/ws_aic/install/aic_control_interfaces/share/aic_control_interfaces/package.ps1'
[18.983s] [34mcolcon.colcon_core.shell[0m [1;30mINFO[0m Creating package descriptor '/home/radhae/ws_aic/install/aic_control_interfaces/share/aic_control_interfaces/package.dsv'
[18.984s] [34mcolcon.colcon_core.shell[0m [1;30mINFO[0m Creating package script '/home/radhae/ws_aic/install/aic_control_interfaces/share/aic_control_interfaces/package.sh'
[18.984s] [34mcolcon.colcon_core.shell[0m [1;30mINFO[0m Creating package script '/home/radhae/ws_aic/install/aic_control_interfaces/share/aic_control_interfaces/package.bash'
[18.984s] [34mcolcon.colcon_core.shell[0m [1;30mINFO[0m Creating package script '/home/radhae/ws_aic/install/aic_control_interfaces/share/aic_control_interfaces/package.zsh'
[18.984s] [34mcolcon.colcon_core.environment[0m [1;30mLevel 1[0m create_file_with_runtime_dependencies(/home/radhae/ws_aic/install/aic_control_interfaces/share/colcon-core/packages/aic_control_interfaces)
[18.985s] [34mcolcon.colcon_ros.task.ament_cmake.build[0m [1;30mINFO[0m Building ROS package in '/home/radhae/ws_aic/src/aic/aic_interfaces/aic_model_interfaces' with build type 'ament_cmake'
[18.985s] [34mcolcon.colcon_cmake.task.cmake.build[0m [1;30mINFO[0m Building CMake package in '/home/radhae/ws_aic/src/aic/aic_interfaces/aic_model_interfaces'
[18.985s] [34mcolcon.colcon_core.shell[0m [1;30mINFO[0m Skip shell extension 'powershell' for command environment: Not usable outside of PowerShell
[18.985s] [34mcolcon.colcon_core.shell[0m [1;30mDEBUG[0m [32mSkip shell extension 'dsv' for command environment[0m
[18.990s] [34mcolcon.colcon_ros.task.ament_cmake.build[0m [1;30mINFO[0m Building ROS package in '/home/radhae/ws_aic/src/aic/aic_scoring' with build type 'ament_cmake'
[18.990s] [34mcolcon.colcon_cmake.task.cmake.build[0m [1;30mINFO[0m Building CMake package in '/home/radhae/ws_aic/src/aic/aic_scoring'
[18.990s] [34mcolcon.colcon_core.shell[0m [1;30mINFO[0m Skip shell extension 'powershell' for command environment: Not usable outside of PowerShell
[18.991s] [34mcolcon.colcon_core.shell[0m [1;30mDEBUG[0m [32mSkip shell extension 'dsv' for command environment[0m
[18.997s] [34mcolcon.colcon_ros.task.ament_cmake.build[0m [1;30mINFO[0m Building ROS package in '/home/radhae/ws_aic/src/aic/aic_controller' with build type 'ament_cmake'
[18.997s] [34mcolcon.colcon_cmake.task.cmake.build[0m [1;30mINFO[0m Building CMake package in '/home/radhae/ws_aic/src/aic/aic_controller'
[18.997s] [34mcolcon.colcon_core.shell[0m [1;30mINFO[0m Skip shell extension 'powershell' for command environment: Not usable outside of PowerShell
[18.997s] [34mcolcon.colcon_core.shell[0m [1;30mDEBUG[0m [32mSkip shell extension 'dsv' for command environment[0m
[19.006s] [34mcolcon.colcon_ros.task.ament_python.build[0m [1;30mINFO[0m Building ROS package in '/home/radhae/ws_aic/src/aic/aic_utils/aic_teleoperation' with build type 'ament_python'
[19.006s] [34mcolcon.colcon_core.shell[0m [1;30mLevel 1[0m create_environment_hook('aic_teleoperation', 'ament_prefix_path')
[19.007s] [34mcolcon.colcon_core.shell[0m [1;30mINFO[0m Creating environment hook '/home/radhae/ws_aic/install/aic_teleoperation/share/aic_teleoperation/hook/ament_prefix_path.ps1'
[19.007s] [34mcolcon.colcon_core.shell[0m [1;30mINFO[0m Creating environment descriptor '/home/radhae/ws_aic/install/aic_teleoperation/share/aic_teleoperation/hook/ament_prefix_path.dsv'
[19.008s] [34mcolcon.colcon_core.shell[0m [1;30mINFO[0m Creating environment hook '/home/radhae/ws_aic/install/aic_teleoperation/share/aic_teleoperation/hook/ament_prefix_path.sh'
[19.008s] [34mcolcon.colcon_core.shell[0m [1;30mINFO[0m Skip shell extension 'powershell' for command environment: Not usable outside of PowerShell
[19.008s] [34mcolcon.colcon_core.shell[0m [1;30mDEBUG[0m [32mSkip shell extension 'dsv' for command environment[0m
[19.018s] [34mcolcon.colcon_ros.task.ament_python.build[0m [1;30mINFO[0m Building ROS package in '/home/radhae/ws_aic/src/aic/aic_utils/lerobot_robot_aic' with build type 'ament_python'
[19.019s] [34mcolcon.colcon_core.shell[0m [1;30mLevel 1[0m create_environment_hook('lerobot_robot_aic', 'ament_prefix_path')
[19.019s] [34mcolcon.colcon_core.shell[0m [1;30mINFO[0m Creating environment hook '/home/radhae/ws_aic/install/lerobot_robot_aic/share/lerobot_robot_aic/hook/ament_prefix_path.ps1'
[19.020s] [34mcolcon.colcon_core.shell[0m [1;30mINFO[0m Creating environment descriptor '/home/radhae/ws_aic/install/lerobot_robot_aic/share/lerobot_robot_aic/hook/ament_prefix_path.dsv'
[19.020s] [34mcolcon.colcon_core.shell[0m [1;30mINFO[0m Creating environment hook '/home/radhae/ws_aic/install/lerobot_robot_aic/share/lerobot_robot_aic/hook/ament_prefix_path.sh'
[19.021s] [34mcolcon.colcon_core.shell[0m [1;30mINFO[0m Skip shell extension 'powershell' for command environment: Not usable outside of PowerShell
[19.021s] [34mcolcon.colcon_core.shell[0m [1;30mDEBUG[0m [32mSkip shell extension 'dsv' for command environment[0m
[19.050s] [34mcolcon.colcon_core.event_handler.log_command[0m [1;30mDEBUG[0m [32mInvoking command in '/home/radhae/ws_aic/build/aic_model_interfaces': AMENT_PREFIX_PATH=/home/radhae/ws_aic/install/aic_control_interfaces:${AMENT_PREFIX_PATH} CMAKE_PREFIX_PATH=/home/radhae/ws_aic/install/aic_control_interfaces:/opt/ros/kilted/opt/sdformat_vendor:/opt/ros/kilted/opt/gz_transport_vendor:/opt/ros/kilted/opt/gz_msgs_vendor:/opt/ros/kilted/opt/gz_math_vendor:/opt/ros/kilted/opt/gz_utils_vendor:/opt/ros/kilted/opt/gz_tools_vendor:/opt/ros/kilted/opt/gz_ogre_next_vendor:/opt/ros/kilted/opt/gz_dartsim_vendor:/opt/ros/kilted/opt/gz_cmake_vendor:/home/radhae/ws_aic/src/aic/install/aic_task_interfaces:/home/radhae/ws_aic/src/aic/install/aic_description:/home/radhae/ws_aic/src/aic/install/aic_engine_interfaces:/home/radhae/ws_aic/src/aic/install/aic_control_interfaces:/home/radhae/ws_aic/src/aic/install/aic_assets:/home/radhae/cognipilot/cranium/install/synapse_ros:/home/radhae/cognipilot/cranium/install/synapse_gz:/home/radhae/cognipilot/cranium/install/synapse_tinyframe:/home/radhae/cognipilot/cranium/install/synapse_protobuf:/home/radhae/cognipilot/cranium/install/corti:/home/radhae/cognipilot/cranium/install/synapse_msgs:/home/radhae/cognipilot/cranium/install/dream_world:/home/radhae/cognipilot/cranium/install/cerebri_bringup:/home/radhae/cognipilot/cranium/install/b3rb_simulator:/home/radhae/cognipilot/cranium/install/b3rb_desktop:/home/radhae/cognipilot/cranium/install/b3rb_rviz:/home/radhae/cognipilot/cranium/install/b3rb_nav2:/home/radhae/cognipilot/cranium/install/b3rb_gz_resource:/home/radhae/cognipilot/cranium/install/b3rb_gz_bringup:/home/radhae/cognipilot/cranium/install/b3rb_description:/opt/ros/kilted:/home/radhae/ws_aic/src/aic/.pixi/envs/default:/home/radhae/cognipilot/cranium/install/b3rb_ros_line_follower:/opt/ros/humble LD_LIBRARY_PATH=/home/radhae/ws_aic/install/aic_control_interfaces/lib:${LD_LIBRARY_PATH} PS1=\[\e]0;\u@\h: \w\a\]${debian_chroot:+($debian_chroot)}\[\033[01;32m\]\u@\h\[\033[00m\]:\[\033[01;34m\]\w\[\033[00m\]\$ PYTHONPATH=/home/radhae/ws_aic/install/aic_control_interfaces/lib/python3.12/site-packages:${PYTHONPATH} /home/radhae/ws_aic/src/aic/.pixi/envs/default/bin/cmake /home/radhae/ws_aic/src/aic/aic_interfaces/aic_model_interfaces -DCMAKE_INSTALL_PREFIX=/home/radhae/ws_aic/install/aic_model_interfaces[0m
[19.069s] [34mcolcon.colcon_core.event_handler.log_command[0m [1;30mDEBUG[0m [32mInvoking command in '/home/radhae/ws_aic/build/aic_controller': AMENT_PREFIX_PATH=/home/radhae/ws_aic/install/aic_control_interfaces:${AMENT_PREFIX_PATH} CMAKE_PREFIX_PATH=/home/radhae/ws_aic/install/aic_control_interfaces:/opt/ros/kilted/opt/sdformat_vendor:/opt/ros/kilted/opt/gz_transport_vendor:/opt/ros/kilted/opt/gz_msgs_vendor:/opt/ros/kilted/opt/gz_math_vendor:/opt/ros/kilted/opt/gz_utils_vendor:/opt/ros/kilted/opt/gz_tools_vendor:/opt/ros/kilted/opt/gz_ogre_next_vendor:/opt/ros/kilted/opt/gz_dartsim_vendor:/opt/ros/kilted/opt/gz_cmake_vendor:/home/radhae/ws_aic/src/aic/install/aic_task_interfaces:/home/radhae/ws_aic/src/aic/install/aic_description:/home/radhae/ws_aic/src/aic/install/aic_engine_interfaces:/home/radhae/ws_aic/src/aic/install/aic_control_interfaces:/home/radhae/ws_aic/src/aic/install/aic_assets:/home/radhae/cognipilot/cranium/install/synapse_ros:/home/radhae/cognipilot/cranium/install/synapse_gz:/home/radhae/cognipilot/cranium/install/synapse_tinyframe:/home/radhae/cognipilot/cranium/install/synapse_protobuf:/home/radhae/cognipilot/cranium/install/corti:/home/radhae/cognipilot/cranium/install/synapse_msgs:/home/radhae/cognipilot/cranium/install/dream_world:/home/radhae/cognipilot/cranium/install/cerebri_bringup:/home/radhae/cognipilot/cranium/install/b3rb_simulator:/home/radhae/cognipilot/cranium/install/b3rb_desktop:/home/radhae/cognipilot/cranium/install/b3rb_rviz:/home/radhae/cognipilot/cranium/install/b3rb_nav2:/home/radhae/cognipilot/cranium/install/b3rb_gz_resource:/home/radhae/cognipilot/cranium/install/b3rb_gz_bringup:/home/radhae/cognipilot/cranium/install/b3rb_description:/opt/ros/kilted:/home/radhae/ws_aic/src/aic/.pixi/envs/default:/home/radhae/cognipilot/cranium/install/b3rb_ros_line_follower:/opt/ros/humble LD_LIBRARY_PATH=/home/radhae/ws_aic/install/aic_control_interfaces/lib:${LD_LIBRARY_PATH} PS1=\[\e]0;\u@\h: \w\a\]${debian_chroot:+($debian_chroot)}\[\033[01;32m\]\u@\h\[\033[00m\]:\[\033[01;34m\]\w\[\033[00m\]\$ PYTHONPATH=/home/radhae/ws_aic/install/aic_control_interfaces/lib/python3.12/site-packages:${PYTHONPATH} /home/radhae/ws_aic/src/aic/.pixi/envs/default/bin/cmake /home/radhae/ws_aic/src/aic/aic_controller -DCMAKE_INSTALL_PREFIX=/home/radhae/ws_aic/install/aic_controller[0m
[19.072s] [34mcolcon.colcon_core.event_handler.log_command[0m [1;30mDEBUG[0m [32mInvoking command in '/home/radhae/ws_aic/build/aic_scoring': AMENT_PREFIX_PATH=/home/radhae/ws_aic/install/aic_control_interfaces:${AMENT_PREFIX_PATH} CMAKE_PREFIX_PATH=/home/radhae/ws_aic/install/aic_control_interfaces:/opt/ros/kilted/opt/sdformat_vendor:/opt/ros/kilted/opt/gz_transport_vendor:/opt/ros/kilted/opt/gz_msgs_vendor:/opt/ros/kilted/opt/gz_math_vendor:/opt/ros/kilted/opt/gz_utils_vendor:/opt/ros/kilted/opt/gz_tools_vendor:/opt/ros/kilted/opt/gz_ogre_next_vendor:/opt/ros/kilted/opt/gz_dartsim_vendor:/opt/ros/kilted/opt/gz_cmake_vendor:/home/radhae/ws_aic/src/aic/install/aic_task_interfaces:/home/radhae/ws_aic/src/aic/install/aic_description:/home/radhae/ws_aic/src/aic/install/aic_engine_interfaces:/home/radhae/ws_aic/src/aic/install/aic_control_interfaces:/home/radhae/ws_aic/src/aic/install/aic_assets:/home/radhae/cognipilot/cranium/install/synapse_ros:/home/radhae/cognipilot/cranium/install/synapse_gz:/home/radhae/cognipilot/cranium/install/synapse_tinyframe:/home/radhae/cognipilot/cranium/install/synapse_protobuf:/home/radhae/cognipilot/cranium/install/corti:/home/radhae/cognipilot/cranium/install/synapse_msgs:/home/radhae/cognipilot/cranium/install/dream_world:/home/radhae/cognipilot/cranium/install/cerebri_bringup:/home/radhae/cognipilot/cranium/install/b3rb_simulator:/home/radhae/cognipilot/cranium/install/b3rb_desktop:/home/radhae/cognipilot/cranium/install/b3rb_rviz:/home/radhae/cognipilot/cranium/install/b3rb_nav2:/home/radhae/cognipilot/cranium/install/b3rb_gz_resource:/home/radhae/cognipilot/cranium/install/b3rb_gz_bringup:/home/radhae/cognipilot/cranium/install/b3rb_description:/opt/ros/kilted:/home/radhae/ws_aic/src/aic/.pixi/envs/default:/home/radhae/cognipilot/cranium/install/b3rb_ros_line_follower:/opt/ros/humble LD_LIBRARY_PATH=/home/radhae/ws_aic/install/aic_control_interfaces/lib:${LD_LIBRARY_PATH} PS1=\[\e]0;\u@\h: \w\a\]${debian_chroot:+($debian_chroot)}\[\033[01;32m\]\u@\h\[\033[00m\]:\[\033[01;34m\]\w\[\033[00m\]\$ PYTHONPATH=/home/radhae/ws_aic/install/aic_control_interfaces/lib/python3.12/site-packages:${PYTHONPATH} /home/radhae/ws_aic/src/aic/.pixi/envs/default/bin/cmake /home/radhae/ws_aic/src/aic/aic_scoring -DCMAKE_INSTALL_PREFIX=/home/radhae/ws_aic/install/aic_scoring[0m
[19.342s] [34mcolcon.colcon_core.task.python.build[0m [1;30mINFO[0m Building Python package in '/home/radhae/ws_aic/src/aic/aic_utils/aic_teleoperation'
[19.342s] [34mcolcon.colcon_core.shell[0m [1;30mINFO[0m Skip shell extension 'powershell' for command environment: Not usable outside of PowerShell
[19.342s] [34mcolcon.colcon_core.shell[0m [1;30mDEBUG[0m [32mSkip shell extension 'dsv' for command environment[0m
[19.627s] [34mcolcon.colcon_core.task.python.build[0m [1;30mINFO[0m Building Python package in '/home/radhae/ws_aic/src/aic/aic_utils/lerobot_robot_aic'
[19.627s] [34mcolcon.colcon_core.shell[0m [1;30mINFO[0m Skip shell extension 'powershell' for command environment: Not usable outside of PowerShell
[19.627s] [34mcolcon.colcon_core.shell[0m [1;30mDEBUG[0m [32mSkip shell extension 'dsv' for command environment[0m
[20.157s] [34mcolcon.colcon_core.event_handler.log_command[0m [1;30mDEBUG[0m [32mInvoking command in '/home/radhae/ws_aic/src/aic/aic_utils/aic_teleoperation': AMENT_PREFIX_PATH=/home/radhae/ws_aic/install/aic_control_interfaces:${AMENT_PREFIX_PATH} CMAKE_PREFIX_PATH=/home/radhae/ws_aic/install/aic_control_interfaces:${CMAKE_PREFIX_PATH} LD_LIBRARY_PATH=/home/radhae/ws_aic/install/aic_control_interfaces/lib:${LD_LIBRARY_PATH} PS1=\[\e]0;\u@\h: \w\a\]${debian_chroot:+($debian_chroot)}\[\033[01;32m\]\u@\h\[\033[00m\]:\[\033[01;34m\]\w\[\033[00m\]\$ PYTHONPATH=/home/radhae/ws_aic/build/aic_teleoperation/prefix_override:/home/radhae/ws_aic/src/aic/.pixi/envs/default/lib/python3.12/site-packages/colcon_core/task/python/colcon_distutils_commands:/home/radhae/ws_aic/install/aic_teleoperation/lib/python3.12/site-packages:/home/radhae/ws_aic/install/aic_control_interfaces/lib/python3.12/site-packages:${PYTHONPATH} /home/radhae/ws_aic/src/aic/.pixi/envs/default/bin/python3.12 -W ignore:setup.py install is deprecated -W ignore:easy_install command is deprecated setup.py egg_info --egg-base ../../../../build/aic_teleoperation build --build-base /home/radhae/ws_aic/build/aic_teleoperation/build install --record /home/radhae/ws_aic/build/aic_teleoperation/install.log --single-version-externally-managed install_data[0m
[20.265s] [34mcolcon.colcon_core.event_handler.log_command[0m [1;30mDEBUG[0m [32mInvoking command in '/home/radhae/ws_aic/src/aic/aic_utils/lerobot_robot_aic': AMENT_PREFIX_PATH=/home/radhae/ws_aic/install/aic_control_interfaces:${AMENT_PREFIX_PATH} CMAKE_PREFIX_PATH=/home/radhae/ws_aic/install/aic_control_interfaces:${CMAKE_PREFIX_PATH} LD_LIBRARY_PATH=/home/radhae/ws_aic/install/aic_control_interfaces/lib:${LD_LIBRARY_PATH} PS1=\[\e]0;\u@\h: \w\a\]${debian_chroot:+($debian_chroot)}\[\033[01;32m\]\u@\h\[\033[00m\]:\[\033[01;34m\]\w\[\033[00m\]\$ PYTHONPATH=/home/radhae/ws_aic/build/lerobot_robot_aic/prefix_override:/home/radhae/ws_aic/src/aic/.pixi/envs/default/lib/python3.12/site-packages/colcon_core/task/python/colcon_distutils_commands:/home/radhae/ws_aic/install/lerobot_robot_aic/lib/python3.12/site-packages:/home/radhae/ws_aic/install/aic_control_interfaces/lib/python3.12/site-packages:${PYTHONPATH} /home/radhae/ws_aic/src/aic/.pixi/envs/default/bin/python3.12 -W ignore:setup.py install is deprecated -W ignore:easy_install command is deprecated setup.py egg_info --egg-base ../../../../build/lerobot_robot_aic build --build-base /home/radhae/ws_aic/build/lerobot_robot_aic/build install --record /home/radhae/ws_aic/build/lerobot_robot_aic/install.log --single-version-externally-managed install_data[0m
[20.616s] [34mcolcon.colcon_core.environment[0m [1;30mLevel 1[0m checking '/home/radhae/ws_aic/install/aic_teleoperation' for CMake module files
[20.617s] [34mcolcon.colcon_core.event_handler.log_command[0m [1;30mDEBUG[0m [32mInvoked command in '/home/radhae/ws_aic/src/aic/aic_utils/aic_teleoperation' returned '0': AMENT_PREFIX_PATH=/home/radhae/ws_aic/install/aic_control_interfaces:${AMENT_PREFIX_PATH} CMAKE_PREFIX_PATH=/home/radhae/ws_aic/install/aic_control_interfaces:${CMAKE_PREFIX_PATH} LD_LIBRARY_PATH=/home/radhae/ws_aic/install/aic_control_interfaces/lib:${LD_LIBRARY_PATH} PS1=\[\e]0;\u@\h: \w\a\]${debian_chroot:+($debian_chroot)}\[\033[01;32m\]\u@\h\[\033[00m\]:\[\033[01;34m\]\w\[\033[00m\]\$ PYTHONPATH=/home/radhae/ws_aic/build/aic_teleoperation/prefix_override:/home/radhae/ws_aic/src/aic/.pixi/envs/default/lib/python3.12/site-packages/colcon_core/task/python/colcon_distutils_commands:/home/radhae/ws_aic/install/aic_teleoperation/lib/python3.12/site-packages:/home/radhae/ws_aic/install/aic_control_interfaces/lib/python3.12/site-packages:${PYTHONPATH} /home/radhae/ws_aic/src/aic/.pixi/envs/default/bin/python3.12 -W ignore:setup.py install is deprecated -W ignore:easy_install command is deprecated setup.py egg_info --egg-base ../../../../build/aic_teleoperation build --build-base /home/radhae/ws_aic/build/aic_teleoperation/build install --record /home/radhae/ws_aic/build/aic_teleoperation/install.log --single-version-externally-managed install_data[0m
[20.617s] [34mcolcon.colcon_core.environment[0m [1;30mLevel 1[0m checking '/home/radhae/ws_aic/install/aic_teleoperation' for CMake config files
[20.617s] [34mcolcon.colcon_core.environment[0m [1;30mLevel 1[0m checking '/home/radhae/ws_aic/install/aic_teleoperation/lib'
[20.617s] [34mcolcon.colcon_core.environment[0m [1;30mLevel 1[0m checking '/home/radhae/ws_aic/install/aic_teleoperation/bin'
[20.617s] [34mcolcon.colcon_core.environment[0m [1;30mLevel 1[0m checking '/home/radhae/ws_aic/install/aic_teleoperation/lib/pkgconfig/aic_teleoperation.pc'
[20.618s] [34mcolcon.colcon_core.environment[0m [1;30mLevel 1[0m checking '/home/radhae/ws_aic/install/aic_teleoperation/lib/python3.12/site-packages'
[20.618s] [34mcolcon.colcon_core.shell[0m [1;30mLevel 1[0m create_environment_hook('aic_teleoperation', 'pythonpath')
[20.618s] [34mcolcon.colcon_core.shell[0m [1;30mINFO[0m Creating environment hook '/home/radhae/ws_aic/install/aic_teleoperation/share/aic_teleoperation/hook/pythonpath.ps1'
[20.618s] [34mcolcon.colcon_core.shell[0m [1;30mINFO[0m Creating environment descriptor '/home/radhae/ws_aic/install/aic_teleoperation/share/aic_teleoperation/hook/pythonpath.dsv'
[20.619s] [34mcolcon.colcon_core.shell[0m [1;30mINFO[0m Creating environment hook '/home/radhae/ws_aic/install/aic_teleoperation/share/aic_teleoperation/hook/pythonpath.sh'
[20.619s] [34mcolcon.colcon_core.environment[0m [1;30mLevel 1[0m checking '/home/radhae/ws_aic/install/aic_teleoperation/bin'
[20.619s] [34mcolcon.colcon_core.environment[0m [1;30mLevel 1[0m create_environment_scripts_only(aic_teleoperation)
[20.619s] [34mcolcon.colcon_core.shell[0m [1;30mINFO[0m Creating package script '/home/radhae/ws_aic/install/aic_teleoperation/share/aic_teleoperation/package.ps1'
[20.620s] [34mcolcon.colcon_core.shell[0m [1;30mINFO[0m Creating package descriptor '/home/radhae/ws_aic/install/aic_teleoperation/share/aic_teleoperation/package.dsv'
[20.620s] [34mcolcon.colcon_core.shell[0m [1;30mINFO[0m Creating package script '/home/radhae/ws_aic/install/aic_teleoperation/share/aic_teleoperation/package.sh'
[20.620s] [34mcolcon.colcon_core.shell[0m [1;30mINFO[0m Creating package script '/home/radhae/ws_aic/install/aic_teleoperation/share/aic_teleoperation/package.bash'
[20.620s] [34mcolcon.colcon_core.shell[0m [1;30mINFO[0m Creating package script '/home/radhae/ws_aic/install/aic_teleoperation/share/aic_teleoperation/package.zsh'
[20.621s] [34mcolcon.colcon_core.environment[0m [1;30mLevel 1[0m create_file_with_runtime_dependencies(/home/radhae/ws_aic/install/aic_teleoperation/share/colcon-core/packages/aic_teleoperation)
[20.678s] [34mcolcon.colcon_core.environment[0m [1;30mLevel 1[0m checking '/home/radhae/ws_aic/install/lerobot_robot_aic' for CMake module files
[20.678s] [34mcolcon.colcon_core.event_handler.log_command[0m [1;30mDEBUG[0m [32mInvoked command in '/home/radhae/ws_aic/src/aic/aic_utils/lerobot_robot_aic' returned '0': AMENT_PREFIX_PATH=/home/radhae/ws_aic/install/aic_control_interfaces:${AMENT_PREFIX_PATH} CMAKE_PREFIX_PATH=/home/radhae/ws_aic/install/aic_control_interfaces:${CMAKE_PREFIX_PATH} LD_LIBRARY_PATH=/home/radhae/ws_aic/install/aic_control_interfaces/lib:${LD_LIBRARY_PATH} PS1=\[\e]0;\u@\h: \w\a\]${debian_chroot:+($debian_chroot)}\[\033[01;32m\]\u@\h\[\033[00m\]:\[\033[01;34m\]\w\[\033[00m\]\$ PYTHONPATH=/home/radhae/ws_aic/build/lerobot_robot_aic/prefix_override:/home/radhae/ws_aic/src/aic/.pixi/envs/default/lib/python3.12/site-packages/colcon_core/task/python/colcon_distutils_commands:/home/radhae/ws_aic/install/lerobot_robot_aic/lib/python3.12/site-packages:/home/radhae/ws_aic/install/aic_control_interfaces/lib/python3.12/site-packages:${PYTHONPATH} /home/radhae/ws_aic/src/aic/.pixi/envs/default/bin/python3.12 -W ignore:setup.py install is deprecated -W ignore:easy_install command is deprecated setup.py egg_info --egg-base ../../../../build/lerobot_robot_aic build --build-base /home/radhae/ws_aic/build/lerobot_robot_aic/build install --record /home/radhae/ws_aic/build/lerobot_robot_aic/install.log --single-version-externally-managed install_data[0m
[20.679s] [34mcolcon.colcon_core.environment[0m [1;30mLevel 1[0m checking '/home/radhae/ws_aic/install/lerobot_robot_aic' for CMake config files
[20.679s] [34mcolcon.colcon_core.environment[0m [1;30mLevel 1[0m checking '/home/radhae/ws_aic/install/lerobot_robot_aic/lib'
[20.679s] [34mcolcon.colcon_core.environment[0m [1;30mLevel 1[0m checking '/home/radhae/ws_aic/install/lerobot_robot_aic/bin'
[20.679s] [34mcolcon.colcon_core.environment[0m [1;30mLevel 1[0m checking '/home/radhae/ws_aic/install/lerobot_robot_aic/lib/pkgconfig/lerobot_robot_aic.pc'
[20.679s] [34mcolcon.colcon_core.environment[0m [1;30mLevel 1[0m checking '/home/radhae/ws_aic/install/lerobot_robot_aic/lib/python3.12/site-packages'
[20.679s] [34mcolcon.colcon_core.shell[0m [1;30mLevel 1[0m create_environment_hook('lerobot_robot_aic', 'pythonpath')
[20.680s] [34mcolcon.colcon_core.shell[0m [1;30mINFO[0m Creating environment hook '/home/radhae/ws_aic/install/lerobot_robot_aic/share/lerobot_robot_aic/hook/pythonpath.ps1'
[20.680s] [34mcolcon.colcon_core.shell[0m [1;30mINFO[0m Creating environment descriptor '/home/radhae/ws_aic/install/lerobot_robot_aic/share/lerobot_robot_aic/hook/pythonpath.dsv'
[20.680s] [34mcolcon.colcon_core.shell[0m [1;30mINFO[0m Creating environment hook '/home/radhae/ws_aic/install/lerobot_robot_aic/share/lerobot_robot_aic/hook/pythonpath.sh'
[20.681s] [34mcolcon.colcon_core.environment[0m [1;30mLevel 1[0m checking '/home/radhae/ws_aic/install/lerobot_robot_aic/bin'
[20.681s] [34mcolcon.colcon_core.environment[0m [1;30mLevel 1[0m create_environment_scripts_only(lerobot_robot_aic)
[20.681s] [34mcolcon.colcon_core.shell[0m [1;30mINFO[0m Creating package script '/home/radhae/ws_aic/install/lerobot_robot_aic/share/lerobot_robot_aic/package.ps1'
[20.682s] [34mcolcon.colcon_core.shell[0m [1;30mINFO[0m Creating package descriptor '/home/radhae/ws_aic/install/lerobot_robot_aic/share/lerobot_robot_aic/package.dsv'
[20.682s] [34mcolcon.colcon_core.shell[0m [1;30mINFO[0m Creating package script '/home/radhae/ws_aic/install/lerobot_robot_aic/share/lerobot_robot_aic/package.sh'
[20.683s] [34mcolcon.colcon_core.shell[0m [1;30mINFO[0m Creating package script '/home/radhae/ws_aic/install/lerobot_robot_aic/share/lerobot_robot_aic/package.bash'
[20.683s] [34mcolcon.colcon_core.shell[0m [1;30mINFO[0m Creating package script '/home/radhae/ws_aic/install/lerobot_robot_aic/share/lerobot_robot_aic/package.zsh'
[20.683s] [34mcolcon.colcon_core.environment[0m [1;30mLevel 1[0m create_file_with_runtime_dependencies(/home/radhae/ws_aic/install/lerobot_robot_aic/share/colcon-core/packages/lerobot_robot_aic)
[22.793s] [34mcolcon.colcon_core.event_handler.log_command[0m [1;30mDEBUG[0m [32mInvoked command in '/home/radhae/ws_aic/build/aic_scoring' returned '0': AMENT_PREFIX_PATH=/home/radhae/ws_aic/install/aic_control_interfaces:${AMENT_PREFIX_PATH} CMAKE_PREFIX_PATH=/home/radhae/ws_aic/install/aic_control_interfaces:/opt/ros/kilted/opt/sdformat_vendor:/opt/ros/kilted/opt/gz_transport_vendor:/opt/ros/kilted/opt/gz_msgs_vendor:/opt/ros/kilted/opt/gz_math_vendor:/opt/ros/kilted/opt/gz_utils_vendor:/opt/ros/kilted/opt/gz_tools_vendor:/opt/ros/kilted/opt/gz_ogre_next_vendor:/opt/ros/kilted/opt/gz_dartsim_vendor:/opt/ros/kilted/opt/gz_cmake_vendor:/home/radhae/ws_aic/src/aic/install/aic_task_interfaces:/home/radhae/ws_aic/src/aic/install/aic_description:/home/radhae/ws_aic/src/aic/install/aic_engine_interfaces:/home/radhae/ws_aic/src/aic/install/aic_control_interfaces:/home/radhae/ws_aic/src/aic/install/aic_assets:/home/radhae/cognipilot/cranium/install/synapse_ros:/home/radhae/cognipilot/cranium/install/synapse_gz:/home/radhae/cognipilot/cranium/install/synapse_tinyframe:/home/radhae/cognipilot/cranium/install/synapse_protobuf:/home/radhae/cognipilot/cranium/install/corti:/home/radhae/cognipilot/cranium/install/synapse_msgs:/home/radhae/cognipilot/cranium/install/dream_world:/home/radhae/cognipilot/cranium/install/cerebri_bringup:/home/radhae/cognipilot/cranium/install/b3rb_simulator:/home/radhae/cognipilot/cranium/install/b3rb_desktop:/home/radhae/cognipilot/cranium/install/b3rb_rviz:/home/radhae/cognipilot/cranium/install/b3rb_nav2:/home/radhae/cognipilot/cranium/install/b3rb_gz_resource:/home/radhae/cognipilot/cranium/install/b3rb_gz_bringup:/home/radhae/cognipilot/cranium/install/b3rb_description:/opt/ros/kilted:/home/radhae/ws_aic/src/aic/.pixi/envs/default:/home/radhae/cognipilot/cranium/install/b3rb_ros_line_follower:/opt/ros/humble LD_LIBRARY_PATH=/home/radhae/ws_aic/install/aic_control_interfaces/lib:${LD_LIBRARY_PATH} PS1=\[\e]0;\u@\h: \w\a\]${debian_chroot:+($debian_chroot)}\[\033[01;32m\]\u@\h\[\033[00m\]:\[\033[01;34m\]\w\[\033[00m\]\$ PYTHONPATH=/home/radhae/ws_aic/install/aic_control_interfaces/lib/python3.12/site-packages:${PYTHONPATH} /home/radhae/ws_aic/src/aic/.pixi/envs/default/bin/cmake /home/radhae/ws_aic/src/aic/aic_scoring -DCMAKE_INSTALL_PREFIX=/home/radhae/ws_aic/install/aic_scoring[0m
[22.794s] [34mcolcon.colcon_core.event_handler.log_command[0m [1;30mDEBUG[0m [32mInvoking command in '/home/radhae/ws_aic/build/aic_scoring': AMENT_PREFIX_PATH=/home/radhae/ws_aic/install/aic_control_interfaces:${AMENT_PREFIX_PATH} CMAKE_PREFIX_PATH=/home/radhae/ws_aic/install/aic_control_interfaces:/opt/ros/kilted/opt/sdformat_vendor:/opt/ros/kilted/opt/gz_transport_vendor:/opt/ros/kilted/opt/gz_msgs_vendor:/opt/ros/kilted/opt/gz_math_vendor:/opt/ros/kilted/opt/gz_utils_vendor:/opt/ros/kilted/opt/gz_tools_vendor:/opt/ros/kilted/opt/gz_ogre_next_vendor:/opt/ros/kilted/opt/gz_dartsim_vendor:/opt/ros/kilted/opt/gz_cmake_vendor:/home/radhae/ws_aic/src/aic/install/aic_task_interfaces:/home/radhae/ws_aic/src/aic/install/aic_description:/home/radhae/ws_aic/src/aic/install/aic_engine_interfaces:/home/radhae/ws_aic/src/aic/install/aic_control_interfaces:/home/radhae/ws_aic/src/aic/install/aic_assets:/home/radhae/cognipilot/cranium/install/synapse_ros:/home/radhae/cognipilot/cranium/install/synapse_gz:/home/radhae/cognipilot/cranium/install/synapse_tinyframe:/home/radhae/cognipilot/cranium/install/synapse_protobuf:/home/radhae/cognipilot/cranium/install/corti:/home/radhae/cognipilot/cranium/install/synapse_msgs:/home/radhae/cognipilot/cranium/install/dream_world:/home/radhae/cognipilot/cranium/install/cerebri_bringup:/home/radhae/cognipilot/cranium/install/b3rb_simulator:/home/radhae/cognipilot/cranium/install/b3rb_desktop:/home/radhae/cognipilot/cranium/install/b3rb_rviz:/home/radhae/cognipilot/cranium/install/b3rb_nav2:/home/radhae/cognipilot/cranium/install/b3rb_gz_resource:/home/radhae/cognipilot/cranium/install/b3rb_gz_bringup:/home/radhae/cognipilot/cranium/install/b3rb_description:/opt/ros/kilted:/home/radhae/ws_aic/src/aic/.pixi/envs/default:/home/radhae/cognipilot/cranium/install/b3rb_ros_line_follower:/opt/ros/humble LD_LIBRARY_PATH=/home/radhae/ws_aic/install/aic_control_interfaces/lib:${LD_LIBRARY_PATH} PS1=\[\e]0;\u@\h: \w\a\]${debian_chroot:+($debian_chroot)}\[\033[01;32m\]\u@\h\[\033[00m\]:\[\033[01;34m\]\w\[\033[00m\]\$ PYTHONPATH=/home/radhae/ws_aic/install/aic_control_interfaces/lib/python3.12/site-packages:${PYTHONPATH} /home/radhae/ws_aic/src/aic/.pixi/envs/default/bin/cmake --build /home/radhae/ws_aic/build/aic_scoring -- -j12 -l12[0m
[23.720s] [34mcolcon.colcon_core.event_handler.log_command[0m [1;30mDEBUG[0m [32mInvoked command in '/home/radhae/ws_aic/build/aic_controller' returned '1': AMENT_PREFIX_PATH=/home/radhae/ws_aic/install/aic_control_interfaces:${AMENT_PREFIX_PATH} CMAKE_PREFIX_PATH=/home/radhae/ws_aic/install/aic_control_interfaces:/opt/ros/kilted/opt/sdformat_vendor:/opt/ros/kilted/opt/gz_transport_vendor:/opt/ros/kilted/opt/gz_msgs_vendor:/opt/ros/kilted/opt/gz_math_vendor:/opt/ros/kilted/opt/gz_utils_vendor:/opt/ros/kilted/opt/gz_tools_vendor:/opt/ros/kilted/opt/gz_ogre_next_vendor:/opt/ros/kilted/opt/gz_dartsim_vendor:/opt/ros/kilted/opt/gz_cmake_vendor:/home/radhae/ws_aic/src/aic/install/aic_task_interfaces:/home/radhae/ws_aic/src/aic/install/aic_description:/home/radhae/ws_aic/src/aic/install/aic_engine_interfaces:/home/radhae/ws_aic/src/aic/install/aic_control_interfaces:/home/radhae/ws_aic/src/aic/install/aic_assets:/home/radhae/cognipilot/cranium/install/synapse_ros:/home/radhae/cognipilot/cranium/install/synapse_gz:/home/radhae/cognipilot/cranium/install/synapse_tinyframe:/home/radhae/cognipilot/cranium/install/synapse_protobuf:/home/radhae/cognipilot/cranium/install/corti:/home/radhae/cognipilot/cranium/install/synapse_msgs:/home/radhae/cognipilot/cranium/install/dream_world:/home/radhae/cognipilot/cranium/install/cerebri_bringup:/home/radhae/cognipilot/cranium/install/b3rb_simulator:/home/radhae/cognipilot/cranium/install/b3rb_desktop:/home/radhae/cognipilot/cranium/install/b3rb_rviz:/home/radhae/cognipilot/cranium/install/b3rb_nav2:/home/radhae/cognipilot/cranium/install/b3rb_gz_resource:/home/radhae/cognipilot/cranium/install/b3rb_gz_bringup:/home/radhae/cognipilot/cranium/install/b3rb_description:/opt/ros/kilted:/home/radhae/ws_aic/src/aic/.pixi/envs/default:/home/radhae/cognipilot/cranium/install/b3rb_ros_line_follower:/opt/ros/humble LD_LIBRARY_PATH=/home/radhae/ws_aic/install/aic_control_interfaces/lib:${LD_LIBRARY_PATH} PS1=\[\e]0;\u@\h: \w\a\]${debian_chroot:+($debian_chroot)}\[\033[01;32m\]\u@\h\[\033[00m\]:\[\033[01;34m\]\w\[\033[00m\]\$ PYTHONPATH=/home/radhae/ws_aic/install/aic_control_interfaces/lib/python3.12/site-packages:${PYTHONPATH} /home/radhae/ws_aic/src/aic/.pixi/envs/default/bin/cmake /home/radhae/ws_aic/src/aic/aic_controller -DCMAKE_INSTALL_PREFIX=/home/radhae/ws_aic/install/aic_controller[0m
[23.874s] [34mcolcon.colcon_core.environment[0m [1;30mLevel 1[0m create_environment_scripts_only(aic_controller)
[23.875s] [34mcolcon.colcon_core.environment[0m [1;30mLevel 1[0m checking '/home/radhae/ws_aic/install/aic_controller' for CMake module files
[23.875s] [34mcolcon.colcon_core.environment[0m [1;30mLevel 1[0m checking '/home/radhae/ws_aic/install/aic_controller' for CMake config files
[23.875s] [34mcolcon.colcon_core.environment[0m [1;30mLevel 1[0m checking '/home/radhae/ws_aic/install/aic_controller/bin'
[23.875s] [34mcolcon.colcon_core.environment[0m [1;30mLevel 1[0m checking '/home/radhae/ws_aic/install/aic_controller/lib/pkgconfig/aic_controller.pc'
[23.875s] [34mcolcon.colcon_core.environment[0m [1;30mLevel 1[0m checking '/home/radhae/ws_aic/install/aic_controller/lib/python3.12/site-packages'
[23.876s] [34mcolcon.colcon_core.environment[0m [1;30mLevel 1[0m checking '/home/radhae/ws_aic/install/aic_controller/bin'
[23.876s] [34mcolcon.colcon_core.shell[0m [1;30mINFO[0m Creating package script '/home/radhae/ws_aic/install/aic_controller/share/aic_controller/package.ps1'
[23.877s] [34mcolcon.colcon_core.shell[0m [1;30mINFO[0m Creating package descriptor '/home/radhae/ws_aic/install/aic_controller/share/aic_controller/package.dsv'
[23.877s] [34mcolcon.colcon_core.shell[0m [1;30mINFO[0m Creating package script '/home/radhae/ws_aic/install/aic_controller/share/aic_controller/package.sh'
[23.877s] [34mcolcon.colcon_core.shell[0m [1;30mINFO[0m Creating package script '/home/radhae/ws_aic/install/aic_controller/share/aic_controller/package.bash'
[23.877s] [34mcolcon.colcon_core.shell[0m [1;30mINFO[0m Creating package script '/home/radhae/ws_aic/install/aic_controller/share/aic_controller/package.zsh'
[23.878s] [34mcolcon.colcon_core.environment[0m [1;30mLevel 1[0m create_file_with_runtime_dependencies(/home/radhae/ws_aic/install/aic_controller/share/colcon-core/packages/aic_controller)
[69.719s] [34mcolcon.colcon_parallel_executor.executor.parallel[0m [1;30mDEBUG[0m [32mclosing loop[0m
[69.719s] [34mcolcon.colcon_parallel_executor.executor.parallel[0m [1;30mDEBUG[0m [32mloop closed[0m
[69.719s] [34mcolcon.colcon_parallel_executor.executor.parallel[0m [1;30mDEBUG[0m [32mrun_until_complete finished with '1'[0m
[69.719s] [34mcolcon.colcon_core.event_reactor[0m [1;30mDEBUG[0m [32mjoining thread[0m
[69.722s] [34mcolcon.colcon_core.event_reactor[0m [1;30mDEBUG[0m [32mjoined thread[0m
[69.722s] [34mcolcon.colcon_core.shell[0m [1;30mINFO[0m Creating prefix script '/home/radhae/ws_aic/install/local_setup.ps1'
[69.722s] [34mcolcon.colcon_core.shell[0m [1;30mINFO[0m Creating prefix util module '/home/radhae/ws_aic/install/_local_setup_util_ps1.py'
[69.723s] [34mcolcon.colcon_core.shell[0m [1;30mINFO[0m Creating prefix chain script '/home/radhae/ws_aic/install/setup.ps1'
[69.724s] [34mcolcon.colcon_core.shell[0m [1;30mINFO[0m Creating prefix script '/home/radhae/ws_aic/install/local_setup.sh'
[69.725s] [34mcolcon.colcon_core.shell[0m [1;30mINFO[0m Creating prefix util module '/home/radhae/ws_aic/install/_local_setup_util_sh.py'
[69.725s] [34mcolcon.colcon_core.shell[0m [1;30mINFO[0m Creating prefix chain script '/home/radhae/ws_aic/install/setup.sh'
[69.726s] [34mcolcon.colcon_core.shell[0m [1;30mINFO[0m Creating prefix script '/home/radhae/ws_aic/install/local_setup.bash'
[69.726s] [34mcolcon.colcon_core.shell[0m [1;30mINFO[0m Creating prefix chain script '/home/radhae/ws_aic/install/setup.bash'
[69.728s] [34mcolcon.colcon_core.shell[0m [1;30mINFO[0m Creating prefix script '/home/radhae/ws_aic/install/local_setup.zsh'
[69.728s] [34mcolcon.colcon_core.shell[0m [1;30mINFO[0m Creating prefix chain script '/home/radhae/ws_aic/install/setup.zsh'
